field,pressure_id,contract_number,build_id,build_label,samples,wins,win_rate,avg_dps,avg_required_dps,avg_required_dps_gap,avg_damage_gap,avg_blocked_damage,avg_absorbed_damage,avg_crit_negated_damage,avg_dodges,avg_cleanses,avg_interrupts,avg_stun_seconds
mechanic_ids,absorb,30,assassin,Assassin,24,0,0.0,21.547,47108.4398,-47086.8928,-1025842.0833,0.0,376.2917,0.0,0.0,0.0,0.0,0.0
mechanic_ids,absorb,30,shadow,Shadow,24,0,0.0,33.3511,47108.4398,-47075.0887,-1025304.2917,0.0,198.0063,0.0,0.0,0.0,0.0,0.0
mechanic_ids,absorb,30,blade_dancer,Blade Dancer,24,0,0.0,39.0523,47108.4398,-47069.3875,-1025058.6667,0.0,0.0,0.0,0.0,0.0,0.0,0.0
mechanic_ids,absorb,30,thief,Thief,24,0,0.0,39.4963,47108.4398,-47068.9435,-1025050.4167,0.0,0.0,0.0,0.0,0.0,0.0,0.0
mechanic_ids,block,30,thief,Thief,20,0,0.0,9.2274,46757.2128,-46747.9855,-640485.15,422.9518,0.0,181.1345,0.0,0.0,0.0,0.0
mechanic_ids,armor,30,thief,Thief,20,0,0.0,9.2274,46757.2128,-46747.9855,-640485.15,422.9518,0.0,181.1345,0.0,0.0,0.0,0.0
mechanic_ids,crit_negation,30,thief,Thief,20,0,0.0,9.2274,46757.2128,-46747.9855,-640485.15,422.9518,0.0,181.1345,0.0,0.0,0.0,0.0
mechanic_ids,block,30,blade_dancer,Blade Dancer,20,0,0.0,16.0532,46757.2128,-46741.1597,-640188.65,623.6269,0.0,256.2917,0.0,0.0,0.0,0.0
mechanic_ids,armor,30,blade_dancer,Blade Dancer,20,0,0.0,16.0532,46757.2128,-46741.1597,-640188.65,623.6269,0.0,256.2917,0.0,0.0,0.0,0.0
mechanic_ids,crit_negation,30,blade_dancer,Blade Dancer,20,0,0.0,16.0532,46757.2128,-46741.1597,-640188.65,623.6269,0.0,256.2917,0.0,0.0,0.0,0.0
mechanic_ids,block,30,shadow,Shadow,20,0,0.0,17.7373,46757.2128,-46739.4756,-640123.9,362.8623,0.0,157.6094,0.0,0.0,0.0,0.0
mechanic_ids,armor,30,shadow,Shadow,20,0,0.0,17.7373,46757.2128,-46739.4756,-640123.9,362.8623,0.0,157.6094,0.0,0.0,0.0,0.0
mechanic_ids,crit_negation,30,shadow,Shadow,20,0,0.0,17.7373,46757.2128,-46739.4756,-640123.9,362.8623,0.0,157.6094,0.0,0.0,0.0,0.0
mechanic_ids,block,30,assassin,Assassin,20,0,0.0,39.3923,46757.2128,-46717.8206,-639210.05,228.0496,0.0,109.2772,0.0,0.0,0.0,0.0
mechanic_ids,armor,30,assassin,Assassin,20,0,0.0,39.3923,46757.2128,-46717.8206,-639210.05,228.0496,0.0,109.2772,0.0,0.0,0.0,0.0
mechanic_ids,crit_negation,30,assassin,Assassin,20,0,0.0,39.3923,46757.2128,-46717.8206,-639210.05,228.0496,0.0,109.2772,0.0,0.0,0.0,0.0
mechanic_ids,suppress,30,assassin,Assassin,39,0,0.0,22.3846,44835.7278,-44813.3432,-982297.0513,0.0,231.5641,0.0,0.0,2.1795,0.0,0.0
mechanic_ids,poison_resistance,30,assassin,Assassin,39,0,0.0,22.3846,44835.7278,-44813.3432,-982297.0513,0.0,231.5641,0.0,0.0,2.1795,0.0,0.0
mechanic_ids,suppress,30,shadow,Shadow,39,0,0.0,30.5258,44835.7278,-44805.2021,-981928.1026,0.0,121.85,0.0,0.0,2.7949,0.0,0.0
mechanic_ids,poison_resistance,30,shadow,Shadow,39,0,0.0,30.5258,44835.7278,-44805.2021,-981928.1026,0.0,121.85,0.0,0.0,2.7949,0.0,0.0
mechanic_ids,suppress,30,blade_dancer,Blade Dancer,39,0,0.0,32.5157,44835.7278,-44803.2121,-981848.3077,0.0,0.0,0.0,0.0,4.8974,0.0,0.0
mechanic_ids,poison_resistance,30,blade_dancer,Blade Dancer,39,0,0.0,32.5157,44835.7278,-44803.2121,-981848.3077,0.0,0.0,0.0,0.0,4.8974,0.0,0.0
mechanic_ids,suppress,30,thief,Thief,39,0,0.0,36.6366,44835.7278,-44799.0912,-981660.5641,0.0,0.0,0.0,0.0,3.3333,0.0,0.0
mechanic_ids,poison_resistance,30,thief,Thief,39,0,0.0,36.6366,44835.7278,-44799.0912,-981660.5641,0.0,0.0,0.0,0.0,3.3333,0.0,0.0
mechanic_ids,interrupt_skip_count,30,thief,Thief,21,0,0.0,10.3958,42061.1361,-42050.7403,-955211.6667,0.0,0.0,0.0,0.0,2.8095,14.619,0.0
mechanic_ids,stun_duration_ms,30,thief,Thief,21,0,0.0,10.3958,42061.1361,-42050.7403,-955211.6667,0.0,0.0,0.0,0.0,2.8095,14.619,0.0
mechanic_ids,stun_duration_ms,30,blade_dancer,Blade Dancer,21,0,0.0,17.8837,42061.1361,-42043.2525,-954881.8095,0.0,0.0,0.0,0.0,11.0476,0.0,0.0
mechanic_ids,interrupt_skip_count,30,blade_dancer,Blade Dancer,21,0,0.0,17.8837,42061.1361,-42043.2525,-954881.8095,0.0,0.0,0.0,0.0,11.0476,0.0,0.0
mechanic_ids,stun_duration_ms,30,assassin,Assassin,21,0,0.0,21.8735,42061.1361,-42039.2626,-954718.7143,0.0,0.0,0.0,0.0,2.9524,6.2857,0.0
mechanic_ids,interrupt_skip_count,30,assassin,Assassin,21,0,0.0,21.8735,42061.1361,-42039.2626,-954718.7143,0.0,0.0,0.0,0.0,2.9524,6.2857,0.0
mechanic_ids,interrupt_skip_count,30,shadow,Shadow,21,0,0.0,24.0739,42061.1361,-42037.0622,-954609.9048,0.0,0.0,0.0,0.0,6.2381,0.0,0.0
mechanic_ids,stun_duration_ms,30,shadow,Shadow,21,0,0.0,24.0739,42061.1361,-42037.0622,-954609.9048,0.0,0.0,0.0,0.0,6.2381,0.0,0.0
mechanic_ids,cleanse_threshold,30,thief,Thief,36,0,0.0,19.4231,41702.0747,-41682.6516,-937305.4722,0.0,0.0,0.0,0.0,5.25,8.5278,0.0
mechanic_ids,slow,30,thief,Thief,36,0,0.0,19.4231,41702.0747,-41682.6516,-937305.4722,0.0,0.0,0.0,0.0,5.25,8.5278,0.0
mechanic_ids,slow,30,blade_dancer,Blade Dancer,36,0,0.0,19.6226,41702.0747,-41682.4521,-937310.9444,0.0,0.0,0.0,0.0,11.75,0.0,0.0
mechanic_ids,cleanse_threshold,30,blade_dancer,Blade Dancer,36,0,0.0,19.6226,41702.0747,-41682.4521,-937310.9444,0.0,0.0,0.0,0.0,11.75,0.0,0.0
mechanic_ids,cleanse_threshold,30,assassin,Assassin,36,0,0.0,22.6449,41702.0747,-41679.4298,-937179.6667,0.0,0.0,0.0,0.0,4.0833,3.6667,0.0
mechanic_ids,slow,30,assassin,Assassin,36,0,0.0,22.6449,41702.0747,-41679.4298,-937179.6667,0.0,0.0,0.0,0.0,4.0833,3.6667,0.0
mechanic_ids,slow,30,shadow,Shadow,36,0,0.0,24.8786,41702.0747,-41677.1961,-937075.0278,0.0,0.0,0.0,0.0,6.6667,0.0,0.0
mechanic_ids,cleanse_threshold,30,shadow,Shadow,36,0,0.0,24.8786,41702.0747,-41677.1961,-937075.0278,0.0,0.0,0.0,0.0,6.6667,0.0,0.0
mechanic_ids,absorb,29,assassin,Assassin,15,0,0.0,20.8947,40931.2791,-40910.3844,-878225.8667,0.0,376.3936,0.0,0.0,0.0,0.0,0.0
mechanic_ids,absorb,29,shadow,Shadow,15,0,0.0,31.8785,40931.2791,-40899.4006,-877732.5333,0.0,189.6787,0.0,0.0,0.0,0.0,0.0
mechanic_ids,absorb,29,blade_dancer,Blade Dancer,15,0,0.0,38.1196,40931.2791,-40893.1595,-877464.3333,0.0,0.0,0.0,0.0,0.0,0.0,0.0
mechanic_ids,absorb,29,thief,Thief,15,0,0.0,39.8598,40931.2791,-40891.4192,-877394.3333,0.0,0.0,0.0,0.0,0.0,0.0,0.0
mechanic_ids,crit_negation,29,thief,Thief,24,0,0.0,9.4259,40403.2004,-40393.7745,-571971.6667,436.0472,0.0,152.3472,0.0,0.0,0.0,0.0
mechanic_ids,armor,29,thief,Thief,24,0,0.0,9.4259,40403.2004,-40393.7745,-571971.6667,436.0472,0.0,152.3472,0.0,0.0,0.0,0.0
mechanic_ids,block,29,thief,Thief,24,0,0.0,9.4259,40403.2004,-40393.7745,-571971.6667,436.0472,0.0,152.3472,0.0,0.0,0.0,0.0
mechanic_ids,block,29,blade_dancer,Blade Dancer,24,0,0.0,15.8104,40403.2004,-40387.39,-571679.2917,639.3029,0.0,225.5397,0.0,0.0,0.0,0.0
mechanic_ids,armor,29,blade_dancer,Blade Dancer,24,0,0.0,15.8104,40403.2004,-40387.39,-571679.2917,639.3029,0.0,225.5397,0.0,0.0,0.0,0.0
mechanic_ids,crit_negation,29,blade_dancer,Blade Dancer,24,0,0.0,15.8104,40403.2004,-40387.39,-571679.2917,639.3029,0.0,225.5397,0.0,0.0,0.0,0.0
mechanic_ids,block,29,shadow,Shadow,24,0,0.0,17.7818,40403.2004,-40385.4186,-571604.2083,371.7146,0.0,147.1237,0.0,0.0,0.0,0.0
mechanic_ids,armor,29,shadow,Shadow,24,0,0.0,17.7818,40403.2004,-40385.4186,-571604.2083,371.7146,0.0,147.1237,0.0,0.0,0.0,0.0
mechanic_ids,crit_negation,29,shadow,Shadow,24,0,0.0,17.7818,40403.2004,-40385.4186,-571604.2083,371.7146,0.0,147.1237,0.0,0.0,0.0,0.0
mechanic_ids,block,29,assassin,Assassin,24,0,0.0,39.3645,40403.2004,-40363.8359,-570667.5833,232.1442,0.0,109.197,0.0,0.0,0.0,0.0
mechanic_ids,armor,29,assassin,Assassin,24,0,0.0,39.3645,40403.2004,-40363.8359,-570667.5833,232.1442,0.0,109.197,0.0,0.0,0.0,0.0
mechanic_ids,crit_negation,29,assassin,Assassin,24,0,0.0,39.3645,40403.2004,-40363.8359,-570667.5833,232.1442,0.0,109.197,0.0,0.0,0.0,0.0
mechanic_ids,poison_resistance,29,assassin,Assassin,39,0,0.0,21.9215,37734.584,-37712.6626,-779272.641,0.0,144.7668,0.0,0.0,3.4103,0.0,0.0
mechanic_ids,suppress,29,assassin,Assassin,39,0,0.0,21.9215,37734.584,-37712.6626,-779272.641,0.0,144.7668,0.0,0.0,3.4103,0.0,0.0
mechanic_ids,poison_resistance,29,shadow,Shadow,39,0,0.0,28.0449,37734.584,-37706.5391,-779006.7692,0.0,72.9533,0.0,0.0,4.4359,0.0,0.0
mechanic_ids,suppress,29,shadow,Shadow,39,0,0.0,28.0449,37734.584,-37706.5391,-779006.7692,0.0,72.9533,0.0,0.0,4.4359,0.0,0.0
mechanic_ids,suppress,29,blade_dancer,Blade Dancer,39,0,0.0,28.3916,37734.584,-37706.1924,-778987.4615,0.0,0.0,0.0,0.0,7.6154,0.0,0.0
mechanic_ids,poison_resistance,29,blade_dancer,Blade Dancer,39,0,0.0,28.3916,37734.584,-37706.1924,-778987.4615,0.0,0.0,0.0,0.0,7.6154,0.0,0.0
mechanic_ids,suppress,29,thief,Thief,39,0,0.0,35.3705,37734.584,-37699.2136,-778703.0256,0.0,0.0,0.0,0.0,5.0,0.0,0.0
mechanic_ids,poison_resistance,29,thief,Thief,39,0,0.0,35.3705,37734.584,-37699.2136,-778703.0256,0.0,0.0,0.0,0.0,5.0,0.0,0.0
mechanic_ids,interrupt_skip_count,29,thief,Thief,17,0,0.0,10.2155,35792.4127,-35782.1972,-845621.1176,0.0,0.0,0.0,0.0,2.6471,16.2353,0.0
mechanic_ids,stun_duration_ms,29,thief,Thief,17,0,0.0,10.2155,35792.4127,-35782.1972,-845621.1176,0.0,0.0,0.0,0.0,2.6471,16.2353,0.0
mechanic_ids,stun_duration_ms,29,blade_dancer,Blade Dancer,17,0,0.0,18.7359,35792.4127,-35773.6768,-845231.4118,0.0,0.0,0.0,0.0,11.4706,0.0,0.0
mechanic_ids,interrupt_skip_count,29,blade_dancer,Blade Dancer,17,0,0.0,18.7359,35792.4127,-35773.6768,-845231.4118,0.0,0.0,0.0,0.0,11.4706,0.0,0.0
mechanic_ids,interrupt_skip_count,29,assassin,Assassin,17,0,0.0,23.4213,35792.4127,-35768.9914,-845040.7647,0.0,0.0,0.0,0.0,2.8824,7.2353,0.0
mechanic_ids,stun_duration_ms,29,assassin,Assassin,17,0,0.0,23.4213,35792.4127,-35768.9914,-845040.7647,0.0,0.0,0.0,0.0,2.8824,7.2353,0.0
mechanic_ids,interrupt_skip_count,29,shadow,Shadow,17,0,0.0,24.9043,35792.4127,-35767.5084,-844947.9412,0.0,0.0,0.0,0.0,6.4706,0.0,0.0
mechanic_ids,stun_duration_ms,29,shadow,Shadow,17,0,0.0,24.9043,35792.4127,-35767.5084,-844947.9412,0.0,0.0,0.0,0.0,6.4706,0.0,0.0
mechanic_ids,cleanse_threshold,29,blade_dancer,Blade Dancer,41,0,0.0,20.829,35759.7709,-35738.9419,-770426.3415,0.0,0.0,0.0,0.0,12.0,0.0,0.0
mechanic_ids,slow,29,blade_dancer,Blade Dancer,41,0,0.0,20.829,35759.7709,-35738.9419,-770426.3415,0.0,0.0,0.0,0.0,12.0,0.0,0.0
mechanic_ids,slow,29,assassin,Assassin,41,0,0.0,22.919,35759.7709,-35736.8519,-770339.9512,0.0,0.0,0.0,0.0,4.439,3.0,0.0
mechanic_ids,cleanse_threshold,29,assassin,Assassin,41,0,0.0,22.919,35759.7709,-35736.8519,-770339.9512,0.0,0.0,0.0,0.0,4.439,3.0,0.0
mechanic_ids,cleanse_threshold,29,thief,Thief,41,0,0.0,23.2979,35759.7709,-35736.473,-770342.9756,0.0,0.0,0.0,0.0,5.8537,6.7317,0.0
mechanic_ids,slow,29,thief,Thief,41,0,0.0,23.2979,35759.7709,-35736.473,-770342.9756,0.0,0.0,0.0,0.0,5.8537,6.7317,0.0
mechanic_ids,cleanse_threshold,29,shadow,Shadow,41,0,0.0,25.3402,35759.7709,-35734.4307,-770229.0488,0.0,0.0,0.0,0.0,6.9024,0.0,0.0
mechanic_ids,slow,29,shadow,Shadow,41,0,0.0,25.3402,35759.7709,-35734.4307,-770229.0488,0.0,0.0,0.0,0.0,6.9024,0.0,0.0
mechanic_ids,absorb,28,assassin,Assassin,17,0,0.0,21.2512,35315.7243,-35294.4731,-805012.4118,0.0,409.4706,0.0,0.0,0.0,0.0,0.0
mechanic_ids,absorb,28,shadow,Shadow,17,0,0.0,32.9575,35315.7243,-35282.7667,-804456.8235,0.0,209.4606,0.0,0.0,0.0,0.0,0.0
mechanic_ids,absorb,28,blade_dancer,Blade Dancer,17,0,0.0,38.5484,35315.7243,-35277.1759,-804189.8235,0.0,0.0,0.0,0.0,0.0,0.0,0.0
mechanic_ids,absorb,28,thief,Thief,17,0,0.0,39.1837,35315.7243,-35276.5405,-804171.5882,0.0,0.0,0.0,0.0,0.0,0.0,0.0
mechanic_ids,block,28,thief,Thief,22,0,0.0,9.366,35064.5194,-35055.1534,-471287.6818,404.139,0.0,163.0931,0.0,0.0,0.0,0.0
mechanic_ids,armor,28,thief,Thief,22,0,0.0,9.366,35064.5194,-35055.1534,-471287.6818,404.139,0.0,163.0931,0.0,0.0,0.0,0.0
mechanic_ids,crit_negation,28,thief,Thief,22,0,0.0,9.366,35064.5194,-35055.1534,-471287.6818,404.139,0.0,163.0931,0.0,0.0,0.0,0.0
mechanic_ids,block,28,blade_dancer,Blade Dancer,22,0,0.0,15.8997,35064.5194,-35048.6197,-471007.8182,589.7386,0.0,236.718,0.0,0.0,0.0,0.0
mechanic_ids,armor,28,blade_dancer,Blade Dancer,22,0,0.0,15.8997,35064.5194,-35048.6197,-471007.8182,589.7386,0.0,236.718,0.0,0.0,0.0,0.0
mechanic_ids,crit_negation,28,blade_dancer,Blade Dancer,22,0,0.0,15.8997,35064.5194,-35048.6197,-471007.8182,589.7386,0.0,236.718,0.0,0.0,0.0,0.0
mechanic_ids,crit_negation,28,shadow,Shadow,22,0,0.0,17.7821,35064.5194,-35046.7373,-470940.5909,341.7172,0.0,200.9886,0.0,0.0,0.0,0.0
mechanic_ids,armor,28,shadow,Shadow,22,0,0.0,17.7821,35064.5194,-35046.7373,-470940.5909,341.7172,0.0,200.9886,0.0,0.0,0.0,0.0
mechanic_ids,block,28,shadow,Shadow,22,0,0.0,17.7821,35064.5194,-35046.7373,-470940.5909,341.7172,0.0,200.9886,0.0,0.0,0.0,0.0
mechanic_ids,block,28,assassin,Assassin,22,0,0.0,39.4107,35064.5194,-35025.1087,-470048.7727,215.6228,0.0,126.1939,0.0,0.0,0.0,0.0
mechanic_ids,crit_negation,28,assassin,Assassin,22,0,0.0,39.4107,35064.5194,-35025.1087,-470048.7727,215.6228,0.0,126.1939,0.0,0.0,0.0,0.0
mechanic_ids,armor,28,assassin,Assassin,22,0,0.0,39.4107,35064.5194,-35025.1087,-470048.7727,215.6228,0.0,126.1939,0.0,0.0,0.0,0.0
mechanic_ids,suppress,28,assassin,Assassin,37,0,0.0,21.8694,32391.4308,-32369.5614,-724763.0811,0.0,188.1351,0.0,0.0,3.2432,0.0,0.0
mechanic_ids,poison_resistance,28,assassin,Assassin,37,0,0.0,21.8694,32391.4308,-32369.5614,-724763.0811,0.0,188.1351,0.0,0.0,3.2432,0.0,0.0
mechanic_ids,poison_resistance,28,shadow,Shadow,37,0,0.0,29.163,32391.4308,-32362.2678,-724424.8919,0.0,96.2386,0.0,0.0,4.1351,0.0,0.0
mechanic_ids,suppress,28,shadow,Shadow,37,0,0.0,29.163,32391.4308,-32362.2678,-724424.8919,0.0,96.2386,0.0,0.0,4.1351,0.0,0.0
mechanic_ids,suppress,28,blade_dancer,Blade Dancer,37,0,0.0,29.7619,32391.4308,-32361.6689,-724392.4595,0.0,0.0,0.0,0.0,7.1351,0.0,0.0
mechanic_ids,poison_resistance,28,blade_dancer,Blade Dancer,37,0,0.0,29.7619,32391.4308,-32361.6689,-724392.4595,0.0,0.0,0.0,0.0,7.1351,0.0,0.0
mechanic_ids,suppress,28,thief,Thief,37,0,0.0,35.6779,32391.4308,-32355.753,-724128.8378,0.0,0.0,0.0,0.0,4.7297,0.0,0.0
mechanic_ids,poison_resistance,28,thief,Thief,37,0,0.0,35.6779,32391.4308,-32355.753,-724128.8378,0.0,0.0,0.0,0.0,4.7297,0.0,0.0
mechanic_ids,interrupt_skip_count,28,thief,Thief,21,0,0.0,10.3182,31695.7844,-31685.4662,-729315.5238,0.0,0.0,0.0,0.0,2.4762,15.381,0.0
mechanic_ids,stun_duration_ms,28,thief,Thief,21,0,0.0,10.3182,31695.7844,-31685.4662,-729315.5238,0.0,0.0,0.0,0.0,2.4762,15.381,0.0
mechanic_ids,stun_duration_ms,28,blade_dancer,Blade Dancer,21,0,0.0,18.8396,31695.7844,-31676.9447,-728931.381,0.0,0.0,0.0,0.0,10.0476,0.0,0.0
mechanic_ids,interrupt_skip_count,28,blade_dancer,Blade Dancer,21,0,0.0,18.8396,31695.7844,-31676.9447,-728931.381,0.0,0.0,0.0,0.0,10.0476,0.0,0.0
mechanic_ids,stun_duration_ms,28,assassin,Assassin,21,0,0.0,22.5766,31695.7844,-31673.2078,-728771.7143,0.0,0.0,0.0,0.0,2.619,6.9048,0.0
mechanic_ids,interrupt_skip_count,28,assassin,Assassin,21,0,0.0,22.5766,31695.7844,-31673.2078,-728771.7143,0.0,0.0,0.0,0.0,2.619,6.9048,0.0
mechanic_ids,interrupt_skip_count,28,shadow,Shadow,21,0,0.0,25.2831,31695.7844,-31670.5012,-728638.5238,0.0,0.0,0.0,0.0,5.7619,0.0,0.0
mechanic_ids,stun_duration_ms,28,shadow,Shadow,21,0,0.0,25.2831,31695.7844,-31670.5012,-728638.5238,0.0,0.0,0.0,0.0,5.7619,0.0,0.0
mechanic_ids,absorb,27,assassin,Assassin,15,0,0.0,21.6108,31277.3642,-31255.7534,-611064.4667,0.0,345.2667,0.0,0.0,0.0,0.0,0.0
mechanic_ids,absorb,27,shadow,Shadow,15,0,0.0,32.127,31277.3642,-31245.2372,-610632.8,0.0,180.908,0.0,0.0,0.0,0.0,0.0
mechanic_ids,absorb,27,blade_dancer,Blade Dancer,15,0,0.0,39.0766,31277.3642,-31238.2876,-610372.9333,0.0,0.0,0.0,0.0,0.0,0.0,0.0
mechanic_ids,absorb,27,thief,Thief,15,0,0.0,39.691,31277.3642,-31237.6731,-610350.8667,0.0,0.0,0.0,0.0,0.0,0.0,0.0
mechanic_ids,slow,28,blade_dancer,Blade Dancer,41,0,0.0,20.5244,30822.6122,-30802.0878,-693630.561,0.0,0.0,0.0,0.0,11.5854,0.0,0.0
mechanic_ids,cleanse_threshold,28,blade_dancer,Blade Dancer,41,0,0.0,20.5244,30822.6122,-30802.0878,-693630.561,0.0,0.0,0.0,0.0,11.5854,0.0,0.0
mechanic_ids,cleanse_threshold,28,thief,Thief,41,0,0.0,21.2351,30822.6122,-30801.3771,-693596.9756,0.0,0.0,0.0,0.0,5.5366,7.878,0.0
mechanic_ids,slow,28,thief,Thief,41,0,0.0,21.2351,30822.6122,-30801.3771,-693596.9756,0.0,0.0,0.0,0.0,5.5366,7.878,0.0
mechanic_ids,slow,28,assassin,Assassin,41,0,0.0,22.488,30822.6122,-30800.1242,-693542.1707,0.0,0.0,0.0,0.0,4.2683,3.5366,0.0
mechanic_ids,cleanse_threshold,28,assassin,Assassin,41,0,0.0,22.488,30822.6122,-30800.1242,-693542.1707,0.0,0.0,0.0,0.0,4.2683,3.5366,0.0
mechanic_ids,cleanse_threshold,28,shadow,Shadow,41,0,0.0,25.6024,30822.6122,-30797.0098,-693399.122,0.0,0.0,0.0,0.0,6.6829,0.0,0.0
mechanic_ids,slow,28,shadow,Shadow,41,0,0.0,25.6024,30822.6122,-30797.0098,-693399.122,0.0,0.0,0.0,0.0,6.6829,0.0,0.0
mechanic_ids,block,27,thief,Thief,26,0,0.0,9.1753,30100.8904,-30091.7152,-444734.8077,461.116,0.0,184.8803,0.0,0.0,0.0,0.0
mechanic_ids,armor,27,thief,Thief,26,0,0.0,9.1753,30100.8904,-30091.7152,-444734.8077,461.116,0.0,184.8803,0.0,0.0,0.0,0.0
mechanic_ids,crit_negation,27,thief,Thief,26,0,0.0,9.1753,30100.8904,-30091.7152,-444734.8077,461.116,0.0,184.8803,0.0,0.0,0.0,0.0
mechanic_ids,block,27,blade_dancer,Blade Dancer,26,0,0.0,15.6865,30100.8904,-30085.2039,-444427.5769,679.0842,0.0,289.7304,0.0,0.0,0.0,0.0
mechanic_ids,armor,27,blade_dancer,Blade Dancer,26,0,0.0,15.6865,30100.8904,-30085.2039,-444427.5769,679.0842,0.0,289.7304,0.0,0.0,0.0,0.0
mechanic_ids,crit_negation,27,blade_dancer,Blade Dancer,26,0,0.0,15.6865,30100.8904,-30085.2039,-444427.5769,679.0842,0.0,289.7304,0.0,0.0,0.0,0.0
mechanic_ids,block,27,shadow,Shadow,26,0,0.0,17.6313,30100.8904,-30083.2591,-444344.8846,391.9382,0.0,187.6388,0.0,0.0,0.0,0.0
mechanic_ids,armor,27,shadow,Shadow,26,0,0.0,17.6313,30100.8904,-30083.2591,-444344.8846,391.9382,0.0,187.6388,0.0,0.0,0.0,0.0
mechanic_ids,crit_negation,27,shadow,Shadow,26,0,0.0,17.6313,30100.8904,-30083.2591,-444344.8846,391.9382,0.0,187.6388,0.0,0.0,0.0,0.0
mechanic_ids,block,27,assassin,Assassin,26,0,0.0,39.2573,30100.8904,-30061.6331,-443361.3846,246.3089,0.0,108.3966,0.0,0.0,0.0,0.0
mechanic_ids,armor,27,assassin,Assassin,26,0,0.0,39.2573,30100.8904,-30061.6331,-443361.3846,246.3089,0.0,108.3966,0.0,0.0,0.0,0.0
mechanic_ids,crit_negation,27,assassin,Assassin,26,0,0.0,39.2573,30100.8904,-30061.6331,-443361.3846,246.3089,0.0,108.3966,0.0,0.0,0.0,0.0
mechanic_ids,poison_resistance,27,assassin,Assassin,36,0,0.0,21.9248,28101.4082,-28079.4834,-556762.7222,0.0,143.8611,0.0,0.0,3.25,0.0,0.0
mechanic_ids,suppress,27,assassin,Assassin,36,0,0.0,21.9248,28101.4082,-28079.4834,-556762.7222,0.0,143.8611,0.0,0.0,3.25,0.0,0.0
mechanic_ids,suppress,27,shadow,Shadow,36,0,0.0,28.4089,28101.4082,-28072.9994,-556489.4167,0.0,75.3783,0.0,0.0,4.1389,0.0,0.0
mechanic_ids,poison_resistance,27,shadow,Shadow,36,0,0.0,28.4089,28101.4082,-28072.9994,-556489.4167,0.0,75.3783,0.0,0.0,4.1389,0.0,0.0
mechanic_ids,suppress,27,blade_dancer,Blade Dancer,36,0,0.0,29.1642,28101.4082,-28072.244,-556471.8889,0.0,0.0,0.0,0.0,7.2222,0.0,0.0
mechanic_ids,poison_resistance,27,blade_dancer,Blade Dancer,36,0,0.0,29.1642,28101.4082,-28072.244,-556471.8889,0.0,0.0,0.0,0.0,7.2222,0.0,0.0
mechanic_ids,poison_resistance,27,thief,Thief,36,0,0.0,35.2672,28101.4082,-28066.141,-556215.0278,0.0,0.0,0.0,0.0,4.8611,0.0,0.0
mechanic_ids,suppress,27,thief,Thief,36,0,0.0,35.2672,28101.4082,-28066.141,-556215.0278,0.0,0.0,0.0,0.0,4.8611,0.0,0.0
mechanic_ids,stun_duration_ms,27,thief,Thief,18,0,0.0,10.1425,26695.1338,-26684.9913,-590932.0,0.0,0.0,0.0,0.0,2.2778,15.3889,0.0
mechanic_ids,interrupt_skip_count,27,thief,Thief,18,0,0.0,10.1425,26695.1338,-26684.9913,-590932.0,0.0,0.0,0.0,0.0,2.2778,15.3889,0.0
mechanic_ids,stun_duration_ms,27,blade_dancer,Blade Dancer,18,0,0.0,19.0739,26695.1338,-26676.0599,-590530.1111,0.0,0.0,0.0,0.0,10.2778,0.0,0.0
mechanic_ids,interrupt_skip_count,27,blade_dancer,Blade Dancer,18,0,0.0,19.0739,26695.1338,-26676.0599,-590530.1111,0.0,0.0,0.0,0.0,10.2778,0.0,0.0
mechanic_ids,stun_duration_ms,27,assassin,Assassin,18,0,0.0,22.2948,26695.1338,-26672.839,-590389.4444,0.0,0.0,0.0,0.0,2.5,7.2222,0.0
mechanic_ids,interrupt_skip_count,27,assassin,Assassin,18,0,0.0,22.2948,26695.1338,-26672.839,-590389.4444,0.0,0.0,0.0,0.0,2.5,7.2222,0.0
mechanic_ids,interrupt_skip_count,27,shadow,Shadow,18,0,0.0,24.5892,26695.1338,-26670.5445,-590287.9444,0.0,0.0,0.0,0.0,5.6667,0.0,0.0
mechanic_ids,stun_duration_ms,27,shadow,Shadow,18,0,0.0,24.5892,26695.1338,-26670.5445,-590287.9444,0.0,0.0,0.0,0.0,5.6667,0.0,0.0
mechanic_ids,cleanse_threshold,27,blade_dancer,Blade Dancer,39,0,0.0,20.6947,26230.837,-26210.1423,-551459.8974,0.0,0.0,0.0,0.0,11.4103,0.0,0.0
mechanic_ids,slow,27,blade_dancer,Blade Dancer,39,0,0.0,20.6947,26230.837,-26210.1423,-551459.8974,0.0,0.0,0.0,0.0,11.4103,0.0,0.0
mechanic_ids,slow,27,thief,Thief,39,0,0.0,21.9697,26230.837,-26208.8673,-551416.7692,0.0,0.0,0.0,0.0,5.5385,7.1026,0.0
mechanic_ids,cleanse_threshold,27,thief,Thief,39,0,0.0,21.9697,26230.837,-26208.8673,-551416.7692,0.0,0.0,0.0,0.0,5.5385,7.1026,0.0
mechanic_ids,slow,27,assassin,Assassin,39,0,0.0,22.2164,26230.837,-26208.6206,-551397.4615,0.0,0.0,0.0,0.0,4.1538,3.3333,0.0
mechanic_ids,cleanse_threshold,27,assassin,Assassin,39,0,0.0,22.2164,26230.837,-26208.6206,-551397.4615,0.0,0.0,0.0,0.0,4.1538,3.3333,0.0
mechanic_ids,cleanse_threshold,27,shadow,Shadow,39,0,0.0,25.2159,26230.837,-26205.621,-551264.359,0.0,0.0,0.0,0.0,6.4359,0.0,0.0
mechanic_ids,slow,27,shadow,Shadow,39,0,0.0,25.2159,26230.837,-26205.621,-551264.359,0.0,0.0,0.0,0.0,6.4359,0.0,0.0
mechanic_ids,crit_negation,26,thief,Thief,21,0,0.0,8.3249,25533.5539,-25525.229,-341362.381,454.8356,0.0,155.2273,0.0,0.0,0.0,0.0
mechanic_ids,armor,26,thief,Thief,21,0,0.0,8.3249,25533.5539,-25525.229,-341362.381,454.8356,0.0,155.2273,0.0,0.0,0.0,0.0
mechanic_ids,block,26,thief,Thief,21,0,0.0,8.3249,25533.5539,-25525.229,-341362.381,454.8356,0.0,155.2273,0.0,0.0,0.0,0.0
mechanic_ids,block,26,blade_dancer,Blade Dancer,21,0,0.0,14.6486,25533.5539,-25518.9053,-341089.1905,679.8537,0.0,223.7217,0.0,0.0,0.0,0.0
mechanic_ids,armor,26,blade_dancer,Blade Dancer,21,0,0.0,14.6486,25533.5539,-25518.9053,-341089.1905,679.8537,0.0,223.7217,0.0,0.0,0.0,0.0
mechanic_ids,crit_negation,26,blade_dancer,Blade Dancer,21,0,0.0,14.6486,25533.5539,-25518.9053,-341089.1905,679.8537,0.0,223.7217,0.0,0.0,0.0,0.0
mechanic_ids,crit_negation,26,shadow,Shadow,21,0,0.0,16.963,25533.5539,-25516.5909,-340997.9048,388.5379,0.0,155.0437,0.0,0.0,0.0,0.0
mechanic_ids,armor,26,shadow,Shadow,21,0,0.0,16.963,25533.5539,-25516.5909,-340997.9048,388.5379,0.0,155.0437,0.0,0.0,0.0,0.0
mechanic_ids,block,26,shadow,Shadow,21,0,0.0,16.963,25533.5539,-25516.5909,-340997.9048,388.5379,0.0,155.0437,0.0,0.0,0.0,0.0
mechanic_ids,block,26,assassin,Assassin,21,0,0.0,38.9124,25533.5539,-25494.6415,-340085.8571,243.4142,0.0,88.6652,0.0,0.0,0.0,0.0
mechanic_ids,armor,26,assassin,Assassin,21,0,0.0,38.9124,25533.5539,-25494.6415,-340085.8571,243.4142,0.0,88.6652,0.0,0.0,0.0,0.0
mechanic_ids,crit_negation,26,assassin,Assassin,21,0,0.0,38.9124,25533.5539,-25494.6415,-340085.8571,243.4142,0.0,88.6652,0.0,0.0,0.0,0.0
mechanic_ids,absorb,26,assassin,Assassin,19,0,0.0,21.9608,25120.8555,-25098.8947,-581937.8947,0.0,388.3179,0.0,0.0,0.0,0.0,0.0
mechanic_ids,absorb,26,shadow,Shadow,19,0,0.0,33.2462,25120.8555,-25087.6094,-581385.4737,0.0,202.4716,0.0,0.0,0.0,0.0,0.0
mechanic_ids,absorb,26,blade_dancer,Blade Dancer,19,0,0.0,39.4515,25120.8555,-25081.404,-581091.7368,0.0,0.0,0.0,0.0,0.0,0.0,0.0
mechanic_ids,absorb,26,thief,Thief,19,0,0.0,40.0305,25120.8555,-25080.825,-581084.1053,0.0,0.0,0.0,0.0,0.0,0.0,0.0
mechanic_ids,suppress,26,assassin,Assassin,32,0,0.0,21.3697,23797.1789,-23775.8092,-528960.4063,0.0,230.5638,0.0,0.0,2.4063,0.0,0.0
mechanic_ids,poison_resistance,26,assassin,Assassin,32,0,0.0,21.3697,23797.1789,-23775.8092,-528960.4063,0.0,230.5638,0.0,0.0,2.4063,0.0,0.0
mechanic_ids,poison_resistance,26,shadow,Shadow,32,0,0.0,30.1594,23797.1789,-23767.0195,-528539.4688,0.0,120.2175,0.0,0.0,3.0938,0.0,0.0
mechanic_ids,suppress,26,shadow,Shadow,32,0,0.0,30.1594,23797.1789,-23767.0195,-528539.4688,0.0,120.2175,0.0,0.0,3.0938,0.0,0.0
mechanic_ids,suppress,26,blade_dancer,Blade Dancer,32,0,0.0,32.7659,23797.1789,-23764.4131,-528412.625,0.0,0.0,0.0,0.0,5.4063,0.0,0.0
mechanic_ids,poison_resistance,26,blade_dancer,Blade Dancer,32,0,0.0,32.7659,23797.1789,-23764.4131,-528412.625,0.0,0.0,0.0,0.0,5.4063,0.0,0.0
mechanic_ids,poison_resistance,26,thief,Thief,32,0,0.0,36.9061,23797.1789,-23760.2729,-528240.875,0.0,0.0,0.0,0.0,3.625,0.0,0.0
mechanic_ids,suppress,26,thief,Thief,32,0,0.0,36.9061,23797.1789,-23760.2729,-528240.875,0.0,0.0,0.0,0.0,3.625,0.0,0.0
mechanic_ids,cleanse_threshold,26,thief,Thief,40,0,0.0,17.3448,21738.3909,-21721.0461,-477131.225,0.0,0.0,0.0,0.0,4.425,10.675,0.0
mechanic_ids,slow,26,thief,Thief,40,0,0.0,17.3448,21738.3909,-21721.0461,-477131.225,0.0,0.0,0.0,0.0,4.425,10.675,0.0
mechanic_ids,cleanse_threshold,26,blade_dancer,Blade Dancer,40,0,0.0,20.031,21738.3909,-21718.3599,-477007.2,0.0,0.0,0.0,0.0,11.2,0.0,0.0
mechanic_ids,slow,26,blade_dancer,Blade Dancer,40,0,0.0,20.031,21738.3909,-21718.3599,-477007.2,0.0,0.0,0.0,0.0,11.2,0.0,0.0
mechanic_ids,cleanse_threshold,26,assassin,Assassin,40,0,0.0,21.746,21738.3909,-21716.6449,-476940.125,0.0,0.0,0.0,0.0,3.65,4.925,0.0
mechanic_ids,slow,26,assassin,Assassin,40,0,0.0,21.746,21738.3909,-21716.6449,-476940.125,0.0,0.0,0.0,0.0,3.65,4.925,0.0
mechanic_ids,slow,26,shadow,Shadow,40,0,0.0,25.5403,21738.3909,-21712.8507,-476765.0,0.0,0.0,0.0,0.0,6.4,0.0,0.0
mechanic_ids,cleanse_threshold,26,shadow,Shadow,40,0,0.0,25.5403,21738.3909,-21712.8507,-476765.0,0.0,0.0,0.0,0.0,6.4,0.0,0.0
mechanic_ids,stun_duration_ms,26,thief,Thief,27,0,0.0,10.1251,21678.5988,-21668.4737,-489708.8519,0.0,0.0,0.0,0.0,2.2593,15.8148,0.0
mechanic_ids,interrupt_skip_count,26,thief,Thief,27,0,0.0,10.1251,21678.5988,-21668.4737,-489708.8519,0.0,0.0,0.0,0.0,2.2593,15.8148,0.0
mechanic_ids,stun_duration_ms,26,blade_dancer,Blade Dancer,27,0,0.0,18.6041,21678.5988,-21659.9946,-489326.9259,0.0,0.0,0.0,0.0,10.1852,0.0,0.0
mechanic_ids,interrupt_skip_count,26,blade_dancer,Blade Dancer,27,0,0.0,18.6041,21678.5988,-21659.9946,-489326.9259,0.0,0.0,0.0,0.0,10.1852,0.0,0.0
mechanic_ids,stun_duration_ms,26,assassin,Assassin,27,0,0.0,22.3431,21678.5988,-21656.2556,-489173.7778,0.0,0.0,0.0,0.0,2.5556,7.2963,0.0
mechanic_ids,interrupt_skip_count,26,assassin,Assassin,27,0,0.0,22.3431,21678.5988,-21656.2556,-489173.7778,0.0,0.0,0.0,0.0,2.5556,7.2963,0.0
mechanic_ids,interrupt_skip_count,26,shadow,Shadow,27,0,0.0,25.4884,21678.5988,-21653.1104,-489024.4815,0.0,0.0,0.0,0.0,5.8148,0.0,0.0
mechanic_ids,stun_duration_ms,26,shadow,Shadow,27,0,0.0,25.4884,21678.5988,-21653.1104,-489024.4815,0.0,0.0,0.0,0.0,5.8148,0.0,0.0
mechanic_ids,crit_negation,25,thief,Thief,19,0,0.0,9.5334,20948.0431,-20938.5097,-322366.2632,474.9625,0.0,179.5033,0.0,0.0,0.0,0.0
mechanic_ids,armor,25,thief,Thief,19,0,0.0,9.5334,20948.0431,-20938.5097,-322366.2632,474.9625,0.0,179.5033,0.0,0.0,0.0,0.0
mechanic_ids,block,25,thief,Thief,19,0,0.0,9.5334,20948.0431,-20938.5097,-322366.2632,474.9625,0.0,179.5033,0.0,0.0,0.0,0.0
mechanic_ids,block,25,blade_dancer,Blade Dancer,19,0,0.0,16.5837,20948.0431,-20931.4593,-322021.9474,696.6868,0.0,233.6854,0.0,0.0,0.0,0.0
mechanic_ids,armor,25,blade_dancer,Blade Dancer,19,0,0.0,16.5837,20948.0431,-20931.4593,-322021.9474,696.6868,0.0,233.6854,0.0,0.0,0.0,0.0
mechanic_ids,crit_negation,25,blade_dancer,Blade Dancer,19,0,0.0,16.5837,20948.0431,-20931.4593,-322021.9474,696.6868,0.0,233.6854,0.0,0.0,0.0,0.0
mechanic_ids,block,25,shadow,Shadow,19,0,0.0,18.0267,20948.0431,-20930.0163,-321960.3158,406.0048,0.0,173.0835,0.0,0.0,0.0,0.0
mechanic_ids,armor,25,shadow,Shadow,19,0,0.0,18.0267,20948.0431,-20930.0163,-321960.3158,406.0048,0.0,173.0835,0.0,0.0,0.0,0.0
mechanic_ids,crit_negation,25,shadow,Shadow,19,0,0.0,18.0267,20948.0431,-20930.0163,-321960.3158,406.0048,0.0,173.0835,0.0,0.0,0.0,0.0
mechanic_ids,crit_negation,25,assassin,Assassin,19,0,0.0,39.4335,20948.0431,-20908.6095,-320957.0526,254.721,0.0,99.8605,0.0,0.0,0.0,0.0
mechanic_ids,armor,25,assassin,Assassin,19,0,0.0,39.4335,20948.0431,-20908.6095,-320957.0526,254.721,0.0,99.8605,0.0,0.0,0.0,0.0
mechanic_ids,block,25,assassin,Assassin,19,0,0.0,39.4335,20948.0431,-20908.6095,-320957.0526,254.721,0.0,99.8605,0.0,0.0,0.0,0.0
mechanic_ids,absorb,25,assassin,Assassin,19,0,0.0,22.2561,20452.8488,-20430.5927,-468228.1579,0.0,387.0469,0.0,0.0,0.0,0.0,0.0
mechanic_ids,absorb,25,shadow,Shadow,19,0,0.0,33.7191,20452.8488,-20419.1297,-467701.2632,0.0,218.1332,0.0,0.0,0.0,0.0,0.0
mechanic_ids,absorb,25,blade_dancer,Blade Dancer,19,0,0.0,39.3461,20452.8488,-20413.5027,-467458.3158,0.0,0.0,0.0,0.0,0.0,0.0,0.0
mechanic_ids,absorb,25,thief,Thief,19,0,0.0,39.3886,20452.8488,-20413.4601,-467449.8947,0.0,0.0,0.0,0.0,0.0,0.0,0.0
mechanic_ids,poison_resistance,25,assassin,Assassin,38,0,0.0,22.5943,19117.3627,-19094.7684,-424320.8158,0.0,193.5235,0.0,0.0,2.8421,0.0,0.0
mechanic_ids,suppress,25,assassin,Assassin,38,0,0.0,22.5943,19117.3627,-19094.7684,-424320.8158,0.0,193.5235,0.0,0.0,2.8421,0.0,0.0
mechanic_ids,suppress,25,shadow,Shadow,38,0,0.0,29.6156,19117.3627,-19087.7471,-423998.4211,0.0,109.0666,0.0,0.0,3.7105,0.0,0.0
mechanic_ids,poison_resistance,25,shadow,Shadow,38,0,0.0,29.6156,19117.3627,-19087.7471,-423998.4211,0.0,109.0666,0.0,0.0,3.7105,0.0,0.0
mechanic_ids,poison_resistance,25,blade_dancer,Blade Dancer,38,0,0.0,30.8406,19117.3627,-19086.5221,-423955.8158,0.0,0.0,0.0,0.0,6.5526,0.0,0.0
mechanic_ids,suppress,25,blade_dancer,Blade Dancer,38,0,0.0,30.8406,19117.3627,-19086.5221,-423955.8158,0.0,0.0,0.0,0.0,6.5526,0.0,0.0
mechanic_ids,suppress,25,thief,Thief,38,0,0.0,35.6632,19117.3627,-19081.6995,-423730.2632,0.0,0.0,0.0,0.0,4.2895,0.0,0.0
mechanic_ids,poison_resistance,25,thief,Thief,38,0,0.0,35.6632,19117.3627,-19081.6995,-423730.2632,0.0,0.0,0.0,0.0,4.2895,0.0,0.0
mechanic_ids,stun_duration_ms,25,thief,Thief,23,0,0.0,10.8381,18047.4688,-18036.6307,-378195.6087,0.0,0.0,0.0,0.0,2.3043,13.8696,0.0
mechanic_ids,interrupt_skip_count,25,thief,Thief,23,0,0.0,10.8381,18047.4688,-18036.6307,-378195.6087,0.0,0.0,0.0,0.0,2.3043,13.8696,0.0
mechanic_ids,interrupt_skip_count,25,blade_dancer,Blade Dancer,23,0,0.0,18.3701,18047.4688,-18029.0987,-377889.087,0.0,0.0,0.0,0.0,9.3913,0.0,0.0
mechanic_ids,stun_duration_ms,25,blade_dancer,Blade Dancer,23,0,0.0,18.3701,18047.4688,-18029.0987,-377889.087,0.0,0.0,0.0,0.0,9.3913,0.0,0.0
mechanic_ids,interrupt_skip_count,25,assassin,Assassin,23,0,0.0,22.3346,18047.4688,-18025.1341,-377736.5217,0.0,0.0,0.0,0.0,2.4783,6.2609,0.0
mechanic_ids,stun_duration_ms,25,assassin,Assassin,23,0,0.0,22.3346,18047.4688,-18025.1341,-377736.5217,0.0,0.0,0.0,0.0,2.4783,6.2609,0.0
mechanic_ids,interrupt_skip_count,25,shadow,Shadow,23,0,0.0,25.0866,18047.4688,-18022.3822,-377614.1304,0.0,0.0,0.0,0.0,5.1739,0.0,0.0
mechanic_ids,stun_duration_ms,25,shadow,Shadow,23,0,0.0,25.0866,18047.4688,-18022.3822,-377614.1304,0.0,0.0,0.0,0.0,5.1739,0.0,0.0
mechanic_ids,cleanse_threshold,25,blade_dancer,Blade Dancer,42,0,0.0,20.1638,17927.32,-17907.1562,-379049.0952,0.0,0.0,0.0,0.0,11.0714,0.0,0.0
mechanic_ids,slow,25,blade_dancer,Blade Dancer,42,0,0.0,20.1638,17927.32,-17907.1562,-379049.0952,0.0,0.0,0.0,0.0,11.0714,0.0,0.0
mechanic_ids,cleanse_threshold,25,thief,Thief,42,0,0.0,20.3832,17927.32,-17906.9368,-379016.6905,0.0,0.0,0.0,0.0,5.1429,7.5952,0.0
mechanic_ids,slow,25,thief,Thief,42,0,0.0,20.3832,17927.32,-17906.9368,-379016.6905,0.0,0.0,0.0,0.0,5.1429,7.5952,0.0
mechanic_ids,slow,25,assassin,Assassin,42,0,0.0,22.6051,17927.32,-17904.7148,-378947.5238,0.0,0.0,0.0,0.0,3.9286,3.4286,0.0
mechanic_ids,cleanse_threshold,25,assassin,Assassin,42,0,0.0,22.6051,17927.32,-17904.7148,-378947.5238,0.0,0.0,0.0,0.0,3.9286,3.4286,0.0
mechanic_ids,cleanse_threshold,25,shadow,Shadow,42,0,0.0,25.2791,17927.32,-17902.0409,-378827.1667,0.0,0.0,0.0,0.0,6.1905,0.0,0.0
mechanic_ids,slow,25,shadow,Shadow,42,0,0.0,25.2791,17927.32,-17902.0409,-378827.1667,0.0,0.0,0.0,0.0,6.1905,0.0,0.0
mechanic_ids,crit_negation,24,thief,Thief,23,0,0.0,9.4791,17906.0973,-17896.6182,-235760.2174,391.3829,0.0,169.02,0.0,0.0,0.0,0.0
mechanic_ids,armor,24,thief,Thief,23,0,0.0,9.4791,17906.0973,-17896.6182,-235760.2174,391.3829,0.0,169.02,0.0,0.0,0.0,0.0
mechanic_ids,block,24,thief,Thief,23,0,0.0,9.4791,17906.0973,-17896.6182,-235760.2174,391.3829,0.0,169.02,0.0,0.0,0.0,0.0
mechanic_ids,block,24,blade_dancer,Blade Dancer,23,0,0.0,15.9625,17906.0973,-17890.1349,-235488.7391,578.9792,0.0,223.7165,0.0,0.0,0.0,0.0
mechanic_ids,armor,24,blade_dancer,Blade Dancer,23,0,0.0,15.9625,17906.0973,-17890.1349,-235488.7391,578.9792,0.0,223.7165,0.0,0.0,0.0,0.0
mechanic_ids,crit_negation,24,blade_dancer,Blade Dancer,23,0,0.0,15.9625,17906.0973,-17890.1349,-235488.7391,578.9792,0.0,223.7165,0.0,0.0,0.0,0.0
mechanic_ids,crit_negation,24,shadow,Shadow,23,0,0.0,17.9322,17906.0973,-17888.1652,-235419.6522,333.3907,0.0,171.0567,0.0,0.0,0.0,0.0
mechanic_ids,armor,24,shadow,Shadow,23,0,0.0,17.9322,17906.0973,-17888.1652,-235419.6522,333.3907,0.0,171.0567,0.0,0.0,0.0,0.0
mechanic_ids,block,24,shadow,Shadow,23,0,0.0,17.9322,17906.0973,-17888.1652,-235419.6522,333.3907,0.0,171.0567,0.0,0.0,0.0,0.0
mechanic_ids,block,24,assassin,Assassin,23,0,0.0,39.4627,17906.0973,-17866.6347,-234551.4348,210.8825,0.0,109.3383,0.0,0.0,0.0,0.0
mechanic_ids,armor,24,assassin,Assassin,23,0,0.0,39.4627,17906.0973,-17866.6347,-234551.4348,210.8825,0.0,109.3383,0.0,0.0,0.0,0.0
mechanic_ids,crit_negation,24,assassin,Assassin,23,0,0.0,39.4627,17906.0973,-17866.6347,-234551.4348,210.8825,0.0,109.3383,0.0,0.0,0.0,0.0
mechanic_ids,absorb,24,assassin,Assassin,16,0,0.0,22.6533,17649.9717,-17627.3184,-397817.25,0.0,324.875,0.0,0.0,0.0,0.0,0.0
mechanic_ids,absorb,24,shadow,Shadow,16,0,0.0,32.8362,17649.9717,-17617.1355,-397347.8125,0.0,195.7394,0.0,0.0,0.0,0.0,0.0
mechanic_ids,absorb,24,blade_dancer,Blade Dancer,16,0,0.0,39.7684,17649.9717,-17610.2032,-397034.8125,0.0,0.0,0.0,0.0,0.0,0.0,0.0
mechanic_ids,absorb,24,thief,Thief,16,0,0.0,40.059,17649.9717,-17609.9127,-397031.625,0.0,0.0,0.0,0.0,0.0,0.0,0.0
mechanic_ids,poison_resistance,24,assassin,Assassin,39,0,0.0,22.142,16288.2779,-16266.1359,-363176.2051,0.0,133.2821,0.0,0.0,3.5897,0.0,0.0
mechanic_ids,suppress,24,assassin,Assassin,39,0,0.0,22.142,16288.2779,-16266.1359,-363176.2051,0.0,133.2821,0.0,0.0,3.5897,0.0,0.0
mechanic_ids,poison_resistance,24,shadow,Shadow,39,0,0.0,28.14,16288.2779,-16260.1379,-362900.4359,0.0,80.3033,0.0,0.0,4.5128,0.0,0.0
mechanic_ids,suppress,24,shadow,Shadow,39,0,0.0,28.14,16288.2779,-16260.1379,-362900.4359,0.0,80.3033,0.0,0.0,4.5128,0.0,0.0
mechanic_ids,poison_resistance,24,blade_dancer,Blade Dancer,39,0,0.0,29.5384,16288.2779,-16258.7396,-362841.1795,0.0,0.0,0.0,0.0,8.0513,0.0,0.0
mechanic_ids,suppress,24,blade_dancer,Blade Dancer,39,0,0.0,29.5384,16288.2779,-16258.7396,-362841.1795,0.0,0.0,0.0,0.0,8.0513,0.0,0.0
mechanic_ids,suppress,24,thief,Thief,39,0,0.0,35.2128,16288.2779,-16253.0651,-362571.9744,0.0,0.0,0.0,0.0,5.4103,0.0,0.0
mechanic_ids,poison_resistance,24,thief,Thief,39,0,0.0,35.2128,16288.2779,-16253.0651,-362571.9744,0.0,0.0,0.0,0.0,5.4103,0.0,0.0
mechanic_ids,stun_duration_ms,24,thief,Thief,18,0,0.0,10.1594,15993.1383,-15982.9788,-358595.9444,0.0,0.0,0.0,0.0,2.5556,15.1111,0.0
mechanic_ids,interrupt_skip_count,24,thief,Thief,18,0,0.0,10.1594,15993.1383,-15982.9788,-358595.9444,0.0,0.0,0.0,0.0,2.5556,15.1111,0.0
mechanic_ids,stun_duration_ms,24,blade_dancer,Blade Dancer,18,0,0.0,19.2841,15993.1383,-15973.8542,-358197.2222,0.0,0.0,0.0,0.0,10.6667,0.0,0.0
mechanic_ids,interrupt_skip_count,24,blade_dancer,Blade Dancer,18,0,0.0,19.2841,15993.1383,-15973.8542,-358197.2222,0.0,0.0,0.0,0.0,10.6667,0.0,0.0
mechanic_ids,interrupt_skip_count,24,assassin,Assassin,18,0,0.0,22.1955,15993.1383,-15970.9428,-358078.0556,0.0,0.0,0.0,0.0,2.7778,6.7778,0.0
mechanic_ids,stun_duration_ms,24,assassin,Assassin,18,0,0.0,22.1955,15993.1383,-15970.9428,-358078.0556,0.0,0.0,0.0,0.0,2.7778,6.7778,0.0
mechanic_ids,interrupt_skip_count,24,shadow,Shadow,18,0,0.0,24.8117,15993.1383,-15968.3265,-357953.3889,0.0,0.0,0.0,0.0,5.8889,0.0,0.0
mechanic_ids,stun_duration_ms,24,shadow,Shadow,18,0,0.0,24.8117,15993.1383,-15968.3265,-357953.3889,0.0,0.0,0.0,0.0,5.8889,0.0,0.0
mechanic_ids,slow,24,blade_dancer,Blade Dancer,41,0,0.0,21.0443,15627.3118,-15606.2675,-347458.5122,0.0,0.0,0.0,0.0,12.3415,0.0,0.0
mechanic_ids,cleanse_threshold,24,blade_dancer,Blade Dancer,41,0,0.0,21.0443,15627.3118,-15606.2675,-347458.5122,0.0,0.0,0.0,0.0,12.3415,0.0,0.0
mechanic_ids,slow,24,assassin,Assassin,41,0,0.0,21.9659,15627.3118,-15605.3458,-347419.5366,0.0,0.0,0.0,0.0,4.6341,2.9756,0.0
mechanic_ids,cleanse_threshold,24,assassin,Assassin,41,0,0.0,21.9659,15627.3118,-15605.3458,-347419.5366,0.0,0.0,0.0,0.0,4.6341,2.9756,0.0
mechanic_ids,cleanse_threshold,24,thief,Thief,41,0,0.0,22.3226,15627.3118,-15604.9892,-347378.7317,0.0,0.0,0.0,0.0,6.2683,6.6341,0.0
mechanic_ids,slow,24,thief,Thief,41,0,0.0,22.3226,15627.3118,-15604.9892,-347378.7317,0.0,0.0,0.0,0.0,6.2683,6.6341,0.0
mechanic_ids,cleanse_threshold,24,shadow,Shadow,41,0,0.0,24.8462,15627.3118,-15602.4656,-347285.6829,0.0,0.0,0.0,0.0,6.878,0.0,0.0
mechanic_ids,slow,24,shadow,Shadow,41,0,0.0,24.8462,15627.3118,-15602.4656,-347285.6829,0.0,0.0,0.0,0.0,6.878,0.0,0.0
mechanic_ids,absorb,23,assassin,Assassin,17,0,0.0,20.4274,15382.0228,-15361.5955,-368215.9412,0.0,435.4118,0.0,0.0,0.0,0.0,0.0
mechanic_ids,absorb,23,shadow,Shadow,17,0,0.0,33.1495,15382.0228,-15348.8734,-367590.4706,0.0,213.1388,0.0,0.0,0.0,0.0,0.0
mechanic_ids,absorb,23,blade_dancer,Blade Dancer,17,0,0.0,39.6008,15382.0228,-15342.422,-367270.0588,0.0,0.0,0.0,0.0,0.0,0.0,0.0
mechanic_ids,absorb,23,thief,Thief,17,0,0.0,39.941,15382.0228,-15342.0819,-367272.7647,0.0,0.0,0.0,0.0,0.0,0.0,0.0
mechanic_ids,block,23,thief,Thief,18,0,0.0,9.4412,15237.0655,-15227.6243,-234045.8889,480.3647,0.0,212.2352,0.0,0.0,0.0,0.0
mechanic_ids,armor,23,thief,Thief,18,0,0.0,9.4412,15237.0655,-15227.6243,-234045.8889,480.3647,0.0,212.2352,0.0,0.0,0.0,0.0
mechanic_ids,crit_negation,23,thief,Thief,18,0,0.0,9.4412,15237.0655,-15227.6243,-234045.8889,480.3647,0.0,212.2352,0.0,0.0,0.0,0.0
mechanic_ids,block,23,blade_dancer,Blade Dancer,18,0,0.0,17.0659,15237.0655,-15219.9996,-233678.0556,720.5718,0.0,296.3114,0.0,0.0,0.0,0.0
mechanic_ids,armor,23,blade_dancer,Blade Dancer,18,0,0.0,17.0659,15237.0655,-15219.9996,-233678.0556,720.5718,0.0,296.3114,0.0,0.0,0.0,0.0
mechanic_ids,crit_negation,23,blade_dancer,Blade Dancer,18,0,0.0,17.0659,15237.0655,-15219.9996,-233678.0556,720.5718,0.0,296.3114,0.0,0.0,0.0,0.0
mechanic_ids,crit_negation,23,shadow,Shadow,18,0,0.0,18.0296,15237.0655,-15219.036,-233633.9444,412.5457,0.0,162.5246,0.0,0.0,0.0,0.0
mechanic_ids,armor,23,shadow,Shadow,18,0,0.0,18.0296,15237.0655,-15219.036,-233633.9444,412.5457,0.0,162.5246,0.0,0.0,0.0,0.0
mechanic_ids,block,23,shadow,Shadow,18,0,0.0,18.0296,15237.0655,-15219.036,-233633.9444,412.5457,0.0,162.5246,0.0,0.0,0.0,0.0
mechanic_ids,crit_negation,23,assassin,Assassin,18,0,0.0,39.5554,15237.0655,-15197.5101,-232613.2222,260.0173,0.0,118.4188,0.0,0.0,0.0,0.0
mechanic_ids,block,23,assassin,Assassin,18,0,0.0,39.5554,15237.0655,-15197.5101,-232613.2222,260.0173,0.0,118.4188,0.0,0.0,0.0,0.0
mechanic_ids,armor,23,assassin,Assassin,18,0,0.0,39.5554,15237.0655,-15197.5101,-232613.2222,260.0173,0.0,118.4188,0.0,0.0,0.0,0.0
mechanic_ids,poison_resistance,23,assassin,Assassin,38,0,0.0,21.0527,13941.8258,-13920.7731,-315414.8158,0.0,194.7895,0.0,0.0,3.3421,0.0,0.0
mechanic_ids,suppress,23,assassin,Assassin,38,0,0.0,21.0527,13941.8258,-13920.7731,-315414.8158,0.0,194.7895,0.0,0.0,3.3421,0.0,0.0
mechanic_ids,poison_resistance,23,shadow,Shadow,38,0,0.0,28.8619,13941.8258,-13912.9639,-315035.5526,0.0,95.3516,0.0,0.0,4.3421,0.0,0.0
mechanic_ids,suppress,23,shadow,Shadow,38,0,0.0,28.8619,13941.8258,-13912.9639,-315035.5526,0.0,95.3516,0.0,0.0,4.3421,0.0,0.0
mechanic_ids,poison_resistance,23,blade_dancer,Blade Dancer,38,0,0.0,29.3882,13941.8258,-13912.4376,-314993.9211,0.0,0.0,0.0,0.0,7.3158,0.0,0.0
mechanic_ids,suppress,23,blade_dancer,Blade Dancer,38,0,0.0,29.3882,13941.8258,-13912.4376,-314993.9211,0.0,0.0,0.0,0.0,7.3158,0.0,0.0
mechanic_ids,suppress,23,thief,Thief,38,0,0.0,35.4977,13941.8258,-13906.328,-314724.4737,0.0,0.0,0.0,0.0,5.0526,0.0,0.0
mechanic_ids,poison_resistance,23,thief,Thief,38,0,0.0,35.4977,13941.8258,-13906.328,-314724.4737,0.0,0.0,0.0,0.0,5.0526,0.0,0.0
mechanic_ids,stun_duration_ms,23,thief,Thief,24,0,0.0,10.2142,13208.8569,-13198.6426,-295314.3333,0.0,0.0,0.0,0.0,2.6667,14.9167,0.0
mechanic_ids,interrupt_skip_count,23,thief,Thief,24,0,0.0,10.2142,13208.8569,-13198.6426,-295314.3333,0.0,0.0,0.0,0.0,2.6667,14.9167,0.0
mechanic_ids,stun_duration_ms,23,blade_dancer,Blade Dancer,24,0,0.0,17.9745,13208.8569,-13190.8824,-294968.7083,0.0,0.0,0.0,0.0,10.2917,0.0,0.0
mechanic_ids,interrupt_skip_count,23,blade_dancer,Blade Dancer,24,0,0.0,17.9745,13208.8569,-13190.8824,-294968.7083,0.0,0.0,0.0,0.0,10.2917,0.0,0.0
mechanic_ids,stun_duration_ms,23,assassin,Assassin,24,0,0.0,22.6681,13208.8569,-13186.1887,-294758.625,0.0,0.0,0.0,0.0,2.7083,6.625,0.0
mechanic_ids,interrupt_skip_count,23,assassin,Assassin,24,0,0.0,22.6681,13208.8569,-13186.1887,-294758.625,0.0,0.0,0.0,0.0,2.7083,6.625,0.0
mechanic_ids,interrupt_skip_count,23,shadow,Shadow,24,0,0.0,24.7506,13208.8569,-13184.1063,-294661.0417,0.0,0.0,0.0,0.0,5.9583,0.0,0.0
mechanic_ids,stun_duration_ms,23,shadow,Shadow,24,0,0.0,24.7506,13208.8569,-13184.1063,-294661.0417,0.0,0.0,0.0,0.0,5.9583,0.0,0.0
mechanic_ids,cleanse_threshold,23,blade_dancer,Blade Dancer,45,0,0.0,19.4428,13006.8346,-12987.3918,-284565.0444,0.0,0.0,0.0,0.0,11.6667,0.0,0.0
mechanic_ids,slow,23,blade_dancer,Blade Dancer,45,0,0.0,19.4428,13006.8346,-12987.3918,-284565.0444,0.0,0.0,0.0,0.0,11.6667,0.0,0.0
mechanic_ids,cleanse_threshold,23,thief,Thief,45,0,0.0,20.3346,13006.8346,-12986.4999,-284520.8222,0.0,0.0,0.0,0.0,5.6889,7.9556,0.0
mechanic_ids,slow,23,thief,Thief,45,0,0.0,20.3346,13006.8346,-12986.4999,-284520.8222,0.0,0.0,0.0,0.0,5.6889,7.9556,0.0
mechanic_ids,cleanse_threshold,23,assassin,Assassin,45,0,0.0,22.1505,13006.8346,-12984.6841,-284451.0889,0.0,0.0,0.0,0.0,4.2667,3.5333,0.0
mechanic_ids,slow,23,assassin,Assassin,45,0,0.0,22.1505,13006.8346,-12984.6841,-284451.0889,0.0,0.0,0.0,0.0,4.2667,3.5333,0.0
mechanic_ids,cleanse_threshold,23,shadow,Shadow,45,0,0.0,25.0494,13006.8346,-12981.7851,-284315.0667,0.0,0.0,0.0,0.0,6.8444,0.0,0.0
mechanic_ids,slow,23,shadow,Shadow,45,0,0.0,25.0494,13006.8346,-12981.7851,-284315.0667,0.0,0.0,0.0,0.0,6.8444,0.0,0.0
mechanic_ids,block,22,thief,Thief,22,0,0.0,9.5009,12962.5655,-12953.0646,-181483.7727,418.3502,0.0,199.9984,0.0,0.0,0.0,0.0
mechanic_ids,armor,22,thief,Thief,22,0,0.0,9.5009,12962.5655,-12953.0646,-181483.7727,418.3502,0.0,199.9984,0.0,0.0,0.0,0.0
mechanic_ids,crit_negation,22,thief,Thief,22,0,0.0,9.5009,12962.5655,-12953.0646,-181483.7727,418.3502,0.0,199.9984,0.0,0.0,0.0,0.0
mechanic_ids,crit_negation,22,blade_dancer,Blade Dancer,22,0,0.0,16.0488,12962.5655,-12946.5167,-181192.8636,606.7383,0.0,263.0444,0.0,0.0,0.0,0.0
mechanic_ids,block,22,blade_dancer,Blade Dancer,22,0,0.0,16.0488,12962.5655,-12946.5167,-181192.8636,606.7383,0.0,263.0444,0.0,0.0,0.0,0.0
mechanic_ids,armor,22,blade_dancer,Blade Dancer,22,0,0.0,16.0488,12962.5655,-12946.5167,-181192.8636,606.7383,0.0,263.0444,0.0,0.0,0.0,0.0
mechanic_ids,block,22,shadow,Shadow,22,0,0.0,17.9623,12962.5655,-12944.6032,-181118.0455,358.5252,0.0,174.3354,0.0,0.0,0.0,0.0
mechanic_ids,armor,22,shadow,Shadow,22,0,0.0,17.9623,12962.5655,-12944.6032,-181118.0455,358.5252,0.0,174.3354,0.0,0.0,0.0,0.0
mechanic_ids,crit_negation,22,shadow,Shadow,22,0,0.0,17.9623,12962.5655,-12944.6032,-181118.0455,358.5252,0.0,174.3354,0.0,0.0,0.0,0.0
mechanic_ids,block,22,assassin,Assassin,22,0,0.0,39.4941,12962.5655,-12923.0714,-180195.4545,224.7926,0.0,111.8041,0.0,0.0,0.0,0.0
mechanic_ids,armor,22,assassin,Assassin,22,0,0.0,39.4941,12962.5655,-12923.0714,-180195.4545,224.7926,0.0,111.8041,0.0,0.0,0.0,0.0
mechanic_ids,crit_negation,22,assassin,Assassin,22,0,0.0,39.4941,12962.5655,-12923.0714,-180195.4545,224.7926,0.0,111.8041,0.0,0.0,0.0,0.0
mechanic_ids,absorb,22,assassin,Assassin,16,0,0.0,23.2351,12479.8894,-12456.6542,-264779.0,0.0,330.4375,0.0,0.0,0.0,0.0,0.0
mechanic_ids,absorb,22,shadow,Shadow,16,0,0.0,32.8208,12479.8894,-12447.0686,-264374.5,0.0,191.7175,0.0,0.0,0.0,0.0,0.0
mechanic_ids,absorb,22,blade_dancer,Blade Dancer,16,0,0.0,39.6168,12479.8894,-12440.2726,-264076.5625,0.0,0.0,0.0,0.0,0.0,0.0,0.0
mechanic_ids,absorb,22,thief,Thief,16,0,0.0,40.341,12479.8894,-12439.5484,-264065.25,0.0,0.0,0.0,0.0,0.0,0.0,0.0
mechanic_ids,poison_resistance,22,assassin,Assassin,32,0,0.0,22.6352,11747.0084,-11724.3732,-245479.0313,0.0,165.2188,0.0,0.0,2.7813,0.0,0.0
mechanic_ids,suppress,22,assassin,Assassin,32,0,0.0,22.6352,11747.0084,-11724.3732,-245479.0313,0.0,165.2188,0.0,0.0,2.7813,0.0,0.0
mechanic_ids,suppress,22,shadow,Shadow,32,0,0.0,29.1466,11747.0084,-11717.8618,-245202.25,0.0,95.8588,0.0,0.0,3.5938,0.0,0.0
mechanic_ids,poison_resistance,22,shadow,Shadow,32,0,0.0,29.1466,11747.0084,-11717.8618,-245202.25,0.0,95.8588,0.0,0.0,3.5938,0.0,0.0
mechanic_ids,poison_resistance,22,blade_dancer,Blade Dancer,32,0,0.0,30.6691,11747.0084,-11716.3393,-245126.6875,0.0,0.0,0.0,0.0,6.2188,0.0,0.0
mechanic_ids,suppress,22,blade_dancer,Blade Dancer,32,0,0.0,30.6691,11747.0084,-11716.3393,-245126.6875,0.0,0.0,0.0,0.0,6.2188,0.0,0.0
mechanic_ids,poison_resistance,22,thief,Thief,32,0,0.0,35.8528,11747.0084,-11711.1556,-244914.6875,0.0,0.0,0.0,0.0,4.1875,0.0,0.0
mechanic_ids,suppress,22,thief,Thief,32,0,0.0,35.8528,11747.0084,-11711.1556,-244914.6875,0.0,0.0,0.0,0.0,4.1875,0.0,0.0
mechanic_ids,slow,22,thief,Thief,42,0,0.0,18.2516,10987.5134,-10969.2618,-238847.5,0.0,0.0,0.0,0.0,4.7143,9.4048,0.0
mechanic_ids,cleanse_threshold,22,thief,Thief,42,0,0.0,18.2516,10987.5134,-10969.2618,-238847.5,0.0,0.0,0.0,0.0,4.7143,9.4048,0.0
mechanic_ids,cleanse_threshold,22,blade_dancer,Blade Dancer,42,0,0.0,19.4438,10987.5134,-10968.0696,-238792.4286,0.0,0.0,0.0,0.0,10.9524,0.0,0.0
mechanic_ids,slow,22,blade_dancer,Blade Dancer,42,0,0.0,19.4438,10987.5134,-10968.0696,-238792.4286,0.0,0.0,0.0,0.0,10.9524,0.0,0.0
mechanic_ids,cleanse_threshold,22,assassin,Assassin,42,0,0.0,22.0936,10987.5134,-10965.4198,-238690.9286,0.0,0.0,0.0,0.0,3.7857,4.0476,0.0
mechanic_ids,slow,22,assassin,Assassin,42,0,0.0,22.0936,10987.5134,-10965.4198,-238690.9286,0.0,0.0,0.0,0.0,3.7857,4.0476,0.0
mechanic_ids,cleanse_threshold,22,shadow,Shadow,42,0,0.0,25.5384,10987.5134,-10961.975,-238539.0,0.0,0.0,0.0,0.0,6.381,0.0,0.0
mechanic_ids,slow,22,shadow,Shadow,42,0,0.0,25.5384,10987.5134,-10961.975,-238539.0,0.0,0.0,0.0,0.0,6.381,0.0,0.0
mechanic_ids,interrupt_skip_count,22,thief,Thief,26,0,0.0,10.1821,10971.1355,-10960.9534,-246898.8077,0.0,0.0,0.0,0.0,2.4615,15.1923,0.0
mechanic_ids,stun_duration_ms,22,thief,Thief,26,0,0.0,10.1821,10971.1355,-10960.9534,-246898.8077,0.0,0.0,0.0,0.0,2.4615,15.1923,0.0
mechanic_ids,stun_duration_ms,22,blade_dancer,Blade Dancer,26,0,0.0,18.0421,10971.1355,-10953.0934,-246555.8846,0.0,0.0,0.0,0.0,10.0385,0.0,0.0
mechanic_ids,interrupt_skip_count,22,blade_dancer,Blade Dancer,26,0,0.0,18.0421,10971.1355,-10953.0934,-246555.8846,0.0,0.0,0.0,0.0,10.0385,0.0,0.0
mechanic_ids,stun_duration_ms,22,assassin,Assassin,26,0,0.0,22.1295,10971.1355,-10949.006,-246390.5385,0.0,0.0,0.0,0.0,2.6923,6.5385,0.0
mechanic_ids,interrupt_skip_count,22,assassin,Assassin,26,0,0.0,22.1295,10971.1355,-10949.006,-246390.5385,0.0,0.0,0.0,0.0,2.6923,6.5385,0.0
mechanic_ids,interrupt_skip_count,22,shadow,Shadow,26,0,0.0,25.579,10971.1355,-10945.5565,-246236.8462,0.0,0.0,0.0,0.0,5.8846,0.0,0.0
mechanic_ids,stun_duration_ms,22,shadow,Shadow,26,0,0.0,25.579,10971.1355,-10945.5565,-246236.8462,0.0,0.0,0.0,0.0,5.8846,0.0,0.0
mechanic_ids,crit_negation,21,thief,Thief,18,0,0.0,9.2813,10521.6118,-10512.3306,-152382.7778,451.5262,0.0,157.3254,0.0,0.0,0.0,0.0
mechanic_ids,armor,21,thief,Thief,18,0,0.0,9.2813,10521.6118,-10512.3306,-152382.7778,451.5262,0.0,157.3254,0.0,0.0,0.0,0.0
mechanic_ids,block,21,thief,Thief,18,0,0.0,9.2813,10521.6118,-10512.3306,-152382.7778,451.5262,0.0,157.3254,0.0,0.0,0.0,0.0
mechanic_ids,block,21,blade_dancer,Blade Dancer,18,0,0.0,15.4406,10521.6118,-10506.1712,-152092.5,657.0752,0.0,259.4018,0.0,0.0,0.0,0.0
mechanic_ids,armor,21,blade_dancer,Blade Dancer,18,0,0.0,15.4406,10521.6118,-10506.1712,-152092.5,657.0752,0.0,259.4018,0.0,0.0,0.0,0.0
mechanic_ids,crit_negation,21,blade_dancer,Blade Dancer,18,0,0.0,15.4406,10521.6118,-10506.1712,-152092.5,657.0752,0.0,259.4018,0.0,0.0,0.0,0.0
mechanic_ids,block,21,shadow,Shadow,18,0,0.0,17.7598,10521.6118,-10503.852,-152002.3889,382.522,0.0,173.8852,0.0,0.0,0.0,0.0
mechanic_ids,armor,21,shadow,Shadow,18,0,0.0,17.7598,10521.6118,-10503.852,-152002.3889,382.522,0.0,173.8852,0.0,0.0,0.0,0.0
mechanic_ids,crit_negation,21,shadow,Shadow,18,0,0.0,17.7598,10521.6118,-10503.852,-152002.3889,382.522,0.0,173.8852,0.0,0.0,0.0,0.0
mechanic_ids,crit_negation,21,assassin,Assassin,18,0,0.0,39.2758,10521.6118,-10482.3361,-151041.0,241.9838,0.0,123.5168,0.0,0.0,0.0,0.0
mechanic_ids,armor,21,assassin,Assassin,18,0,0.0,39.2758,10521.6118,-10482.3361,-151041.0,241.9838,0.0,123.5168,0.0,0.0,0.0,0.0
mechanic_ids,block,21,assassin,Assassin,18,0,0.0,39.2758,10521.6118,-10482.3361,-151041.0,241.9838,0.0,123.5168,0.0,0.0,0.0,0.0
mechanic_ids,absorb,21,assassin,Assassin,17,0,0.0,23.1992,10309.1954,-10285.9963,-221137.0588,0.0,331.6471,0.0,0.0,0.0,0.0,0.0
mechanic_ids,absorb,21,shadow,Shadow,17,0,0.0,33.3601,10309.1954,-10275.8353,-220695.6471,0.0,204.4135,0.0,0.0,0.0,0.0,0.0
mechanic_ids,absorb,21,blade_dancer,Blade Dancer,17,0,0.0,38.5708,10309.1954,-10270.6246,-220493.1176,0.0,0.0,0.0,0.0,0.0,0.0,0.0
mechanic_ids,absorb,21,thief,Thief,17,0,0.0,39.8896,10309.1954,-10269.3058,-220444.0588,0.0,0.0,0.0,0.0,0.0,0.0,0.0
mechanic_ids,poison_resistance,21,assassin,Assassin,41,0,0.0,23.061,9629.0129,-9605.9519,-202813.1951,0.0,137.5122,0.0,0.0,3.3171,0.0,0.0
mechanic_ids,suppress,21,assassin,Assassin,41,0,0.0,23.061,9629.0129,-9605.9519,-202813.1951,0.0,137.5122,0.0,0.0,3.3171,0.0,0.0
mechanic_ids,poison_resistance,21,shadow,Shadow,41,0,0.0,28.8569,9629.0129,-9600.156,-202555.5122,0.0,84.7568,0.0,0.0,4.2927,0.0,0.0
mechanic_ids,suppress,21,shadow,Shadow,41,0,0.0,28.8569,9629.0129,-9600.156,-202555.5122,0.0,84.7568,0.0,0.0,4.2927,0.0,0.0
mechanic_ids,poison_resistance,21,blade_dancer,Blade Dancer,41,0,0.0,29.3056,9629.0129,-9599.7073,-202549.7317,0.0,0.0,0.0,0.0,7.4878,0.0,0.0
mechanic_ids,suppress,21,blade_dancer,Blade Dancer,41,0,0.0,29.3056,9629.0129,-9599.7073,-202549.7317,0.0,0.0,0.0,0.0,7.4878,0.0,0.0
mechanic_ids,poison_resistance,21,thief,Thief,41,0,0.0,35.2575,9629.0129,-9593.7554,-202286.4146,0.0,0.0,0.0,0.0,5.0244,0.0,0.0
mechanic_ids,suppress,21,thief,Thief,41,0,0.0,35.2575,9629.0129,-9593.7554,-202286.4146,0.0,0.0,0.0,0.0,5.0244,0.0,0.0
mechanic_ids,stun_duration_ms,21,thief,Thief,21,0,0.0,10.1818,9314.3577,-9304.1759,-209963.2381,0.0,0.0,0.0,0.0,2.5238,14.8095,0.0
mechanic_ids,interrupt_skip_count,21,thief,Thief,21,0,0.0,10.1818,9314.3577,-9304.1759,-209963.2381,0.0,0.0,0.0,0.0,2.5238,14.8095,0.0
mechanic_ids,interrupt_skip_count,21,blade_dancer,Blade Dancer,21,0,0.0,18.5285,9314.3577,-9295.8292,-209601.8095,0.0,0.0,0.0,0.0,9.9048,0.0,0.0
mechanic_ids,stun_duration_ms,21,blade_dancer,Blade Dancer,21,0,0.0,18.5285,9314.3577,-9295.8292,-209601.8095,0.0,0.0,0.0,0.0,9.9048,0.0,0.0
mechanic_ids,stun_duration_ms,21,assassin,Assassin,21,0,0.0,22.4757,9314.3577,-9291.8821,-209427.2857,0.0,0.0,0.0,0.0,2.619,6.4286,0.0
mechanic_ids,interrupt_skip_count,21,assassin,Assassin,21,0,0.0,22.4757,9314.3577,-9291.8821,-209427.2857,0.0,0.0,0.0,0.0,2.619,6.4286,0.0
mechanic_ids,interrupt_skip_count,21,shadow,Shadow,21,0,0.0,24.5621,9314.3577,-9289.7956,-209336.6667,0.0,0.0,0.0,0.0,5.6667,0.0,0.0
mechanic_ids,stun_duration_ms,21,shadow,Shadow,21,0,0.0,24.5621,9314.3577,-9289.7956,-209336.6667,0.0,0.0,0.0,0.0,5.6667,0.0,0.0
mechanic_ids,slow,21,blade_dancer,Blade Dancer,45,0,0.0,20.7761,9225.216,-9204.4399,-199062.0889,0.0,0.0,0.0,0.0,11.4444,0.0,0.0
mechanic_ids,cleanse_threshold,21,blade_dancer,Blade Dancer,45,0,0.0,20.7761,9225.216,-9204.4399,-199062.0889,0.0,0.0,0.0,0.0,11.4444,0.0,0.0
mechanic_ids,cleanse_threshold,21,thief,Thief,45,0,0.0,21.8056,9225.216,-9203.4104,-199009.3778,0.0,0.0,0.0,0.0,5.7556,6.9111,0.0
mechanic_ids,slow,21,thief,Thief,45,0,0.0,21.8056,9225.216,-9203.4104,-199009.3778,0.0,0.0,0.0,0.0,5.7556,6.9111,0.0
mechanic_ids,cleanse_threshold,21,assassin,Assassin,45,0,0.0,22.7357,9225.216,-9202.4803,-198977.4222,0.0,0.0,0.0,0.0,4.2444,3.0,0.0
mechanic_ids,slow,21,assassin,Assassin,45,0,0.0,22.7357,9225.216,-9202.4803,-198977.4222,0.0,0.0,0.0,0.0,4.2444,3.0,0.0
mechanic_ids,cleanse_threshold,21,shadow,Shadow,45,0,0.0,25.1514,9225.216,-9200.0646,-198867.1111,0.0,0.0,0.0,0.0,6.5556,0.0,0.0
mechanic_ids,slow,21,shadow,Shadow,45,0,0.0,25.1514,9225.216,-9200.0646,-198867.1111,0.0,0.0,0.0,0.0,6.5556,0.0,0.0
mechanic_ids,crit_negation,20,thief,Thief,20,0,0.0,9.2312,8553.1687,-8543.9375,-111999.35,411.217,0.0,167.0086,0.0,0.0,0.0,0.0
mechanic_ids,armor,20,thief,Thief,20,0,0.0,9.2312,8553.1687,-8543.9375,-111999.35,411.217,0.0,167.0086,0.0,0.0,0.0,0.0
mechanic_ids,block,20,thief,Thief,20,0,0.0,9.2312,8553.1687,-8543.9375,-111999.35,411.217,0.0,167.0086,0.0,0.0,0.0,0.0
mechanic_ids,block,20,blade_dancer,Blade Dancer,20,0,0.0,15.7522,8553.1687,-8537.4164,-111728.1,607.7879,0.0,207.9965,0.0,0.0,0.0,0.0
mechanic_ids,armor,20,blade_dancer,Blade Dancer,20,0,0.0,15.7522,8553.1687,-8537.4164,-111728.1,607.7879,0.0,207.9965,0.0,0.0,0.0,0.0
mechanic_ids,crit_negation,20,blade_dancer,Blade Dancer,20,0,0.0,15.7522,8553.1687,-8537.4164,-111728.1,607.7879,0.0,207.9965,0.0,0.0,0.0,0.0
mechanic_ids,crit_negation,20,shadow,Shadow,20,0,0.0,17.501,8553.1687,-8535.6677,-111662.95,350.2975,0.0,153.7545,0.0,0.0,0.0,0.0
mechanic_ids,armor,20,shadow,Shadow,20,0,0.0,17.501,8553.1687,-8535.6677,-111662.95,350.2975,0.0,153.7545,0.0,0.0,0.0,0.0
mechanic_ids,block,20,shadow,Shadow,20,0,0.0,17.501,8553.1687,-8535.6677,-111662.95,350.2975,0.0,153.7545,0.0,0.0,0.0,0.0
mechanic_ids,block,20,assassin,Assassin,20,0,0.0,39.3432,8553.1687,-8513.8255,-110778.95,220.7932,0.0,87.1622,0.0,0.0,0.0,0.0
mechanic_ids,armor,20,assassin,Assassin,20,0,0.0,39.3432,8553.1687,-8513.8255,-110778.95,220.7932,0.0,87.1622,0.0,0.0,0.0,0.0
mechanic_ids,crit_negation,20,assassin,Assassin,20,0,0.0,39.3432,8553.1687,-8513.8255,-110778.95,220.7932,0.0,87.1622,0.0,0.0,0.0,0.0
mechanic_ids,absorb,20,assassin,Assassin,19,0,0.0,21.1878,8130.5238,-8109.336,-169912.1579,0.0,342.3684,0.0,0.0,0.0,0.0,0.0
mechanic_ids,absorb,20,shadow,Shadow,19,0,0.0,32.0725,8130.5238,-8098.4514,-169427.6316,0.0,178.7021,0.0,0.0,0.0,0.0,0.0
mechanic_ids,absorb,20,blade_dancer,Blade Dancer,19,0,0.0,38.7157,8130.5238,-8091.8082,-169151.8947,0.0,0.0,0.0,0.0,0.0,0.0,0.0
mechanic_ids,absorb,20,thief,Thief,19,0,0.0,39.775,8130.5238,-8090.7488,-169124.5263,0.0,0.0,0.0,0.0,0.0,0.0,0.0
mechanic_ids,suppress,20,assassin,Assassin,41,0,0.0,22.536,7737.976,-7715.4401,-162701.0244,0.0,158.6585,0.0,0.0,3.0732,0.0,0.0
mechanic_ids,poison_resistance,20,assassin,Assassin,41,0,0.0,22.536,7737.976,-7715.4401,-162701.0244,0.0,158.6585,0.0,0.0,3.0732,0.0,0.0
mechanic_ids,suppress,20,shadow,Shadow,41,0,0.0,28.3574,7737.976,-7709.6186,-162432.5122,0.0,82.8132,0.0,0.0,3.9756,0.0,0.0
mechanic_ids,poison_resistance,20,shadow,Shadow,41,0,0.0,28.3574,7737.976,-7709.6186,-162432.5122,0.0,82.8132,0.0,0.0,3.9756,0.0,0.0
mechanic_ids,suppress,20,blade_dancer,Blade Dancer,41,0,0.0,30.3756,7737.976,-7707.6004,-162355.3659,0.0,0.0,0.0,0.0,6.9756,0.0,0.0
mechanic_ids,poison_resistance,20,blade_dancer,Blade Dancer,41,0,0.0,30.3756,7737.976,-7707.6004,-162355.3659,0.0,0.0,0.0,0.0,6.9756,0.0,0.0
mechanic_ids,poison_resistance,20,thief,Thief,41,0,0.0,35.6598,7737.976,-7702.3162,-162129.439,0.0,0.0,0.0,0.0,4.6341,0.0,0.0
mechanic_ids,suppress,20,thief,Thief,41,0,0.0,35.6598,7737.976,-7702.3162,-162129.439,0.0,0.0,0.0,0.0,4.6341,0.0,0.0
mechanic_ids,interrupt_skip_count,20,thief,Thief,19,0,0.0,10.276,7419.2159,-7408.94,-174635.2105,0.0,0.0,0.0,0.0,2.7368,16.1053,0.0
mechanic_ids,stun_duration_ms,20,thief,Thief,19,0,0.0,10.276,7419.2159,-7408.94,-174635.2105,0.0,0.0,0.0,0.0,2.7368,16.1053,0.0
mechanic_ids,interrupt_skip_count,20,blade_dancer,Blade Dancer,19,0,0.0,18.3667,7419.2159,-7400.8492,-174266.9474,0.0,0.0,0.0,0.0,11.4211,0.0,0.0
mechanic_ids,stun_duration_ms,20,blade_dancer,Blade Dancer,19,0,0.0,18.3667,7419.2159,-7400.8492,-174266.9474,0.0,0.0,0.0,0.0,11.4211,0.0,0.0
mechanic_ids,interrupt_skip_count,20,assassin,Assassin,19,0,0.0,22.8654,7419.2159,-7396.3505,-174071.4211,0.0,0.0,0.0,0.0,2.8947,7.4737,0.0
mechanic_ids,stun_duration_ms,20,assassin,Assassin,19,0,0.0,22.8654,7419.2159,-7396.3505,-174071.4211,0.0,0.0,0.0,0.0,2.8947,7.4737,0.0
mechanic_ids,interrupt_skip_count,20,shadow,Shadow,19,0,0.0,24.5052,7419.2159,-7394.7107,-173989.1579,0.0,0.0,0.0,0.0,6.5789,0.0,0.0
mechanic_ids,stun_duration_ms,20,shadow,Shadow,19,0,0.0,24.5052,7419.2159,-7394.7107,-173989.1579,0.0,0.0,0.0,0.0,6.5789,0.0,0.0
mechanic_ids,cleanse_threshold,20,blade_dancer,Blade Dancer,41,0,0.0,20.9456,7408.3455,-7387.3999,-164725.7561,0.0,0.0,0.0,0.0,12.2683,0.0,0.0
mechanic_ids,slow,20,blade_dancer,Blade Dancer,41,0,0.0,20.9456,7408.3455,-7387.3999,-164725.7561,0.0,0.0,0.0,0.0,12.2683,0.0,0.0
mechanic_ids,slow,20,thief,Thief,41,0,0.0,21.9895,7408.3455,-7386.356,-164683.1707,0.0,0.0,0.0,0.0,5.9024,7.4634,0.0
mechanic_ids,cleanse_threshold,20,thief,Thief,41,0,0.0,21.9895,7408.3455,-7386.356,-164683.1707,0.0,0.0,0.0,0.0,5.9024,7.4634,0.0
mechanic_ids,cleanse_threshold,20,assassin,Assassin,41,0,0.0,23.3134,7408.3455,-7385.0321,-164628.4878,0.0,0.0,0.0,0.0,4.4146,3.4634,0.0
mechanic_ids,slow,20,assassin,Assassin,41,0,0.0,23.3134,7408.3455,-7385.0321,-164628.4878,0.0,0.0,0.0,0.0,4.4146,3.4634,0.0
mechanic_ids,cleanse_threshold,20,shadow,Shadow,41,0,0.0,24.8507,7408.3455,-7383.4948,-164546.3902,0.0,0.0,0.0,0.0,7.0244,0.0,0.0
mechanic_ids,slow,20,shadow,Shadow,41,0,0.0,24.8507,7408.3455,-7383.4948,-164546.3902,0.0,0.0,0.0,0.0,7.0244,0.0,0.0
mechanic_ids,absorb,19,assassin,Assassin,16,0,0.0,21.1087,7061.1964,-7040.0877,-145402.25,0.0,384.9375,0.0,0.0,0.0,0.0,0.0
mechanic_ids,absorb,19,shadow,Shadow,16,0,0.0,32.9984,7061.1964,-7028.198,-144887.3125,0.0,185.7538,0.0,0.0,0.0,0.0,0.0
mechanic_ids,absorb,19,blade_dancer,Blade Dancer,16,0,0.0,38.6462,7061.1964,-7022.5502,-144646.0625,0.0,0.0,0.0,0.0,0.0,0.0,0.0
mechanic_ids,absorb,19,thief,Thief,16,0,0.0,39.6515,7061.1964,-7021.5449,-144617.875,0.0,0.0,0.0,0.0,0.0,0.0,0.0
mechanic_ids,block,19,thief,Thief,21,0,0.0,9.1811,7008.7582,-6999.5771,-101150.5714,443.2092,0.0,175.9113,0.0,0.0,0.0,0.0
mechanic_ids,armor,19,thief,Thief,21,0,0.0,9.1811,7008.7582,-6999.5771,-101150.5714,443.2092,0.0,175.9113,0.0,0.0,0.0,0.0
mechanic_ids,crit_negation,19,thief,Thief,21,0,0.0,9.1811,7008.7582,-6999.5771,-101150.5714,443.2092,0.0,175.9113,0.0,0.0,0.0,0.0
mechanic_ids,crit_negation,19,blade_dancer,Blade Dancer,21,0,0.0,16.0849,7008.7582,-6992.6733,-100831.9524,653.9641,0.0,225.7564,0.0,0.0,0.0,0.0
mechanic_ids,block,19,blade_dancer,Blade Dancer,21,0,0.0,16.0849,7008.7582,-6992.6733,-100831.9524,653.9641,0.0,225.7564,0.0,0.0,0.0,0.0
mechanic_ids,armor,19,blade_dancer,Blade Dancer,21,0,0.0,16.0849,7008.7582,-6992.6733,-100831.9524,653.9641,0.0,225.7564,0.0,0.0,0.0,0.0
mechanic_ids,crit_negation,19,shadow,Shadow,21,0,0.0,17.7024,7008.7582,-6991.0558,-100769.0476,378.5584,0.0,146.8306,0.0,0.0,0.0,0.0
mechanic_ids,armor,19,shadow,Shadow,21,0,0.0,17.7024,7008.7582,-6991.0558,-100769.0476,378.5584,0.0,146.8306,0.0,0.0,0.0,0.0
mechanic_ids,block,19,shadow,Shadow,21,0,0.0,17.7024,7008.7582,-6991.0558,-100769.0476,378.5584,0.0,146.8306,0.0,0.0,0.0,0.0
mechanic_ids,block,19,assassin,Assassin,21,0,0.0,39.3865,7008.7582,-6969.3717,-99808.7619,238.4363,0.0,98.9071,0.0,0.0,0.0,0.0
mechanic_ids,armor,19,assassin,Assassin,21,0,0.0,39.3865,7008.7582,-6969.3717,-99808.7619,238.4363,0.0,98.9071,0.0,0.0,0.0,0.0
mechanic_ids,crit_negation,19,assassin,Assassin,21,0,0.0,39.3865,7008.7582,-6969.3717,-99808.7619,238.4363,0.0,98.9071,0.0,0.0,0.0,0.0
mechanic_ids,poison_resistance,19,assassin,Assassin,40,0,0.0,22.7093,6466.5508,-6443.8414,-136428.875,0.0,153.975,0.0,0.0,3.4,0.0,0.0
mechanic_ids,suppress,19,assassin,Assassin,40,0,0.0,22.7093,6466.5508,-6443.8414,-136428.875,0.0,153.975,0.0,0.0,3.4,0.0,0.0
mechanic_ids,poison_resistance,19,shadow,Shadow,40,0,0.0,28.5839,6466.5508,-6437.9669,-136173.3,0.0,74.3015,0.0,0.0,4.425,0.0,0.0
mechanic_ids,suppress,19,shadow,Shadow,40,0,0.0,28.5839,6466.5508,-6437.9669,-136173.3,0.0,74.3015,0.0,0.0,4.425,0.0,0.0
mechanic_ids,poison_resistance,19,blade_dancer,Blade Dancer,40,0,0.0,29.1027,6466.5508,-6437.448,-136157.725,0.0,0.0,0.0,0.0,7.725,0.0,0.0
mechanic_ids,suppress,19,blade_dancer,Blade Dancer,40,0,0.0,29.1027,6466.5508,-6437.448,-136157.725,0.0,0.0,0.0,0.0,7.725,0.0,0.0
mechanic_ids,suppress,19,thief,Thief,40,0,0.0,35.2534,6466.5508,-6431.2974,-135885.175,0.0,0.0,0.0,0.0,5.175,0.0,0.0
mechanic_ids,poison_resistance,19,thief,Thief,40,0,0.0,35.2534,6466.5508,-6431.2974,-135885.175,0.0,0.0,0.0,0.0,5.175,0.0,0.0
mechanic_ids,interrupt_skip_count,19,thief,Thief,19,0,0.0,10.2041,6308.5894,-6298.3853,-150158.6316,0.0,0.0,0.0,0.0,2.9474,16.0,0.0
mechanic_ids,stun_duration_ms,19,thief,Thief,19,0,0.0,10.2041,6308.5894,-6298.3853,-150158.6316,0.0,0.0,0.0,0.0,2.9474,16.0,0.0
mechanic_ids,interrupt_skip_count,19,blade_dancer,Blade Dancer,19,0,0.0,18.2422,6308.5894,-6290.3472,-149784.6316,0.0,0.0,0.0,0.0,11.5263,0.0,0.0
mechanic_ids,stun_duration_ms,19,blade_dancer,Blade Dancer,19,0,0.0,18.2422,6308.5894,-6290.3472,-149784.6316,0.0,0.0,0.0,0.0,11.5263,0.0,0.0
mechanic_ids,interrupt_skip_count,19,assassin,Assassin,19,0,0.0,22.5596,6308.5894,-6286.0298,-149594.3158,0.0,0.0,0.0,0.0,3.0526,6.9474,0.0
mechanic_ids,stun_duration_ms,19,assassin,Assassin,19,0,0.0,22.5596,6308.5894,-6286.0298,-149594.3158,0.0,0.0,0.0,0.0,3.0526,6.9474,0.0
mechanic_ids,interrupt_skip_count,19,shadow,Shadow,19,0,0.0,24.4709,6308.5894,-6284.1185,-149498.1579,0.0,0.0,0.0,0.0,6.6316,0.0,0.0
mechanic_ids,stun_duration_ms,19,shadow,Shadow,19,0,0.0,24.4709,6308.5894,-6284.1185,-149498.1579,0.0,0.0,0.0,0.0,6.6316,0.0,0.0
mechanic_ids,cleanse_threshold,19,blade_dancer,Blade Dancer,43,0,0.0,20.7528,6175.4904,-6154.7376,-139020.4651,0.0,0.0,0.0,0.0,12.2791,0.0,0.0
mechanic_ids,slow,19,blade_dancer,Blade Dancer,43,0,0.0,20.7528,6175.4904,-6154.7376,-139020.4651,0.0,0.0,0.0,0.0,12.2791,0.0,0.0
mechanic_ids,cleanse_threshold,19,thief,Thief,43,0,0.0,22.5486,6175.4904,-6152.9418,-138942.6744,0.0,0.0,0.0,0.0,6.1163,7.0698,0.0
mechanic_ids,slow,19,thief,Thief,43,0,0.0,22.5486,6175.4904,-6152.9418,-138942.6744,0.0,0.0,0.0,0.0,6.1163,7.0698,0.0
mechanic_ids,cleanse_threshold,19,assassin,Assassin,43,0,0.0,23.2388,6175.4904,-6152.2516,-138907.2326,0.0,0.0,0.0,0.0,4.5116,3.0698,0.0
mechanic_ids,slow,19,assassin,Assassin,43,0,0.0,23.2388,6175.4904,-6152.2516,-138907.2326,0.0,0.0,0.0,0.0,4.5116,3.0698,0.0
mechanic_ids,cleanse_threshold,19,shadow,Shadow,43,0,0.0,25.1239,6175.4904,-6150.3665,-138818.6047,0.0,0.0,0.0,0.0,7.0465,0.0,0.0
mechanic_ids,slow,19,shadow,Shadow,43,0,0.0,25.1239,6175.4904,-6150.3665,-138818.6047,0.0,0.0,0.0,0.0,7.0465,0.0,0.0
mechanic_ids,absorb,18,assassin,Assassin,21,0,0.0,22.7919,6054.7198,-6031.9279,-126279.4762,0.0,340.9105,0.0,0.0,0.0,0.0,0.0
mechanic_ids,absorb,18,shadow,Shadow,21,0,0.0,32.7359,6054.7198,-6021.9839,-125855.619,0.0,195.9657,0.0,0.0,0.0,0.0,0.0
mechanic_ids,absorb,18,blade_dancer,Blade Dancer,21,0,0.0,39.419,6054.7198,-6015.3008,-125578.381,0.0,0.0,0.0,0.0,0.0,0.0,0.0
mechanic_ids,absorb,18,thief,Thief,21,0,0.0,39.6047,6054.7198,-6015.1151,-125576.0,0.0,0.0,0.0,0.0,0.0,0.0,0.0
mechanic_ids,crit_negation,18,thief,Thief,17,0,0.0,9.36,5918.3624,-5909.0024,-90934.1765,474.1904,0.0,195.5334,0.0,0.0,0.0,0.0
mechanic_ids,armor,18,thief,Thief,17,0,0.0,9.36,5918.3624,-5909.0024,-90934.1765,474.1904,0.0,195.5334,0.0,0.0,0.0,0.0
mechanic_ids,block,18,thief,Thief,17,0,0.0,9.36,5918.3624,-5909.0024,-90934.1765,474.1904,0.0,195.5334,0.0,0.0,0.0,0.0
mechanic_ids,block,18,blade_dancer,Blade Dancer,17,0,0.0,16.9656,5918.3624,-5901.3968,-90570.4118,714.4214,0.0,316.0524,0.0,0.0,0.0,0.0
mechanic_ids,armor,18,blade_dancer,Blade Dancer,17,0,0.0,16.9656,5918.3624,-5901.3968,-90570.4118,714.4214,0.0,316.0524,0.0,0.0,0.0,0.0
mechanic_ids,crit_negation,18,blade_dancer,Blade Dancer,17,0,0.0,16.9656,5918.3624,-5901.3968,-90570.4118,714.4214,0.0,316.0524,0.0,0.0,0.0,0.0
mechanic_ids,block,18,shadow,Shadow,17,0,0.0,18.1059,5918.3624,-5900.2565,-90516.8235,402.8565,0.0,207.3107,0.0,0.0,0.0,0.0
mechanic_ids,armor,18,shadow,Shadow,17,0,0.0,18.1059,5918.3624,-5900.2565,-90516.8235,402.8565,0.0,207.3107,0.0,0.0,0.0,0.0
mechanic_ids,crit_negation,18,shadow,Shadow,17,0,0.0,18.1059,5918.3624,-5900.2565,-90516.8235,402.8565,0.0,207.3107,0.0,0.0,0.0,0.0
mechanic_ids,crit_negation,18,assassin,Assassin,17,0,0.0,39.4008,5918.3624,-5878.9616,-89506.5882,253.1393,0.0,111.9464,0.0,0.0,0.0,0.0
mechanic_ids,armor,18,assassin,Assassin,17,0,0.0,39.4008,5918.3624,-5878.9616,-89506.5882,253.1393,0.0,111.9464,0.0,0.0,0.0,0.0
mechanic_ids,block,18,assassin,Assassin,17,0,0.0,39.4008,5918.3624,-5878.9616,-89506.5882,253.1393,0.0,111.9464,0.0,0.0,0.0,0.0
mechanic_ids,poison_resistance,18,assassin,Assassin,46,0,0.0,21.6428,5596.4621,-5574.8194,-115622.087,0.0,155.633,0.0,0.0,3.1957,0.0,0.0
mechanic_ids,suppress,18,assassin,Assassin,46,0,0.0,21.6428,5596.4621,-5574.8194,-115622.087,0.0,155.633,0.0,0.0,3.1957,0.0,0.0
mechanic_ids,poison_resistance,18,shadow,Shadow,46,0,0.0,28.437,5596.4621,-5568.0251,-115334.3696,0.0,89.4626,0.0,0.0,4.1087,0.0,0.0
mechanic_ids,suppress,18,shadow,Shadow,46,0,0.0,28.437,5596.4621,-5568.0251,-115334.3696,0.0,89.4626,0.0,0.0,4.1087,0.0,0.0
mechanic_ids,poison_resistance,18,blade_dancer,Blade Dancer,46,0,0.0,30.224,5596.4621,-5566.2381,-115264.2174,0.0,0.0,0.0,0.0,7.1087,0.0,0.0
mechanic_ids,suppress,18,blade_dancer,Blade Dancer,46,0,0.0,30.224,5596.4621,-5566.2381,-115264.2174,0.0,0.0,0.0,0.0,7.1087,0.0,0.0
mechanic_ids,poison_resistance,18,thief,Thief,46,0,0.0,35.7109,5596.4621,-5560.7513,-115027.4783,0.0,0.0,0.0,0.0,4.8478,0.0,0.0
mechanic_ids,suppress,18,thief,Thief,46,0,0.0,35.7109,5596.4621,-5560.7513,-115027.4783,0.0,0.0,0.0,0.0,4.8478,0.0,0.0
mechanic_ids,interrupt_skip_count,18,thief,Thief,17,0,0.0,10.3002,5215.9916,-5205.6913,-112010.6471,0.0,0.0,0.0,0.0,2.4706,14.4118,0.0
mechanic_ids,stun_duration_ms,18,thief,Thief,17,0,0.0,10.3002,5215.9916,-5205.6913,-112010.6471,0.0,0.0,0.0,0.0,2.4706,14.4118,0.0
mechanic_ids,stun_duration_ms,18,blade_dancer,Blade Dancer,17,0,0.0,18.1525,5215.9916,-5197.839,-111673.1176,0.0,0.0,0.0,0.0,10.0,0.0,0.0
mechanic_ids,interrupt_skip_count,18,blade_dancer,Blade Dancer,17,0,0.0,18.1525,5215.9916,-5197.839,-111673.1176,0.0,0.0,0.0,0.0,10.0,0.0,0.0
mechanic_ids,stun_duration_ms,18,assassin,Assassin,17,0,0.0,23.299,5215.9916,-5192.6926,-111465.8235,0.0,0.0,0.0,0.0,2.5882,6.5294,0.0
mechanic_ids,interrupt_skip_count,18,assassin,Assassin,17,0,0.0,23.299,5215.9916,-5192.6926,-111465.8235,0.0,0.0,0.0,0.0,2.5882,6.5294,0.0
mechanic_ids,slow,18,blade_dancer,Blade Dancer,42,0,0.0,20.7405,5213.3333,-5192.5928,-108653.5952,0.0,0.0,0.0,0.0,11.8333,0.0,0.0
mechanic_ids,cleanse_threshold,18,blade_dancer,Blade Dancer,42,0,0.0,20.7405,5213.3333,-5192.5928,-108653.5952,0.0,0.0,0.0,0.0,11.8333,0.0,0.0
mechanic_ids,stun_duration_ms,18,shadow,Shadow,17,0,0.0,24.2688,5215.9916,-5191.7228,-111415.3529,0.0,0.0,0.0,0.0,5.8235,0.0,0.0
mechanic_ids,interrupt_skip_count,18,shadow,Shadow,17,0,0.0,24.2688,5215.9916,-5191.7228,-111415.3529,0.0,0.0,0.0,0.0,5.8235,0.0,0.0
mechanic_ids,cleanse_threshold,18,assassin,Assassin,42,0,0.0,21.7386,5213.3333,-5191.5947,-108611.0952,0.0,0.0,0.0,0.0,4.5476,2.6429,0.0
mechanic_ids,slow,18,assassin,Assassin,42,0,0.0,21.7386,5213.3333,-5191.5947,-108611.0952,0.0,0.0,0.0,0.0,4.5476,2.6429,0.0
mechanic_ids,slow,18,thief,Thief,42,0,0.0,23.4787,5213.3333,-5189.8546,-108532.119,0.0,0.0,0.0,0.0,6.3095,5.8333,0.0
mechanic_ids,cleanse_threshold,18,thief,Thief,42,0,0.0,23.4787,5213.3333,-5189.8546,-108532.119,0.0,0.0,0.0,0.0,6.3095,5.8333,0.0
mechanic_ids,slow,18,shadow,Shadow,42,0,0.0,24.6004,5213.3333,-5188.7329,-108487.4762,0.0,0.0,0.0,0.0,6.8571,0.0,0.0
mechanic_ids,cleanse_threshold,18,shadow,Shadow,42,0,0.0,24.6004,5213.3333,-5188.7329,-108487.4762,0.0,0.0,0.0,0.0,6.8571,0.0,0.0
mechanic_ids,block,17,thief,Thief,21,0,0.0,9.832,4912.6698,-4902.8378,-72219.619,433.0879,0.0,184.4754,0.0,0.0,0.0,0.0
mechanic_ids,armor,17,thief,Thief,21,0,0.0,9.832,4912.6698,-4902.8378,-72219.619,433.0879,0.0,184.4754,0.0,0.0,0.0,0.0
mechanic_ids,crit_negation,17,thief,Thief,21,0,0.0,9.832,4912.6698,-4902.8378,-72219.619,433.0879,0.0,184.4754,0.0,0.0,0.0,0.0
mechanic_ids,block,17,blade_dancer,Blade Dancer,21,0,0.0,17.0096,4912.6698,-4895.6602,-71880.6667,646.5831,0.0,301.5361,0.0,0.0,0.0,0.0
mechanic_ids,armor,17,blade_dancer,Blade Dancer,21,0,0.0,17.0096,4912.6698,-4895.6602,-71880.6667,646.5831,0.0,301.5361,0.0,0.0,0.0,0.0
mechanic_ids,crit_negation,17,blade_dancer,Blade Dancer,21,0,0.0,17.0096,4912.6698,-4895.6602,-71880.6667,646.5831,0.0,301.5361,0.0,0.0,0.0,0.0
mechanic_ids,block,17,shadow,Shadow,21,0,0.0,18.1806,4912.6698,-4894.4892,-71834.9048,364.1021,0.0,176.0018,0.0,0.0,0.0,0.0
mechanic_ids,armor,17,shadow,Shadow,21,0,0.0,18.1806,4912.6698,-4894.4892,-71834.9048,364.1021,0.0,176.0018,0.0,0.0,0.0,0.0
mechanic_ids,crit_negation,17,shadow,Shadow,21,0,0.0,18.1806,4912.6698,-4894.4892,-71834.9048,364.1021,0.0,176.0018,0.0,0.0,0.0,0.0
mechanic_ids,block,17,assassin,Assassin,21,0,0.0,39.5771,4912.6698,-4873.0927,-70868.619,229.4965,0.0,123.3718,0.0,0.0,0.0,0.0
mechanic_ids,armor,17,assassin,Assassin,21,0,0.0,39.5771,4912.6698,-4873.0927,-70868.619,229.4965,0.0,123.3718,0.0,0.0,0.0,0.0
mechanic_ids,crit_negation,17,assassin,Assassin,21,0,0.0,39.5771,4912.6698,-4873.0927,-70868.619,229.4965,0.0,123.3718,0.0,0.0,0.0,0.0
mechanic_ids,absorb,17,assassin,Assassin,24,0,0.0,22.2288,4795.8158,-4773.587,-107331.5833,0.0,385.7083,0.0,0.0,0.0,0.0,0.0
mechanic_ids,absorb,17,shadow,Shadow,24,0,0.0,33.4647,4795.8158,-4762.3511,-106815.5833,0.0,208.5471,0.0,0.0,0.0,0.0,0.0
mechanic_ids,absorb,17,blade_dancer,Blade Dancer,24,0,0.0,38.9162,4795.8158,-4756.8996,-106583.9167,0.0,0.0,0.0,0.0,0.0,0.0,0.0
mechanic_ids,absorb,17,thief,Thief,24,0,0.0,40.0122,4795.8158,-4755.8037,-106529.7083,0.0,0.0,0.0,0.0,0.0,0.0,0.0
mechanic_ids,poison_resistance,17,assassin,Assassin,43,0,0.0,22.1846,4574.0778,-4551.8932,-99320.6744,0.0,215.2791,0.0,0.0,2.5349,0.0,0.0
mechanic_ids,suppress,17,assassin,Assassin,43,0,0.0,22.1846,4574.0778,-4551.8932,-99320.6744,0.0,215.2791,0.0,0.0,2.5349,0.0,0.0
mechanic_ids,poison_resistance,17,shadow,Shadow,43,0,0.0,29.7618,4574.0778,-4544.316,-98981.0698,0.0,116.3984,0.0,0.0,3.2093,0.0,0.0
mechanic_ids,suppress,17,shadow,Shadow,43,0,0.0,29.7618,4574.0778,-4544.316,-98981.0698,0.0,116.3984,0.0,0.0,3.2093,0.0,0.0
mechanic_ids,poison_resistance,17,blade_dancer,Blade Dancer,43,0,0.0,31.7724,4574.0778,-4542.3054,-98897.6512,0.0,0.0,0.0,0.0,5.7209,0.0,0.0
mechanic_ids,suppress,17,blade_dancer,Blade Dancer,43,0,0.0,31.7724,4574.0778,-4542.3054,-98897.6512,0.0,0.0,0.0,0.0,5.7209,0.0,0.0
mechanic_ids,suppress,17,thief,Thief,43,0,0.0,36.0185,4574.0778,-4538.0594,-98707.7674,0.0,0.0,0.0,0.0,3.7907,0.0,0.0
mechanic_ids,poison_resistance,17,thief,Thief,43,0,0.0,36.0185,4574.0778,-4538.0594,-98707.7674,0.0,0.0,0.0,0.0,3.7907,0.0,0.0
mechanic_ids,slow,17,blade_dancer,Blade Dancer,35,0,0.0,20.7388,4259.1575,-4238.4187,-87444.8,0.0,0.0,0.0,0.0,11.5714,0.0,0.0
mechanic_ids,cleanse_threshold,17,blade_dancer,Blade Dancer,35,0,0.0,20.7388,4259.1575,-4238.4187,-87444.8,0.0,0.0,0.0,0.0,11.5714,0.0,0.0
mechanic_ids,slow,17,thief,Thief,35,0,0.0,21.7871,4259.1575,-4237.3704,-87388.0857,0.0,0.0,0.0,0.0,5.7429,6.1429,0.0
mechanic_ids,cleanse_threshold,17,thief,Thief,35,0,0.0,21.7871,4259.1575,-4237.3704,-87388.0857,0.0,0.0,0.0,0.0,5.7429,6.1429,0.0
mechanic_ids,slow,17,assassin,Assassin,35,0,0.0,22.3045,4259.1575,-4236.853,-87381.1714,0.0,0.0,0.0,0.0,4.2857,2.6857,0.0
mechanic_ids,cleanse_threshold,17,assassin,Assassin,35,0,0.0,22.3045,4259.1575,-4236.853,-87381.1714,0.0,0.0,0.0,0.0,4.2857,2.6857,0.0
mechanic_ids,cleanse_threshold,17,shadow,Shadow,35,0,0.0,24.3824,4259.1575,-4234.7751,-87294.9429,0.0,0.0,0.0,0.0,6.4571,0.0,0.0
mechanic_ids,slow,17,shadow,Shadow,35,0,0.0,24.3824,4259.1575,-4234.7751,-87294.9429,0.0,0.0,0.0,0.0,6.4571,0.0,0.0
mechanic_ids,interrupt_skip_count,17,thief,Thief,16,0,0.0,10.8779,4217.7966,-4206.9187,-85678.875,0.0,0.0,0.0,0.0,2.375,13.4375,0.0
mechanic_ids,stun_duration_ms,17,thief,Thief,16,0,0.0,10.8779,4217.7966,-4206.9187,-85678.875,0.0,0.0,0.0,0.0,2.375,13.4375,0.0
mechanic_ids,interrupt_skip_count,17,blade_dancer,Blade Dancer,16,0,0.0,18.352,4217.7966,-4199.4447,-85373.9375,0.0,0.0,0.0,0.0,9.9375,0.0,0.0
mechanic_ids,stun_duration_ms,17,blade_dancer,Blade Dancer,16,0,0.0,18.352,4217.7966,-4199.4447,-85373.9375,0.0,0.0,0.0,0.0,9.9375,0.0,0.0
mechanic_ids,interrupt_skip_count,17,assassin,Assassin,16,0,0.0,22.5132,4217.7966,-4195.2835,-85219.375,0.0,0.0,0.0,0.0,2.5625,5.875,0.0
mechanic_ids,stun_duration_ms,17,assassin,Assassin,16,0,0.0,22.5132,4217.7966,-4195.2835,-85219.375,0.0,0.0,0.0,0.0,2.5625,5.875,0.0
mechanic_ids,stun_duration_ms,17,shadow,Shadow,16,0,0.0,23.5486,4217.7966,-4194.248,-85169.4375,0.0,0.0,0.0,0.0,5.5,0.0,0.0
mechanic_ids,interrupt_skip_count,17,shadow,Shadow,16,0,0.0,23.5486,4217.7966,-4194.248,-85169.4375,0.0,0.0,0.0,0.0,5.5,0.0,0.0
mechanic_ids,crit_negation,16,thief,Thief,24,0,0.0,9.119,3916.9843,-3907.8653,-59115.9167,487.9352,0.0,192.5376,0.0,0.0,0.0,0.0
mechanic_ids,armor,16,thief,Thief,24,0,0.0,9.119,3916.9843,-3907.8653,-59115.9167,487.9352,0.0,192.5376,0.0,0.0,0.0,0.0
mechanic_ids,block,16,thief,Thief,24,0,0.0,9.119,3916.9843,-3907.8653,-59115.9167,487.9352,0.0,192.5376,0.0,0.0,0.0,0.0
mechanic_ids,crit_negation,16,blade_dancer,Blade Dancer,24,0,0.0,16.3461,3916.9843,-3900.6382,-58769.4583,730.5931,0.0,302.4591,0.0,0.0,0.0,0.0
mechanic_ids,armor,16,blade_dancer,Blade Dancer,24,0,0.0,16.3461,3916.9843,-3900.6382,-58769.4583,730.5931,0.0,302.4591,0.0,0.0,0.0,0.0
mechanic_ids,block,16,blade_dancer,Blade Dancer,24,0,0.0,16.3461,3916.9843,-3900.6382,-58769.4583,730.5931,0.0,302.4591,0.0,0.0,0.0,0.0
mechanic_ids,crit_negation,16,shadow,Shadow,24,0,0.0,17.823,3916.9843,-3899.1613,-58701.125,413.2835,0.0,191.1173,0.0,0.0,0.0,0.0
mechanic_ids,armor,16,shadow,Shadow,24,0,0.0,17.823,3916.9843,-3899.1613,-58701.125,413.2835,0.0,191.1173,0.0,0.0,0.0,0.0
mechanic_ids,block,16,shadow,Shadow,24,0,0.0,17.823,3916.9843,-3899.1613,-58701.125,413.2835,0.0,191.1173,0.0,0.0,0.0,0.0
mechanic_ids,crit_negation,16,assassin,Assassin,24,0,0.0,39.1926,3916.9843,-3877.7917,-57701.8333,260.04,0.0,119.758,0.0,0.0,0.0,0.0
mechanic_ids,armor,16,assassin,Assassin,24,0,0.0,39.1926,3916.9843,-3877.7917,-57701.8333,260.04,0.0,119.758,0.0,0.0,0.0,0.0
mechanic_ids,block,16,assassin,Assassin,24,0,0.0,39.1926,3916.9843,-3877.7917,-57701.8333,260.04,0.0,119.758,0.0,0.0,0.0,0.0
mechanic_ids,absorb,16,assassin,Assassin,21,0,0.0,22.4543,3818.7004,-3796.2461,-80680.619,0.0,322.8095,0.0,0.0,0.0,0.0,0.0
mechanic_ids,absorb,16,shadow,Shadow,21,0,0.0,32.3203,3818.7004,-3786.3801,-80268.0952,0.0,190.7781,0.0,0.0,0.0,0.0,0.0
mechanic_ids,absorb,16,blade_dancer,Blade Dancer,21,0,0.0,39.8594,3818.7004,-3778.841,-79959.5714,0.0,0.0,0.0,0.0,0.0,0.0,0.0
mechanic_ids,absorb,16,thief,Thief,21,0,0.0,40.5628,3818.7004,-3778.1376,-79927.5714,0.0,0.0,0.0,0.0,0.0,0.0,0.0
mechanic_ids,suppress,16,assassin,Assassin,38,0,0.0,22.8609,3626.446,-3603.5851,-76408.3684,0.0,178.3947,0.0,0.0,2.5,0.0,0.0
mechanic_ids,poison_resistance,16,assassin,Assassin,38,0,0.0,22.8609,3626.446,-3603.5851,-76408.3684,0.0,178.3947,0.0,0.0,2.5,0.0,0.0
mechanic_ids,poison_resistance,16,shadow,Shadow,38,0,0.0,29.207,3626.446,-3597.239,-76134.1316,0.0,105.43,0.0,0.0,3.2368,0.0,0.0
mechanic_ids,suppress,16,shadow,Shadow,38,0,0.0,29.207,3626.446,-3597.239,-76134.1316,0.0,105.43,0.0,0.0,3.2368,0.0,0.0
mechanic_ids,suppress,16,blade_dancer,Blade Dancer,38,0,0.0,31.7994,3626.446,-3594.6465,-76031.5526,0.0,0.0,0.0,0.0,5.6053,0.0,0.0
mechanic_ids,poison_resistance,16,blade_dancer,Blade Dancer,38,0,0.0,31.7994,3626.446,-3594.6465,-76031.5526,0.0,0.0,0.0,0.0,5.6053,0.0,0.0
mechanic_ids,poison_resistance,16,thief,Thief,38,0,0.0,36.5473,3626.446,-3589.8987,-75817.9211,0.0,0.0,0.0,0.0,3.8158,0.0,0.0
mechanic_ids,suppress,16,thief,Thief,38,0,0.0,36.5473,3626.446,-3589.8987,-75817.9211,0.0,0.0,0.0,0.0,3.8158,0.0,0.0
mechanic_ids,stun_duration_ms,16,thief,Thief,18,0,0.0,10.3372,3581.3984,-3571.0612,-80585.2778,0.0,0.0,0.0,0.0,2.3333,15.3333,0.0
mechanic_ids,interrupt_skip_count,16,thief,Thief,18,0,0.0,10.3372,3581.3984,-3571.0612,-80585.2778,0.0,0.0,0.0,0.0,2.3333,15.3333,0.0
mechanic_ids,stun_duration_ms,16,blade_dancer,Blade Dancer,18,0,0.0,18.7072,3581.3984,-3562.6912,-80209.1667,0.0,0.0,0.0,0.0,9.9444,0.0,0.0
mechanic_ids,interrupt_skip_count,16,blade_dancer,Blade Dancer,18,0,0.0,18.7072,3581.3984,-3562.6912,-80209.1667,0.0,0.0,0.0,0.0,9.9444,0.0,0.0
mechanic_ids,stun_duration_ms,16,assassin,Assassin,18,0,0.0,22.7402,3581.3984,-3558.6583,-80045.2778,0.0,0.0,0.0,0.0,2.6111,7.2222,0.0
mechanic_ids,interrupt_skip_count,16,assassin,Assassin,18,0,0.0,22.7402,3581.3984,-3558.6583,-80045.2778,0.0,0.0,0.0,0.0,2.6111,7.2222,0.0
mechanic_ids,interrupt_skip_count,16,shadow,Shadow,18,0,0.0,25.4096,3581.3984,-3555.9888,-79918.9444,0.0,0.0,0.0,0.0,5.6667,0.0,0.0
mechanic_ids,stun_duration_ms,16,shadow,Shadow,18,0,0.0,25.4096,3581.3984,-3555.9888,-79918.9444,0.0,0.0,0.0,0.0,5.6667,0.0,0.0
mechanic_ids,slow,16,blade_dancer,Blade Dancer,35,0,0.0,20.2303,3487.926,-3467.6957,-75823.2286,0.0,0.0,0.0,0.0,11.2,0.0,0.0
mechanic_ids,cleanse_threshold,16,blade_dancer,Blade Dancer,35,0,0.0,20.2303,3487.926,-3467.6957,-75823.2286,0.0,0.0,0.0,0.0,11.2,0.0,0.0
mechanic_ids,slow,16,thief,Thief,35,0,0.0,20.6585,3487.926,-3467.2675,-75803.9143,0.0,0.0,0.0,0.0,5.3429,7.8857,0.0
mechanic_ids,cleanse_threshold,16,thief,Thief,35,0,0.0,20.6585,3487.926,-3467.2675,-75803.9143,0.0,0.0,0.0,0.0,5.3429,7.8857,0.0
mechanic_ids,cleanse_threshold,16,assassin,Assassin,35,0,0.0,23.0428,3487.926,-3464.8833,-75715.4286,0.0,0.0,0.0,0.0,4.0571,3.7143,0.0
mechanic_ids,slow,16,assassin,Assassin,35,0,0.0,23.0428,3487.926,-3464.8833,-75715.4286,0.0,0.0,0.0,0.0,4.0571,3.7143,0.0
mechanic_ids,slow,16,shadow,Shadow,35,0,0.0,25.386,3487.926,-3462.54,-75600.2286,0.0,0.0,0.0,0.0,6.4286,0.0,0.0
mechanic_ids,cleanse_threshold,16,shadow,Shadow,35,0,0.0,25.386,3487.926,-3462.54,-75600.2286,0.0,0.0,0.0,0.0,6.4286,0.0,0.0
mechanic_ids,absorb,15,assassin,Assassin,20,0,0.0,22.104,3082.6098,-3060.5058,-61245.45,0.0,349.15,0.0,0.0,0.0,0.0,0.0
mechanic_ids,absorb,15,shadow,Shadow,20,0,0.0,32.4982,3082.6098,-3050.1116,-60817.2,0.0,187.0505,0.0,0.0,0.0,0.0,0.0
mechanic_ids,absorb,15,blade_dancer,Blade Dancer,20,0,0.0,39.417,3082.6098,-3043.1928,-60536.1,0.0,0.0,0.0,0.0,0.0,0.0,0.0
mechanic_ids,absorb,15,thief,Thief,20,0,0.0,40.1919,3082.6098,-3042.4179,-60512.9,0.0,0.0,0.0,0.0,0.0,0.0,0.0
mechanic_ids,block,15,thief,Thief,22,0,0.0,8.9821,3031.8484,-3022.8663,-40646.6364,424.2308,0.0,187.5175,0.0,0.0,0.0,0.0
mechanic_ids,crit_negation,15,thief,Thief,22,0,0.0,8.9821,3031.8484,-3022.8663,-40646.6364,424.2308,0.0,187.5175,0.0,0.0,0.0,0.0
mechanic_ids,armor,15,thief,Thief,22,0,0.0,8.9821,3031.8484,-3022.8663,-40646.6364,424.2308,0.0,187.5175,0.0,0.0,0.0,0.0
mechanic_ids,crit_negation,15,blade_dancer,Blade Dancer,22,0,0.0,15.5279,3031.8484,-3016.3204,-40363.4545,630.1805,0.0,277.5387,0.0,0.0,0.0,0.0
mechanic_ids,armor,15,blade_dancer,Blade Dancer,22,0,0.0,15.5279,3031.8484,-3016.3204,-40363.4545,630.1805,0.0,277.5387,0.0,0.0,0.0,0.0
mechanic_ids,block,15,blade_dancer,Blade Dancer,22,0,0.0,15.5279,3031.8484,-3016.3204,-40363.4545,630.1805,0.0,277.5387,0.0,0.0,0.0,0.0
mechanic_ids,block,15,shadow,Shadow,22,0,0.0,17.5804,3031.8484,-3014.268,-40284.4545,359.8553,0.0,131.1393,0.0,0.0,0.0,0.0
mechanic_ids,armor,15,shadow,Shadow,22,0,0.0,17.5804,3031.8484,-3014.268,-40284.4545,359.8553,0.0,131.1393,0.0,0.0,0.0,0.0
mechanic_ids,crit_negation,15,shadow,Shadow,22,0,0.0,17.5804,3031.8484,-3014.268,-40284.4545,359.8553,0.0,131.1393,0.0,0.0,0.0,0.0
mechanic_ids,block,15,assassin,Assassin,22,0,0.0,39.2714,3031.8484,-2992.577,-39383.5455,226.7745,0.0,108.7417,0.0,0.0,0.0,0.0
mechanic_ids,armor,15,assassin,Assassin,22,0,0.0,39.2714,3031.8484,-2992.577,-39383.5455,226.7745,0.0,108.7417,0.0,0.0,0.0,0.0
mechanic_ids,crit_negation,15,assassin,Assassin,22,0,0.0,39.2714,3031.8484,-2992.577,-39383.5455,226.7745,0.0,108.7417,0.0,0.0,0.0,0.0
mechanic_ids,poison_resistance,15,assassin,Assassin,37,0,0.0,22.4026,2893.8556,-2871.453,-56081.8378,0.0,188.7297,0.0,0.0,2.4054,0.0,0.0
mechanic_ids,suppress,15,assassin,Assassin,37,0,0.0,22.4026,2893.8556,-2871.453,-56081.8378,0.0,188.7297,0.0,0.0,2.4054,0.0,0.0
mechanic_ids,poison_resistance,15,shadow,Shadow,37,0,0.0,29.171,2893.8556,-2864.6846,-55802.9459,0.0,101.1084,0.0,0.0,3.1351,0.0,0.0
mechanic_ids,suppress,15,shadow,Shadow,37,0,0.0,29.171,2893.8556,-2864.6846,-55802.9459,0.0,101.1084,0.0,0.0,3.1351,0.0,0.0
mechanic_ids,suppress,15,blade_dancer,Blade Dancer,37,0,0.0,31.9049,2893.8556,-2861.9507,-55690.6486,0.0,0.0,0.0,0.0,5.5135,0.0,0.0
mechanic_ids,poison_resistance,15,blade_dancer,Blade Dancer,37,0,0.0,31.9049,2893.8556,-2861.9507,-55690.6486,0.0,0.0,0.0,0.0,5.5135,0.0,0.0
mechanic_ids,poison_resistance,15,thief,Thief,37,0,0.0,36.7722,2893.8556,-2857.0834,-55500.1622,0.0,0.0,0.0,0.0,3.6216,0.0,0.0
mechanic_ids,suppress,15,thief,Thief,37,0,0.0,36.7722,2893.8556,-2857.0834,-55500.1622,0.0,0.0,0.0,0.0,3.6216,0.0,0.0
mechanic_ids,interrupt_skip_count,15,thief,Thief,21,0,0.0,10.5226,2769.4412,-2758.9186,-57517.4762,0.0,0.0,0.0,0.0,2.3333,14.1905,0.0
mechanic_ids,stun_duration_ms,15,thief,Thief,21,0,0.0,10.5226,2769.4412,-2758.9186,-57517.4762,0.0,0.0,0.0,0.0,2.3333,14.1905,0.0
mechanic_ids,stun_duration_ms,15,blade_dancer,Blade Dancer,21,0,0.0,18.3649,2769.4412,-2751.0762,-57189.0476,0.0,0.0,0.0,0.0,10.3333,0.0,0.0
mechanic_ids,interrupt_skip_count,15,blade_dancer,Blade Dancer,21,0,0.0,18.3649,2769.4412,-2751.0762,-57189.0476,0.0,0.0,0.0,0.0,10.3333,0.0,0.0
mechanic_ids,stun_duration_ms,15,assassin,Assassin,21,0,0.0,23.0673,2769.4412,-2746.3739,-57003.7619,0.0,0.0,0.0,0.0,2.4286,6.4286,0.0
mechanic_ids,interrupt_skip_count,15,assassin,Assassin,21,0,0.0,23.0673,2769.4412,-2746.3739,-57003.7619,0.0,0.0,0.0,0.0,2.4286,6.4286,0.0
mechanic_ids,stun_duration_ms,15,shadow,Shadow,21,0,0.0,23.3236,2769.4412,-2746.1176,-56977.2857,0.0,0.0,0.0,0.0,5.7619,0.0,0.0
mechanic_ids,interrupt_skip_count,15,shadow,Shadow,21,0,0.0,23.3236,2769.4412,-2746.1176,-56977.2857,0.0,0.0,0.0,0.0,5.7619,0.0,0.0
mechanic_ids,cleanse_threshold,15,thief,Thief,38,0,0.0,20.4659,2725.7559,-2705.29,-53976.7105,0.0,0.0,0.0,0.0,4.8158,7.8421,0.0
mechanic_ids,slow,15,thief,Thief,38,0,0.0,20.4659,2725.7559,-2705.29,-53976.7105,0.0,0.0,0.0,0.0,4.8158,7.8421,0.0
mechanic_ids,slow,15,blade_dancer,Blade Dancer,38,0,0.0,20.4685,2725.7559,-2705.2874,-53968.4737,0.0,0.0,0.0,0.0,11.0789,0.0,0.0
mechanic_ids,cleanse_threshold,15,blade_dancer,Blade Dancer,38,0,0.0,20.4685,2725.7559,-2705.2874,-53968.4737,0.0,0.0,0.0,0.0,11.0789,0.0,0.0
mechanic_ids,slow,15,assassin,Assassin,38,0,0.0,22.9271,2725.7559,-2702.8289,-53873.6316,0.0,0.0,0.0,0.0,3.6842,3.5526,0.0
mechanic_ids,cleanse_threshold,15,assassin,Assassin,38,0,0.0,22.9271,2725.7559,-2702.8289,-53873.6316,0.0,0.0,0.0,0.0,3.6842,3.5526,0.0
mechanic_ids,cleanse_threshold,15,shadow,Shadow,38,0,0.0,24.1884,2725.7559,-2701.5675,-53812.8421,0.0,0.0,0.0,0.0,6.2368,0.0,0.0
mechanic_ids,slow,15,shadow,Shadow,38,0,0.0,24.1884,2725.7559,-2701.5675,-53812.8421,0.0,0.0,0.0,0.0,6.2368,0.0,0.0
mechanic_ids,block,14,thief,Thief,15,0,0.0,9.458,2608.0593,-2598.6013,-39101.8667,461.1659,0.0,194.0125,0.0,0.0,0.0,0.0
mechanic_ids,armor,14,thief,Thief,15,0,0.0,9.458,2608.0593,-2598.6013,-39101.8667,461.1659,0.0,194.0125,0.0,0.0,0.0,0.0
mechanic_ids,crit_negation,14,thief,Thief,15,0,0.0,9.458,2608.0593,-2598.6013,-39101.8667,461.1659,0.0,194.0125,0.0,0.0,0.0,0.0
mechanic_ids,crit_negation,14,blade_dancer,Blade Dancer,15,0,0.0,16.5796,2608.0593,-2591.4797,-38765.1333,677.2498,0.0,276.4222,0.0,0.0,0.0,0.0
mechanic_ids,armor,14,blade_dancer,Blade Dancer,15,0,0.0,16.5796,2608.0593,-2591.4797,-38765.1333,677.2498,0.0,276.4222,0.0,0.0,0.0,0.0
mechanic_ids,block,14,blade_dancer,Blade Dancer,15,0,0.0,16.5796,2608.0593,-2591.4797,-38765.1333,677.2498,0.0,276.4222,0.0,0.0,0.0,0.0
mechanic_ids,crit_negation,14,shadow,Shadow,15,0,0.0,17.9851,2608.0593,-2590.0741,-38699.8,396.417,0.0,204.5567,0.0,0.0,0.0,0.0
mechanic_ids,armor,14,shadow,Shadow,15,0,0.0,17.9851,2608.0593,-2590.0741,-38699.8,396.417,0.0,204.5567,0.0,0.0,0.0,0.0
mechanic_ids,block,14,shadow,Shadow,15,0,0.0,17.9851,2608.0593,-2590.0741,-38699.8,396.417,0.0,204.5567,0.0,0.0,0.0,0.0
mechanic_ids,crit_negation,14,assassin,Assassin,15,0,0.0,39.4332,2608.0593,-2568.6261,-37704.1333,247.4822,0.0,106.6818,0.0,0.0,0.0,0.0
mechanic_ids,armor,14,assassin,Assassin,15,0,0.0,39.4332,2608.0593,-2568.6261,-37704.1333,247.4822,0.0,106.6818,0.0,0.0,0.0,0.0
mechanic_ids,block,14,assassin,Assassin,15,0,0.0,39.4332,2608.0593,-2568.6261,-37704.1333,247.4822,0.0,106.6818,0.0,0.0,0.0,0.0
mechanic_ids,absorb,14,assassin,Assassin,14,0,0.0,22.3005,2566.7316,-2544.4311,-56077.8571,0.0,358.0,0.0,0.0,0.0,0.0,0.0
mechanic_ids,absorb,14,shadow,Shadow,14,0,0.0,32.3663,2566.7316,-2534.3654,-55636.3571,0.0,207.7493,0.0,0.0,0.0,0.0,0.0
mechanic_ids,absorb,14,blade_dancer,Blade Dancer,14,0,0.0,38.4642,2566.7316,-2528.2674,-55378.2143,0.0,0.0,0.0,0.0,0.0,0.0,0.0
mechanic_ids,absorb,14,thief,Thief,14,0,0.0,39.4611,2566.7316,-2527.2705,-55333.9286,0.0,0.0,0.0,0.0,0.0,0.0,0.0
mechanic_ids,suppress,14,assassin,Assassin,41,0,0.0,22.5104,2328.3597,-2305.8493,-47765.1951,0.0,122.2439,0.0,0.0,3.7317,0.0,0.0
mechanic_ids,poison_resistance,14,assassin,Assassin,41,0,0.0,22.5104,2328.3597,-2305.8493,-47765.1951,0.0,122.2439,0.0,0.0,3.7317,0.0,0.0
mechanic_ids,poison_resistance,14,shadow,Shadow,41,0,0.0,27.6745,2328.3597,-2300.6852,-47530.3171,0.0,70.9388,0.0,0.0,4.7073,0.0,0.0
mechanic_ids,suppress,14,shadow,Shadow,41,0,0.0,27.6745,2328.3597,-2300.6852,-47530.3171,0.0,70.9388,0.0,0.0,4.7073,0.0,0.0
mechanic_ids,poison_resistance,14,blade_dancer,Blade Dancer,41,0,0.0,28.2844,2328.3597,-2300.0753,-47507.4634,0.0,0.0,0.0,0.0,8.2195,0.0,0.0
mechanic_ids,suppress,14,blade_dancer,Blade Dancer,41,0,0.0,28.2844,2328.3597,-2300.0753,-47507.4634,0.0,0.0,0.0,0.0,8.2195,0.0,0.0
mechanic_ids,suppress,14,thief,Thief,41,0,0.0,34.845,2328.3597,-2293.5148,-47226.8293,0.0,0.0,0.0,0.0,5.5366,0.0,0.0
mechanic_ids,poison_resistance,14,thief,Thief,41,0,0.0,34.845,2328.3597,-2293.5148,-47226.8293,0.0,0.0,0.0,0.0,5.5366,0.0,0.0
mechanic_ids,interrupt_skip_count,14,thief,Thief,24,0,0.0,10.6177,2194.7261,-2184.1084,-49665.5417,0.0,0.0,0.0,0.0,2.6667,15.2917,0.0
mechanic_ids,stun_duration_ms,14,thief,Thief,24,0,0.0,10.6177,2194.7261,-2184.1084,-49665.5417,0.0,0.0,0.0,0.0,2.6667,15.2917,0.0
mechanic_ids,cleanse_threshold,14,blade_dancer,Blade Dancer,51,0,0.0,20.7284,2200.0379,-2179.3095,-46205.7647,0.0,0.0,0.0,0.0,11.7843,0.0,0.0
mechanic_ids,slow,14,blade_dancer,Blade Dancer,51,0,0.0,20.7284,2200.0379,-2179.3095,-46205.7647,0.0,0.0,0.0,0.0,11.7843,0.0,0.0
mechanic_ids,slow,14,thief,Thief,51,0,0.0,22.1767,2200.0379,-2177.8612,-46148.9804,0.0,0.0,0.0,0.0,5.7059,7.1961,0.0
mechanic_ids,cleanse_threshold,14,thief,Thief,51,0,0.0,22.1767,2200.0379,-2177.8612,-46148.9804,0.0,0.0,0.0,0.0,5.7059,7.1961,0.0
mechanic_ids,cleanse_threshold,14,assassin,Assassin,51,0,0.0,22.7799,2200.0379,-2177.258,-46126.4314,0.0,0.0,0.0,0.0,4.3529,3.1961,0.0
mechanic_ids,slow,14,assassin,Assassin,51,0,0.0,22.7799,2200.0379,-2177.258,-46126.4314,0.0,0.0,0.0,0.0,4.3529,3.1961,0.0
mechanic_ids,interrupt_skip_count,14,blade_dancer,Blade Dancer,24,0,0.0,18.1662,2194.7261,-2176.5599,-49332.625,0.0,0.0,0.0,0.0,11.0,0.0,0.0
mechanic_ids,stun_duration_ms,14,blade_dancer,Blade Dancer,24,0,0.0,18.1662,2194.7261,-2176.5599,-49332.625,0.0,0.0,0.0,0.0,11.0,0.0,0.0
mechanic_ids,cleanse_threshold,14,shadow,Shadow,51,0,0.0,25.0782,2200.0379,-2174.9597,-46016.3922,0.0,0.0,0.0,0.0,6.7059,0.0,0.0
mechanic_ids,slow,14,shadow,Shadow,51,0,0.0,25.0782,2200.0379,-2174.9597,-46016.3922,0.0,0.0,0.0,0.0,6.7059,0.0,0.0
mechanic_ids,interrupt_skip_count,14,assassin,Assassin,24,0,0.0,22.9607,2194.7261,-2171.7654,-49131.875,0.0,0.0,0.0,0.0,2.875,6.7917,0.0
mechanic_ids,stun_duration_ms,14,assassin,Assassin,24,0,0.0,22.9607,2194.7261,-2171.7654,-49131.875,0.0,0.0,0.0,0.0,2.875,6.7917,0.0
mechanic_ids,stun_duration_ms,14,shadow,Shadow,24,0,0.0,24.8943,2194.7261,-2169.8318,-49041.75,0.0,0.0,0.0,0.0,6.2083,0.0,0.0
mechanic_ids,interrupt_skip_count,14,shadow,Shadow,24,0,0.0,24.8943,2194.7261,-2169.8318,-49041.75,0.0,0.0,0.0,0.0,6.2083,0.0,0.0
mechanic_ids,crit_negation,13,thief,Thief,22,0,0.0,9.3841,2125.1149,-2115.7308,-31827.7273,466.7683,0.0,190.7657,0.0,0.0,0.0,0.0
mechanic_ids,armor,13,thief,Thief,22,0,0.0,9.3841,2125.1149,-2115.7308,-31827.7273,466.7683,0.0,190.7657,0.0,0.0,0.0,0.0
mechanic_ids,block,13,thief,Thief,22,0,0.0,9.3841,2125.1149,-2115.7308,-31827.7273,466.7683,0.0,190.7657,0.0,0.0,0.0,0.0
mechanic_ids,crit_negation,13,blade_dancer,Blade Dancer,22,0,0.0,16.6877,2125.1149,-2108.4271,-31475.7727,698.1708,0.0,309.1791,0.0,0.0,0.0,0.0
mechanic_ids,armor,13,blade_dancer,Blade Dancer,22,0,0.0,16.6877,2125.1149,-2108.4271,-31475.7727,698.1708,0.0,309.1791,0.0,0.0,0.0,0.0
mechanic_ids,block,13,blade_dancer,Blade Dancer,22,0,0.0,16.6877,2125.1149,-2108.4271,-31475.7727,698.1708,0.0,309.1791,0.0,0.0,0.0,0.0
mechanic_ids,block,13,shadow,Shadow,22,0,0.0,18.0337,2125.1149,-2107.0812,-31416.2273,392.201,0.0,189.0274,0.0,0.0,0.0,0.0
mechanic_ids,armor,13,shadow,Shadow,22,0,0.0,18.0337,2125.1149,-2107.0812,-31416.2273,392.201,0.0,189.0274,0.0,0.0,0.0,0.0
mechanic_ids,crit_negation,13,shadow,Shadow,22,0,0.0,18.0337,2125.1149,-2107.0812,-31416.2273,392.201,0.0,189.0274,0.0,0.0,0.0,0.0
mechanic_ids,block,13,assassin,Assassin,22,0,0.0,39.4102,2125.1149,-2085.7047,-30414.2727,246.9632,0.0,114.75,0.0,0.0,0.0,0.0
mechanic_ids,armor,13,assassin,Assassin,22,0,0.0,39.4102,2125.1149,-2085.7047,-30414.2727,246.9632,0.0,114.75,0.0,0.0,0.0,0.0
mechanic_ids,crit_negation,13,assassin,Assassin,22,0,0.0,39.4102,2125.1149,-2085.7047,-30414.2727,246.9632,0.0,114.75,0.0,0.0,0.0,0.0
mechanic_ids,absorb,13,assassin,Assassin,18,0,0.0,21.7285,2067.5438,-2045.8153,-46063.8889,0.0,387.0,0.0,0.0,0.0,0.0,0.0
mechanic_ids,absorb,13,shadow,Shadow,18,0,0.0,32.8765,2067.5438,-2034.6673,-45547.2778,0.0,211.4161,0.0,0.0,0.0,0.0,0.0
mechanic_ids,absorb,13,blade_dancer,Blade Dancer,18,0,0.0,38.7861,2067.5438,-2028.7577,-45290.1667,0.0,0.0,0.0,0.0,0.0,0.0,0.0
mechanic_ids,absorb,13,thief,Thief,18,0,0.0,39.238,2067.5438,-2028.3058,-45265.5556,0.0,0.0,0.0,0.0,0.0,0.0,0.0
mechanic_ids,poison_resistance,13,assassin,Assassin,37,0,0.0,22.0188,1957.0442,-1935.0254,-42661.4865,0.0,188.2703,0.0,0.0,3.1622,0.0,0.0
mechanic_ids,suppress,13,assassin,Assassin,37,0,0.0,22.0188,1957.0442,-1935.0254,-42661.4865,0.0,188.2703,0.0,0.0,3.1622,0.0,0.0
mechanic_ids,poison_resistance,13,shadow,Shadow,37,0,0.0,29.1338,1957.0442,-1927.9105,-42332.4324,0.0,102.8511,0.0,0.0,4.0,0.0,0.0
mechanic_ids,suppress,13,shadow,Shadow,37,0,0.0,29.1338,1957.0442,-1927.9105,-42332.4324,0.0,102.8511,0.0,0.0,4.0,0.0,0.0
mechanic_ids,suppress,13,blade_dancer,Blade Dancer,37,0,0.0,30.1951,1957.0442,-1926.8491,-42282.2162,0.0,0.0,0.0,0.0,7.0,0.0,0.0
mechanic_ids,poison_resistance,13,blade_dancer,Blade Dancer,37,0,0.0,30.1951,1957.0442,-1926.8491,-42282.2162,0.0,0.0,0.0,0.0,7.0,0.0,0.0
mechanic_ids,poison_resistance,13,thief,Thief,37,0,0.0,35.5118,1957.0442,-1921.5324,-42045.6757,0.0,0.0,0.0,0.0,4.6216,0.0,0.0
mechanic_ids,suppress,13,thief,Thief,37,0,0.0,35.5118,1957.0442,-1921.5324,-42045.6757,0.0,0.0,0.0,0.0,4.6216,0.0,0.0
mechanic_ids,cleanse_threshold,13,blade_dancer,Blade Dancer,40,0,0.0,20.4163,1835.8454,-1815.4291,-40639.175,0.0,0.0,0.0,0.0,11.975,0.0,0.0
mechanic_ids,slow,13,blade_dancer,Blade Dancer,40,0,0.0,20.4163,1835.8454,-1815.4291,-40639.175,0.0,0.0,0.0,0.0,11.975,0.0,0.0
mechanic_ids,cleanse_threshold,13,thief,Thief,40,0,0.0,20.7338,1835.8454,-1815.1116,-40628.425,0.0,0.0,0.0,0.0,5.6,8.3,0.0
mechanic_ids,slow,13,thief,Thief,40,0,0.0,20.7338,1835.8454,-1815.1116,-40628.425,0.0,0.0,0.0,0.0,5.6,8.3,0.0
mechanic_ids,cleanse_threshold,13,assassin,Assassin,40,0,0.0,22.6137,1835.8454,-1813.2317,-40553.65,0.0,0.0,0.0,0.0,4.375,3.75,0.0
mechanic_ids,slow,13,assassin,Assassin,40,0,0.0,22.6137,1835.8454,-1813.2317,-40553.65,0.0,0.0,0.0,0.0,4.375,3.75,0.0
mechanic_ids,cleanse_threshold,13,shadow,Shadow,40,0,0.0,25.2965,1835.8454,-1810.5489,-40425.625,0.0,0.0,0.0,0.0,6.825,0.0,0.0
mechanic_ids,slow,13,shadow,Shadow,40,0,0.0,25.2965,1835.8454,-1810.5489,-40425.625,0.0,0.0,0.0,0.0,6.825,0.0,0.0
mechanic_ids,interrupt_skip_count,13,thief,Thief,21,0,0.0,10.5571,1820.9033,-1810.3461,-42106.0476,0.0,0.0,0.0,0.0,2.5238,15.8095,0.0
mechanic_ids,stun_duration_ms,13,thief,Thief,21,0,0.0,10.5571,1820.9033,-1810.3461,-42106.0476,0.0,0.0,0.0,0.0,2.5238,15.8095,0.0
mechanic_ids,interrupt_skip_count,13,blade_dancer,Blade Dancer,21,0,0.0,18.9326,1820.9033,-1801.9707,-41730.8571,0.0,0.0,0.0,0.0,10.4762,0.0,0.0
mechanic_ids,stun_duration_ms,13,blade_dancer,Blade Dancer,21,0,0.0,18.9326,1820.9033,-1801.9707,-41730.8571,0.0,0.0,0.0,0.0,10.4762,0.0,0.0
mechanic_ids,interrupt_skip_count,13,assassin,Assassin,21,0,0.0,22.9031,1820.9033,-1798.0002,-41562.9048,0.0,0.0,0.0,0.0,2.7619,7.1429,0.0
mechanic_ids,stun_duration_ms,13,assassin,Assassin,21,0,0.0,22.9031,1820.9033,-1798.0002,-41562.9048,0.0,0.0,0.0,0.0,2.7619,7.1429,0.0
mechanic_ids,interrupt_skip_count,13,shadow,Shadow,21,0,0.0,25.0328,1820.9033,-1795.8704,-41456.0,0.0,0.0,0.0,0.0,5.9524,0.0,0.0
mechanic_ids,stun_duration_ms,13,shadow,Shadow,21,0,0.0,25.0328,1820.9033,-1795.8704,-41456.0,0.0,0.0,0.0,0.0,5.9524,0.0,0.0
mechanic_ids,absorb,12,assassin,Assassin,27,0,0.0,22.3665,1708.9317,-1686.5652,-33328.3333,0.0,324.7037,0.0,0.0,0.0,0.0,0.0
mechanic_ids,crit_negation,12,thief,Thief,14,0,0.0,8.9925,1692.7654,-1683.7728,-23171.1429,444.0937,0.0,179.814,0.0,0.0,0.0,0.0
mechanic_ids,armor,12,thief,Thief,14,0,0.0,8.9925,1692.7654,-1683.7728,-23171.1429,444.0937,0.0,179.814,0.0,0.0,0.0,0.0
mechanic_ids,block,12,thief,Thief,14,0,0.0,8.9925,1692.7654,-1683.7728,-23171.1429,444.0937,0.0,179.814,0.0,0.0,0.0,0.0
mechanic_ids,block,12,blade_dancer,Blade Dancer,14,0,0.0,15.5047,1692.7654,-1677.2606,-22883.3571,653.0111,0.0,210.0745,0.0,0.0,0.0,0.0
mechanic_ids,armor,12,blade_dancer,Blade Dancer,14,0,0.0,15.5047,1692.7654,-1677.2606,-22883.3571,653.0111,0.0,210.0745,0.0,0.0,0.0,0.0
mechanic_ids,crit_negation,12,blade_dancer,Blade Dancer,14,0,0.0,15.5047,1692.7654,-1677.2606,-22883.3571,653.0111,0.0,210.0745,0.0,0.0,0.0,0.0
mechanic_ids,absorb,12,shadow,Shadow,27,0,0.0,32.8474,1708.9317,-1676.0843,-32892.0,0.0,182.2552,0.0,0.0,0.0,0.0,0.0
mechanic_ids,block,12,shadow,Shadow,14,0,0.0,17.7235,1692.7654,-1675.0418,-22789.3571,370.8744,0.0,192.4086,0.0,0.0,0.0,0.0
mechanic_ids,armor,12,shadow,Shadow,14,0,0.0,17.7235,1692.7654,-1675.0418,-22789.3571,370.8744,0.0,192.4086,0.0,0.0,0.0,0.0
mechanic_ids,crit_negation,12,shadow,Shadow,14,0,0.0,17.7235,1692.7654,-1675.0418,-22789.3571,370.8744,0.0,192.4086,0.0,0.0,0.0,0.0
mechanic_ids,absorb,12,blade_dancer,Blade Dancer,27,0,0.0,38.9195,1708.9317,-1670.0122,-32661.1481,0.0,0.0,0.0,0.0,0.0,0.0,0.0
mechanic_ids,absorb,12,thief,Thief,27,0,0.0,39.3106,1708.9317,-1669.6211,-32646.5556,0.0,0.0,0.0,0.0,0.0,0.0,0.0
mechanic_ids,crit_negation,12,assassin,Assassin,14,0,0.0,39.1944,1692.7654,-1653.571,-21860.3571,234.5795,0.0,106.4235,0.0,0.0,0.0,0.0
mechanic_ids,armor,12,assassin,Assassin,14,0,0.0,39.1944,1692.7654,-1653.571,-21860.3571,234.5795,0.0,106.4235,0.0,0.0,0.0,0.0
mechanic_ids,block,12,assassin,Assassin,14,0,0.0,39.1944,1692.7654,-1653.571,-21860.3571,234.5795,0.0,106.4235,0.0,0.0,0.0,0.0
mechanic_ids,suppress,12,assassin,Assassin,44,0,0.0,22.6377,1607.7556,-1585.1179,-31043.2727,0.0,199.25,0.0,0.0,2.0227,0.0,0.0
mechanic_ids,poison_resistance,12,assassin,Assassin,44,0,0.0,22.6377,1607.7556,-1585.1179,-31043.2727,0.0,199.25,0.0,0.0,2.0227,0.0,0.0
mechanic_ids,poison_resistance,12,shadow,Shadow,44,0,0.0,29.9623,1607.7556,-1577.7933,-30736.8636,0.0,111.8384,0.0,0.0,2.6136,0.0,0.0
mechanic_ids,suppress,12,shadow,Shadow,44,0,0.0,29.9623,1607.7556,-1577.7933,-30736.8636,0.0,111.8384,0.0,0.0,2.6136,0.0,0.0
mechanic_ids,poison_resistance,12,blade_dancer,Blade Dancer,44,0,0.0,32.5279,1607.7556,-1575.2277,-30644.8182,0.0,0.0,0.0,0.0,4.5909,0.0,0.0
mechanic_ids,suppress,12,blade_dancer,Blade Dancer,44,0,0.0,32.5279,1607.7556,-1575.2277,-30644.8182,0.0,0.0,0.0,0.0,4.5909,0.0,0.0
mechanic_ids,suppress,12,thief,Thief,44,0,0.0,36.5447,1607.7556,-1571.2108,-30481.5455,0.0,0.0,0.0,0.0,3.0455,0.0,0.0
mechanic_ids,poison_resistance,12,thief,Thief,44,0,0.0,36.5447,1607.7556,-1571.2108,-30481.5455,0.0,0.0,0.0,0.0,3.0455,0.0,0.0
mechanic_ids,interrupt_skip_count,12,thief,Thief,22,0,0.0,10.0025,1483.4553,-1473.4527,-31415.4091,0.0,0.0,0.0,0.0,2.0909,14.4545,0.0
mechanic_ids,stun_duration_ms,12,thief,Thief,22,0,0.0,10.0025,1483.4553,-1473.4527,-31415.4091,0.0,0.0,0.0,0.0,2.0909,14.4545,0.0
mechanic_ids,interrupt_skip_count,12,blade_dancer,Blade Dancer,22,0,0.0,18.0075,1483.4553,-1465.4477,-31080.2727,0.0,0.0,0.0,0.0,9.7727,0.0,0.0
mechanic_ids,stun_duration_ms,12,blade_dancer,Blade Dancer,22,0,0.0,18.0075,1483.4553,-1465.4477,-31080.2727,0.0,0.0,0.0,0.0,9.7727,0.0,0.0
mechanic_ids,stun_duration_ms,12,assassin,Assassin,22,0,0.0,22.341,1483.4553,-1461.1143,-30910.8636,0.0,0.0,0.0,0.0,2.5909,6.3182,0.0
mechanic_ids,interrupt_skip_count,12,assassin,Assassin,22,0,0.0,22.341,1483.4553,-1461.1143,-30910.8636,0.0,0.0,0.0,0.0,2.5909,6.3182,0.0
mechanic_ids,interrupt_skip_count,12,shadow,Shadow,22,0,0.0,24.2855,1483.4553,-1459.1697,-30817.8182,0.0,0.0,0.0,0.0,5.4091,0.0,0.0
mechanic_ids,stun_duration_ms,12,shadow,Shadow,22,0,0.0,24.2855,1483.4553,-1459.1697,-30817.8182,0.0,0.0,0.0,0.0,5.4091,0.0,0.0
mechanic_ids,cleanse_threshold,12,thief,Thief,39,0,0.0,19.6573,1467.5924,-1447.9351,-29509.4872,0.0,0.0,0.0,0.0,4.6154,8.1538,0.0
mechanic_ids,slow,12,thief,Thief,39,0,0.0,19.6573,1467.5924,-1447.9351,-29509.4872,0.0,0.0,0.0,0.0,4.6154,8.1538,0.0
mechanic_ids,cleanse_threshold,12,blade_dancer,Blade Dancer,39,0,0.0,19.9119,1467.5924,-1447.6805,-29494.5385,0.0,0.0,0.0,0.0,10.6923,0.0,0.0
mechanic_ids,slow,12,blade_dancer,Blade Dancer,39,0,0.0,19.9119,1467.5924,-1447.6805,-29494.5385,0.0,0.0,0.0,0.0,10.6923,0.0,0.0
mechanic_ids,cleanse_threshold,12,assassin,Assassin,39,0,0.0,22.658,1467.5924,-1444.9344,-29386.6154,0.0,0.0,0.0,0.0,3.7436,3.5641,0.0
mechanic_ids,slow,12,assassin,Assassin,39,0,0.0,22.658,1467.5924,-1444.9344,-29386.6154,0.0,0.0,0.0,0.0,3.7436,3.5641,0.0
mechanic_ids,cleanse_threshold,12,shadow,Shadow,39,0,0.0,24.7626,1467.5924,-1442.8298,-29290.5128,0.0,0.0,0.0,0.0,6.0,0.0,0.0
mechanic_ids,slow,12,shadow,Shadow,39,0,0.0,24.7626,1467.5924,-1442.8298,-29290.5128,0.0,0.0,0.0,0.0,6.0,0.0,0.0
mechanic_ids,crit_negation,11,thief,Thief,19,0,0.0,8.6857,1337.4554,-1328.7697,-19398.8421,477.9082,0.0,199.2981,0.0,0.0,0.0,0.0
mechanic_ids,armor,11,thief,Thief,19,0,0.0,8.6857,1337.4554,-1328.7697,-19398.8421,477.9082,0.0,199.2981,0.0,0.0,0.0,0.0
mechanic_ids,block,11,thief,Thief,19,0,0.0,8.6857,1337.4554,-1328.7697,-19398.8421,477.9082,0.0,199.2981,0.0,0.0,0.0,0.0
mechanic_ids,block,11,blade_dancer,Blade Dancer,19,0,0.0,15.4042,1337.4554,-1322.0512,-19085.0,701.0147,0.0,281.017,0.0,0.0,0.0,0.0
mechanic_ids,armor,11,blade_dancer,Blade Dancer,19,0,0.0,15.4042,1337.4554,-1322.0512,-19085.0,701.0147,0.0,281.017,0.0,0.0,0.0,0.0
mechanic_ids,crit_negation,11,blade_dancer,Blade Dancer,19,0,0.0,15.4042,1337.4554,-1322.0512,-19085.0,701.0147,0.0,281.017,0.0,0.0,0.0,0.0
mechanic_ids,block,11,shadow,Shadow,19,0,0.0,17.5476,1337.4554,-1319.9078,-18994.4211,407.1303,0.0,162.7637,0.0,0.0,0.0,0.0
mechanic_ids,armor,11,shadow,Shadow,19,0,0.0,17.5476,1337.4554,-1319.9078,-18994.4211,407.1303,0.0,162.7637,0.0,0.0,0.0,0.0
mechanic_ids,crit_negation,11,shadow,Shadow,19,0,0.0,17.5476,1337.4554,-1319.9078,-18994.4211,407.1303,0.0,162.7637,0.0,0.0,0.0,0.0
mechanic_ids,crit_negation,11,assassin,Assassin,19,0,0.0,39.1604,1337.4554,-1298.295,-18007.2632,256.4389,0.0,94.8258,0.0,0.0,0.0,0.0
mechanic_ids,armor,11,assassin,Assassin,19,0,0.0,39.1604,1337.4554,-1298.295,-18007.2632,256.4389,0.0,94.8258,0.0,0.0,0.0,0.0
mechanic_ids,block,11,assassin,Assassin,19,0,0.0,39.1604,1337.4554,-1298.295,-18007.2632,256.4389,0.0,94.8258,0.0,0.0,0.0,0.0
mechanic_ids,absorb,11,assassin,Assassin,24,0,0.0,22.5957,1274.6623,-1252.0666,-26654.5833,0.0,327.9583,0.0,0.0,0.0,0.0,0.0
mechanic_ids,absorb,11,shadow,Shadow,24,0,0.0,32.5546,1274.6623,-1242.1077,-26209.375,0.0,191.6687,0.0,0.0,0.0,0.0,0.0
mechanic_ids,absorb,11,blade_dancer,Blade Dancer,24,0,0.0,39.2865,1274.6623,-1235.3758,-25915.4583,0.0,0.0,0.0,0.0,0.0,0.0,0.0
mechanic_ids,absorb,11,thief,Thief,24,0,0.0,39.8424,1274.6623,-1234.8199,-25908.7917,0.0,0.0,0.0,0.0,0.0,0.0,0.0
mechanic_ids,suppress,11,assassin,Assassin,38,0,0.0,22.7121,1218.7245,-1196.0124,-26139.8158,0.0,207.1316,0.0,0.0,2.3684,0.0,0.0
mechanic_ids,poison_resistance,11,assassin,Assassin,38,0,0.0,22.7121,1218.7245,-1196.0124,-26139.8158,0.0,207.1316,0.0,0.0,2.3684,0.0,0.0
mechanic_ids,suppress,11,shadow,Shadow,38,0,0.0,29.9428,1218.7245,-1188.7818,-25813.9474,0.0,121.0539,0.0,0.0,3.0263,0.0,0.0
mechanic_ids,poison_resistance,11,shadow,Shadow,38,0,0.0,29.9428,1218.7245,-1188.7818,-25813.9474,0.0,121.0539,0.0,0.0,3.0263,0.0,0.0
mechanic_ids,suppress,11,blade_dancer,Blade Dancer,38,0,0.0,33.5479,1218.7245,-1185.1766,-25663.4474,0.0,0.0,0.0,0.0,5.3684,0.0,0.0
mechanic_ids,poison_resistance,11,blade_dancer,Blade Dancer,38,0,0.0,33.5479,1218.7245,-1185.1766,-25663.4474,0.0,0.0,0.0,0.0,5.3684,0.0,0.0
mechanic_ids,suppress,11,thief,Thief,38,0,0.0,37.1535,1218.7245,-1181.5711,-25502.8684,0.0,0.0,0.0,0.0,3.5526,0.0,0.0
mechanic_ids,poison_resistance,11,thief,Thief,38,0,0.0,37.1535,1218.7245,-1181.5711,-25502.8684,0.0,0.0,0.0,0.0,3.5526,0.0,0.0
mechanic_ids,interrupt_skip_count,11,thief,Thief,23,0,0.0,10.7121,1166.4724,-1155.7603,-25641.8261,0.0,0.0,0.0,0.0,2.5652,14.913,0.0
mechanic_ids,stun_duration_ms,11,thief,Thief,23,0,0.0,10.7121,1166.4724,-1155.7603,-25641.8261,0.0,0.0,0.0,0.0,2.5652,14.913,0.0
mechanic_ids,interrupt_skip_count,11,blade_dancer,Blade Dancer,23,0,0.0,18.0581,1166.4724,-1148.4144,-25322.1304,0.0,0.0,0.0,0.0,10.1739,0.0,0.0
mechanic_ids,stun_duration_ms,11,blade_dancer,Blade Dancer,23,0,0.0,18.0581,1166.4724,-1148.4144,-25322.1304,0.0,0.0,0.0,0.0,10.1739,0.0,0.0
mechanic_ids,interrupt_skip_count,11,assassin,Assassin,23,0,0.0,22.9426,1166.4724,-1143.5298,-25110.4348,0.0,0.0,0.0,0.0,2.5652,7.0,0.0
mechanic_ids,stun_duration_ms,11,assassin,Assassin,23,0,0.0,22.9426,1166.4724,-1143.5298,-25110.4348,0.0,0.0,0.0,0.0,2.5652,7.0,0.0
mechanic_ids,stun_duration_ms,11,shadow,Shadow,23,0,0.0,24.6539,1166.4724,-1141.8186,-25025.6522,0.0,0.0,0.0,0.0,5.7826,0.0,0.0
mechanic_ids,interrupt_skip_count,11,shadow,Shadow,23,0,0.0,24.6539,1166.4724,-1141.8186,-25025.6522,0.0,0.0,0.0,0.0,5.7826,0.0,0.0
mechanic_ids,slow,11,thief,Thief,37,0,0.0,18.9728,1149.9595,-1130.9868,-25325.9459,0.0,0.0,0.0,0.0,5.2432,9.2703,0.0
mechanic_ids,cleanse_threshold,11,thief,Thief,37,0,0.0,18.9728,1149.9595,-1130.9868,-25325.9459,0.0,0.0,0.0,0.0,5.2432,9.2703,0.0
mechanic_ids,slow,11,blade_dancer,Blade Dancer,37,0,0.0,20.1967,1149.9595,-1129.7628,-25287.8108,0.0,0.0,0.0,0.0,11.8378,0.0,0.0
mechanic_ids,cleanse_threshold,11,blade_dancer,Blade Dancer,37,0,0.0,20.1967,1149.9595,-1129.7628,-25287.8108,0.0,0.0,0.0,0.0,11.8378,0.0,0.0
mechanic_ids,slow,11,assassin,Assassin,37,0,0.0,22.9309,1149.9595,-1127.0286,-25166.027,0.0,0.0,0.0,0.0,4.027,4.3514,0.0
mechanic_ids,cleanse_threshold,11,assassin,Assassin,37,0,0.0,22.9309,1149.9595,-1127.0286,-25166.027,0.0,0.0,0.0,0.0,4.027,4.3514,0.0
mechanic_ids,slow,11,shadow,Shadow,37,0,0.0,24.9609,1149.9595,-1124.9986,-25067.4324,0.0,0.0,0.0,0.0,6.7027,0.0,0.0
mechanic_ids,cleanse_threshold,11,shadow,Shadow,37,0,0.0,24.9609,1149.9595,-1124.9986,-25067.4324,0.0,0.0,0.0,0.0,6.7027,0.0,0.0
mechanic_ids,crit_negation,10,thief,Thief,19,0,0.0,9.9784,1017.6472,-1007.6688,-14188.5789,419.7982,0.0,154.7386,0.0,0.0,0.0,0.0
mechanic_ids,armor,10,thief,Thief,19,0,0.0,9.9784,1017.6472,-1007.6688,-14188.5789,419.7982,0.0,154.7386,0.0,0.0,0.0,0.0
mechanic_ids,block,10,thief,Thief,19,0,0.0,9.9784,1017.6472,-1007.6688,-14188.5789,419.7982,0.0,154.7386,0.0,0.0,0.0,0.0
mechanic_ids,block,10,blade_dancer,Blade Dancer,19,0,0.0,16.6746,1017.6472,-1000.9725,-13881.2632,613.6126,0.0,280.0359,0.0,0.0,0.0,0.0
mechanic_ids,armor,10,blade_dancer,Blade Dancer,19,0,0.0,16.6746,1017.6472,-1000.9725,-13881.2632,613.6126,0.0,280.0359,0.0,0.0,0.0,0.0
mechanic_ids,crit_negation,10,blade_dancer,Blade Dancer,19,0,0.0,16.6746,1017.6472,-1000.9725,-13881.2632,613.6126,0.0,280.0359,0.0,0.0,0.0,0.0
mechanic_ids,block,10,shadow,Shadow,19,0,0.0,18.0547,1017.6472,-999.5925,-13830.1579,358.3179,0.0,204.6167,0.0,0.0,0.0,0.0
mechanic_ids,armor,10,shadow,Shadow,19,0,0.0,18.0547,1017.6472,-999.5925,-13830.1579,358.3179,0.0,204.6167,0.0,0.0,0.0,0.0
mechanic_ids,crit_negation,10,shadow,Shadow,19,0,0.0,18.0547,1017.6472,-999.5925,-13830.1579,358.3179,0.0,204.6167,0.0,0.0,0.0,0.0
mechanic_ids,absorb,10,assassin,Assassin,23,0,0.0,21.5878,1008.1891,-986.6013,-21891.4348,0.0,398.8696,0.0,0.0,0.0,0.0,0.0
mechanic_ids,crit_negation,10,assassin,Assassin,19,0,0.0,39.6281,1017.6472,-978.0191,-12881.2105,225.8392,0.0,91.6693,0.0,0.0,0.0,0.0
mechanic_ids,armor,10,assassin,Assassin,19,0,0.0,39.6281,1017.6472,-978.0191,-12881.2105,225.8392,0.0,91.6693,0.0,0.0,0.0,0.0
mechanic_ids,block,10,assassin,Assassin,19,0,0.0,39.6281,1017.6472,-978.0191,-12881.2105,225.8392,0.0,91.6693,0.0,0.0,0.0,0.0
mechanic_ids,absorb,10,shadow,Shadow,23,0,0.0,33.3916,1008.1891,-974.7975,-21350.6087,0.0,209.0061,0.0,0.0,0.0,0.0,0.0
mechanic_ids,absorb,10,blade_dancer,Blade Dancer,23,0,0.0,38.853,1008.1891,-969.3361,-21097.3043,0.0,0.0,0.0,0.0,0.0,0.0,0.0
mechanic_ids,absorb,10,thief,Thief,23,0,0.0,39.8793,1008.1891,-968.3098,-21052.0435,0.0,0.0,0.0,0.0,0.0,0.0,0.0
mechanic_ids,poison_resistance,10,assassin,Assassin,40,0,0.0,22.3211,946.2415,-923.9204,-19631.475,0.0,229.35,0.0,0.0,2.25,0.0,0.0
mechanic_ids,suppress,10,assassin,Assassin,40,0,0.0,22.3211,946.2415,-923.9204,-19631.475,0.0,229.35,0.0,0.0,2.25,0.0,0.0
mechanic_ids,poison_resistance,10,shadow,Shadow,40,0,0.0,30.1551,946.2415,-916.0864,-19279.05,0.0,120.1785,0.0,0.0,2.9,0.0,0.0
mechanic_ids,suppress,10,shadow,Shadow,40,0,0.0,30.1551,946.2415,-916.0864,-19279.05,0.0,120.1785,0.0,0.0,2.9,0.0,0.0
mechanic_ids,suppress,10,blade_dancer,Blade Dancer,40,0,0.0,31.5889,946.2415,-914.6526,-19202.95,0.0,0.0,0.0,0.0,5.0,0.0,0.0
mechanic_ids,poison_resistance,10,blade_dancer,Blade Dancer,40,0,0.0,31.5889,946.2415,-914.6526,-19202.95,0.0,0.0,0.0,0.0,5.0,0.0,0.0
mechanic_ids,poison_resistance,10,thief,Thief,40,0,0.0,36.7626,946.2415,-909.479,-18988.75,0.0,0.0,0.0,0.0,3.35,0.0,0.0
mechanic_ids,suppress,10,thief,Thief,40,0,0.0,36.7626,946.2415,-909.479,-18988.75,0.0,0.0,0.0,0.0,3.35,0.0,0.0
mechanic_ids,interrupt_skip_count,10,thief,Thief,21,0,0.0,10.2998,883.6436,-873.3438,-17903.8095,0.0,0.0,0.0,0.0,2.1905,14.1429,0.0
mechanic_ids,stun_duration_ms,10,thief,Thief,21,0,0.0,10.2998,883.6436,-873.3438,-17903.8095,0.0,0.0,0.0,0.0,2.1905,14.1429,0.0
mechanic_ids,interrupt_skip_count,10,blade_dancer,Blade Dancer,21,0,0.0,19.3364,883.6436,-864.3073,-17553.0,0.0,0.0,0.0,0.0,9.2381,0.0,0.0
mechanic_ids,stun_duration_ms,10,blade_dancer,Blade Dancer,21,0,0.0,19.3364,883.6436,-864.3073,-17553.0,0.0,0.0,0.0,0.0,9.2381,0.0,0.0
mechanic_ids,interrupt_skip_count,10,assassin,Assassin,21,0,0.0,24.3175,883.6436,-859.3261,-17366.3333,0.0,0.0,0.0,0.0,2.2857,6.381,0.0
mechanic_ids,stun_duration_ms,10,assassin,Assassin,21,0,0.0,24.3175,883.6436,-859.3261,-17366.3333,0.0,0.0,0.0,0.0,2.2857,6.381,0.0
mechanic_ids,stun_duration_ms,10,shadow,Shadow,21,0,0.0,25.5497,883.6436,-858.0939,-17314.9048,0.0,0.0,0.0,0.0,5.2381,0.0,0.0
mechanic_ids,interrupt_skip_count,10,shadow,Shadow,21,0,0.0,25.5497,883.6436,-858.0939,-17314.9048,0.0,0.0,0.0,0.0,5.2381,0.0,0.0
mechanic_ids,cleanse_threshold,10,thief,Thief,38,0,0.0,20.252,874.1534,-853.9014,-17140.3421,0.0,0.0,0.0,0.0,4.7368,7.8158,0.0
mechanic_ids,slow,10,thief,Thief,38,0,0.0,20.252,874.1534,-853.9014,-17140.3421,0.0,0.0,0.0,0.0,4.7368,7.8158,0.0
mechanic_ids,cleanse_threshold,10,blade_dancer,Blade Dancer,38,0,0.0,20.4211,874.1534,-853.7323,-17144.5526,0.0,0.0,0.0,0.0,10.3684,0.0,0.0
mechanic_ids,slow,10,blade_dancer,Blade Dancer,38,0,0.0,20.4211,874.1534,-853.7323,-17144.5526,0.0,0.0,0.0,0.0,10.3684,0.0,0.0
mechanic_ids,cleanse_threshold,10,assassin,Assassin,38,0,0.0,23.8682,874.1534,-850.2852,-17011.8158,0.0,0.0,0.0,0.0,3.6316,3.5263,0.0
mechanic_ids,slow,10,assassin,Assassin,38,0,0.0,23.8682,874.1534,-850.2852,-17011.8158,0.0,0.0,0.0,0.0,3.6316,3.5263,0.0
mechanic_ids,slow,10,shadow,Shadow,38,0,0.0,25.6511,874.1534,-848.5023,-16939.7632,0.0,0.0,0.0,0.0,5.9474,0.0,0.0
mechanic_ids,cleanse_threshold,10,shadow,Shadow,38,0,0.0,25.6511,874.1534,-848.5023,-16939.7632,0.0,0.0,0.0,0.0,5.9474,0.0,0.0
mechanic_ids,block,9,thief,Thief,21,0,0.0,9.1554,821.8267,-812.6712,-10652.3333,427.6216,0.0,162.4992,0.0,0.0,0.0,0.0
mechanic_ids,armor,9,thief,Thief,21,0,0.0,9.1554,821.8267,-812.6712,-10652.3333,427.6216,0.0,162.4992,0.0,0.0,0.0,0.0
mechanic_ids,crit_negation,9,thief,Thief,21,0,0.0,9.1554,821.8267,-812.6712,-10652.3333,427.6216,0.0,162.4992,0.0,0.0,0.0,0.0
mechanic_ids,armor,9,blade_dancer,Blade Dancer,21,0,0.0,15.4017,821.8267,-806.425,-10382.1905,629.6502,0.0,231.1219,0.0,0.0,0.0,0.0
mechanic_ids,block,9,blade_dancer,Blade Dancer,21,0,0.0,15.4017,821.8267,-806.425,-10382.1905,629.6502,0.0,231.1219,0.0,0.0,0.0,0.0
mechanic_ids,crit_negation,9,blade_dancer,Blade Dancer,21,0,0.0,15.4017,821.8267,-806.425,-10382.1905,629.6502,0.0,231.1219,0.0,0.0,0.0,0.0
mechanic_ids,absorb,9,assassin,Assassin,20,0,0.0,20.3986,825.4469,-805.0484,-15535.15,0.0,356.1386,0.0,0.0,0.0,0.0,0.0
mechanic_ids,block,9,shadow,Shadow,21,0,0.0,17.6491,821.8267,-804.1775,-10294.1905,365.8793,0.0,127.9987,0.0,0.0,0.0,0.0
mechanic_ids,armor,9,shadow,Shadow,21,0,0.0,17.6491,821.8267,-804.1775,-10294.1905,365.8793,0.0,127.9987,0.0,0.0,0.0,0.0
mechanic_ids,crit_negation,9,shadow,Shadow,21,0,0.0,17.6491,821.8267,-804.1775,-10294.1905,365.8793,0.0,127.9987,0.0,0.0,0.0,0.0
mechanic_ids,absorb,9,shadow,Shadow,20,0,0.0,32.8536,825.4469,-792.5933,-15030.55,0.0,177.58,0.0,0.0,0.0,0.0,0.0
mechanic_ids,absorb,9,blade_dancer,Blade Dancer,20,0,0.0,39.573,825.4469,-785.8739,-14774.1,0.0,0.0,0.0,0.0,0.0,0.0,0.0
mechanic_ids,absorb,9,thief,Thief,20,0,0.0,40.1121,825.4469,-785.3349,-14740.75,0.0,0.0,0.0,0.0,0.0,0.0,0.0
mechanic_ids,block,9,assassin,Assassin,21,0,0.0,39.3702,821.8267,-782.4564,-9394.1429,228.9262,0.0,105.6107,0.0,0.0,0.0,0.0
mechanic_ids,armor,9,assassin,Assassin,21,0,0.0,39.3702,821.8267,-782.4564,-9394.1429,228.9262,0.0,105.6107,0.0,0.0,0.0,0.0
mechanic_ids,crit_negation,9,assassin,Assassin,21,0,0.0,39.3702,821.8267,-782.4564,-9394.1429,228.9262,0.0,105.6107,0.0,0.0,0.0,0.0
mechanic_ids,suppress,9,assassin,Assassin,39,0,0.0,21.7966,755.1672,-733.3706,-14056.7692,0.0,182.6352,0.0,0.0,2.5897,0.0,0.0
mechanic_ids,poison_resistance,9,assassin,Assassin,39,0,0.0,21.7966,755.1672,-733.3706,-14056.7692,0.0,182.6352,0.0,0.0,2.5897,0.0,0.0
mechanic_ids,suppress,9,shadow,Shadow,39,0,0.0,28.8702,755.1672,-726.2971,-13768.2564,0.0,91.0667,0.0,0.0,3.2821,0.0,0.0
mechanic_ids,poison_resistance,9,shadow,Shadow,39,0,0.0,28.8702,755.1672,-726.2971,-13768.2564,0.0,91.0667,0.0,0.0,3.2821,0.0,0.0
mechanic_ids,suppress,9,blade_dancer,Blade Dancer,39,0,0.0,31.7524,755.1672,-723.4148,-13662.2821,0.0,0.0,0.0,0.0,5.8974,0.0,0.0
mechanic_ids,poison_resistance,9,blade_dancer,Blade Dancer,39,0,0.0,31.7524,755.1672,-723.4148,-13662.2821,0.0,0.0,0.0,0.0,5.8974,0.0,0.0
mechanic_ids,poison_resistance,9,thief,Thief,39,0,0.0,36.0304,755.1672,-719.1369,-13480.5385,0.0,0.0,0.0,0.0,3.8205,0.0,0.0
mechanic_ids,suppress,9,thief,Thief,39,0,0.0,36.0304,755.1672,-719.1369,-13480.5385,0.0,0.0,0.0,0.0,3.8205,0.0,0.0
mechanic_ids,interrupt_skip_count,9,thief,Thief,20,0,0.0,10.2991,700.9141,-690.615,-16402.8,0.0,0.0,0.0,0.0,2.65,16.05,0.0
mechanic_ids,stun_duration_ms,9,thief,Thief,20,0,0.0,10.2991,700.9141,-690.615,-16402.8,0.0,0.0,0.0,0.0,2.65,16.05,0.0
mechanic_ids,stun_duration_ms,9,blade_dancer,Blade Dancer,20,0,0.0,18.75,700.9141,-682.1642,-16013.0,0.0,0.0,0.0,0.0,10.85,0.0,0.0
mechanic_ids,interrupt_skip_count,9,blade_dancer,Blade Dancer,20,0,0.0,18.75,700.9141,-682.1642,-16013.0,0.0,0.0,0.0,0.0,10.85,0.0,0.0
mechanic_ids,interrupt_skip_count,9,assassin,Assassin,20,0,0.0,23.4557,700.9141,-677.4584,-15806.15,0.0,0.0,0.0,0.0,2.8,7.05,0.0
mechanic_ids,stun_duration_ms,9,assassin,Assassin,20,0,0.0,23.4557,700.9141,-677.4584,-15806.15,0.0,0.0,0.0,0.0,2.8,7.05,0.0
mechanic_ids,interrupt_skip_count,9,shadow,Shadow,20,0,0.0,25.1149,700.9141,-675.7992,-15719.9,0.0,0.0,0.0,0.0,6.15,0.0,0.0
mechanic_ids,stun_duration_ms,9,shadow,Shadow,20,0,0.0,25.1149,700.9141,-675.7992,-15719.9,0.0,0.0,0.0,0.0,6.15,0.0,0.0
mechanic_ids,cleanse_threshold,9,thief,Thief,39,0,0.0,20.7417,691.3043,-670.5626,-14332.8718,0.0,0.0,0.0,0.0,5.1795,8.2308,0.0
mechanic_ids,slow,9,thief,Thief,39,0,0.0,20.7417,691.3043,-670.5626,-14332.8718,0.0,0.0,0.0,0.0,5.1795,8.2308,0.0
mechanic_ids,cleanse_threshold,9,blade_dancer,Blade Dancer,39,0,0.0,21.0739,691.3043,-670.2303,-14297.6154,0.0,0.0,0.0,0.0,11.4615,0.0,0.0
mechanic_ids,slow,9,blade_dancer,Blade Dancer,39,0,0.0,21.0739,691.3043,-670.2303,-14297.6154,0.0,0.0,0.0,0.0,11.4615,0.0,0.0
mechanic_ids,slow,9,assassin,Assassin,39,0,0.0,23.3644,691.3043,-667.9398,-14195.7436,0.0,0.0,0.0,0.0,4.0256,3.6154,0.0
mechanic_ids,cleanse_threshold,9,assassin,Assassin,39,0,0.0,23.3644,691.3043,-667.9398,-14195.7436,0.0,0.0,0.0,0.0,4.0256,3.6154,0.0
mechanic_ids,cleanse_threshold,9,shadow,Shadow,39,0,0.0,24.9016,691.3043,-666.4026,-14121.7692,0.0,0.0,0.0,0.0,6.4359,0.0,0.0
mechanic_ids,slow,9,shadow,Shadow,39,0,0.0,24.9016,691.3043,-666.4026,-14121.7692,0.0,0.0,0.0,0.0,6.4359,0.0,0.0
mechanic_ids,block,8,thief,Thief,21,0,0.0,10.8113,463.2768,-452.4655,-6045.4286,370.4864,0.0,170.481,0.0,0.0,0.0,0.0
mechanic_ids,armor,8,thief,Thief,21,0,0.0,10.8113,463.2768,-452.4655,-6045.4286,370.4864,0.0,170.481,0.0,0.0,0.0,0.0
mechanic_ids,crit_negation,8,thief,Thief,21,0,0.0,10.8113,463.2768,-452.4655,-6045.4286,370.4864,0.0,170.481,0.0,0.0,0.0,0.0
mechanic_ids,absorb,8,assassin,Assassin,20,0,0.0,24.1688,473.6068,-449.438,-10110.4,0.0,365.3,0.0,0.0,0.0,0.0,0.0
mechanic_ids,crit_negation,8,blade_dancer,Blade Dancer,21,0,0.0,18.201,463.2768,-445.0758,-5716.4762,545.3089,0.0,263.0217,0.0,0.0,0.0,0.0
mechanic_ids,armor,8,blade_dancer,Blade Dancer,21,0,0.0,18.201,463.2768,-445.0758,-5716.4762,545.3089,0.0,263.0217,0.0,0.0,0.0,0.0
mechanic_ids,block,8,blade_dancer,Blade Dancer,21,0,0.0,18.201,463.2768,-445.0758,-5716.4762,545.3089,0.0,263.0217,0.0,0.0,0.0,0.0
mechanic_ids,crit_negation,8,shadow,Shadow,21,0,0.0,19.2706,463.2768,-444.0063,-5680.1905,317.6102,0.0,156.023,0.0,0.0,0.0,0.0
mechanic_ids,armor,8,shadow,Shadow,21,0,0.0,19.2706,463.2768,-444.0063,-5680.1905,317.6102,0.0,156.023,0.0,0.0,0.0,0.0
mechanic_ids,block,8,shadow,Shadow,21,0,0.0,19.2706,463.2768,-444.0063,-5680.1905,317.6102,0.0,156.023,0.0,0.0,0.0,0.0
mechanic_ids,absorb,8,shadow,Shadow,20,0,0.0,33.7667,473.6068,-439.8401,-9664.8,0.0,242.6265,0.0,0.0,0.0,0.0,0.0
mechanic_ids,absorb,8,blade_dancer,Blade Dancer,20,0,0.0,38.934,473.6068,-434.6728,-9424.7,0.0,0.0,0.0,0.0,0.0,0.0,0.0
mechanic_ids,absorb,8,thief,Thief,20,0,0.0,39.7676,473.6068,-433.8392,-9406.8,0.0,0.0,0.0,0.0,0.0,0.0,0.0
mechanic_ids,block,8,assassin,Assassin,21,0,0.0,40.1284,463.2768,-423.1484,-4785.5238,199.4557,0.0,116.8073,0.0,0.0,0.0,0.0
mechanic_ids,armor,8,assassin,Assassin,21,0,0.0,40.1284,463.2768,-423.1484,-4785.5238,199.4557,0.0,116.8073,0.0,0.0,0.0,0.0
mechanic_ids,crit_negation,8,assassin,Assassin,21,0,0.0,40.1284,463.2768,-423.1484,-4785.5238,199.4557,0.0,116.8073,0.0,0.0,0.0,0.0
mechanic_ids,poison_resistance,8,assassin,Assassin,41,0,0.0,24.1004,443.2876,-419.1872,-8855.0732,0.0,178.1951,0.0,0.0,2.439,0.0,0.0
mechanic_ids,suppress,8,assassin,Assassin,41,0,0.0,24.1004,443.2876,-419.1872,-8855.0732,0.0,178.1951,0.0,0.0,2.439,0.0,0.0
mechanic_ids,poison_resistance,8,shadow,Shadow,41,0,0.0,29.753,443.2876,-413.5346,-8595.7805,0.0,118.3544,0.0,0.0,3.0976,0.0,0.0
mechanic_ids,suppress,8,shadow,Shadow,41,0,0.0,29.753,443.2876,-413.5346,-8595.7805,0.0,118.3544,0.0,0.0,3.0976,0.0,0.0
mechanic_ids,poison_resistance,8,blade_dancer,Blade Dancer,41,0,0.0,30.7959,443.2876,-412.4917,-8544.6098,0.0,0.0,0.0,0.0,5.439,0.0,0.0
mechanic_ids,suppress,8,blade_dancer,Blade Dancer,41,0,0.0,30.7959,443.2876,-412.4917,-8544.6098,0.0,0.0,0.0,0.0,5.439,0.0,0.0
mechanic_ids,suppress,8,thief,Thief,41,0,0.0,36.2322,443.2876,-407.0554,-8320.1463,0.0,0.0,0.0,0.0,3.6829,0.0,0.0
mechanic_ids,poison_resistance,8,thief,Thief,41,0,0.0,36.2322,443.2876,-407.0554,-8320.1463,0.0,0.0,0.0,0.0,3.6829,0.0,0.0
mechanic_ids,stun_duration_ms,8,thief,Thief,18,0,0.0,9.9539,415.9372,-405.9833,-9655.8333,0.0,0.0,0.0,0.0,2.4444,16.3333,0.0
mechanic_ids,interrupt_skip_count,8,thief,Thief,18,0,0.0,9.9539,415.9372,-405.9833,-9655.8333,0.0,0.0,0.0,0.0,2.4444,16.3333,0.0
mechanic_ids,stun_duration_ms,8,blade_dancer,Blade Dancer,18,0,0.0,19.6671,415.9372,-396.2701,-9223.5,0.0,0.0,0.0,0.0,10.6667,0.0,0.0
mechanic_ids,interrupt_skip_count,8,blade_dancer,Blade Dancer,18,0,0.0,19.6671,415.9372,-396.2701,-9223.5,0.0,0.0,0.0,0.0,10.6667,0.0,0.0
mechanic_ids,cleanse_threshold,8,blade_dancer,Blade Dancer,39,0,0.0,21.4862,415.116,-393.6298,-8406.6154,0.0,0.0,0.0,0.0,10.641,0.0,0.0
mechanic_ids,slow,8,blade_dancer,Blade Dancer,39,0,0.0,21.4862,415.116,-393.6298,-8406.6154,0.0,0.0,0.0,0.0,10.641,0.0,0.0
mechanic_ids,slow,8,thief,Thief,39,0,0.0,22.2907,415.116,-392.8253,-8379.359,0.0,0.0,0.0,0.0,5.0,7.5385,0.0
mechanic_ids,cleanse_threshold,8,thief,Thief,39,0,0.0,22.2907,415.116,-392.8253,-8379.359,0.0,0.0,0.0,0.0,5.0,7.5385,0.0
mechanic_ids,interrupt_skip_count,8,assassin,Assassin,18,0,0.0,24.385,415.9372,-391.5521,-9029.2778,0.0,0.0,0.0,0.0,2.6111,7.3333,0.0
mechanic_ids,stun_duration_ms,8,assassin,Assassin,18,0,0.0,24.385,415.9372,-391.5521,-9029.2778,0.0,0.0,0.0,0.0,2.6111,7.3333,0.0
mechanic_ids,cleanse_threshold,8,assassin,Assassin,39,0,0.0,24.1967,415.116,-390.9193,-8291.7179,0.0,0.0,0.0,0.0,3.7692,3.3846,0.0
mechanic_ids,slow,8,assassin,Assassin,39,0,0.0,24.1967,415.116,-390.9193,-8291.7179,0.0,0.0,0.0,0.0,3.7692,3.3846,0.0
mechanic_ids,interrupt_skip_count,8,shadow,Shadow,18,0,0.0,26.8621,415.9372,-389.0751,-8905.8333,0.0,0.0,0.0,0.0,5.8889,0.0,0.0
mechanic_ids,stun_duration_ms,8,shadow,Shadow,18,0,0.0,26.8621,415.9372,-389.0751,-8905.8333,0.0,0.0,0.0,0.0,5.8889,0.0,0.0
mechanic_ids,slow,8,shadow,Shadow,39,0,0.0,26.3604,415.116,-388.7556,-8190.6667,0.0,0.0,0.0,0.0,5.9744,0.0,0.0
mechanic_ids,cleanse_threshold,8,shadow,Shadow,39,0,0.0,26.3604,415.116,-388.7556,-8190.6667,0.0,0.0,0.0,0.0,5.9744,0.0,0.0
mechanic_ids,block,7,thief,Thief,18,0,0.0,11.0083,383.7957,-372.7874,-4564.1667,344.5375,0.0,140.9353,0.0,0.0,0.0,0.0
mechanic_ids,armor,7,thief,Thief,18,0,0.0,11.0083,383.7957,-372.7874,-4564.1667,344.5375,0.0,140.9353,0.0,0.0,0.0,0.0
mechanic_ids,crit_negation,7,thief,Thief,18,0,0.0,11.0083,383.7957,-372.7874,-4564.1667,344.5375,0.0,140.9353,0.0,0.0,0.0,0.0
mechanic_ids,crit_negation,7,blade_dancer,Blade Dancer,18,0,0.0,18.021,383.7957,-365.7747,-4279.8333,514.7424,0.0,220.9134,0.0,0.0,0.0,0.0
mechanic_ids,armor,7,blade_dancer,Blade Dancer,18,0,0.0,18.021,383.7957,-365.7747,-4279.8333,514.7424,0.0,220.9134,0.0,0.0,0.0,0.0
mechanic_ids,block,7,blade_dancer,Blade Dancer,18,0,0.0,18.021,383.7957,-365.7747,-4279.8333,514.7424,0.0,220.9134,0.0,0.0,0.0,0.0
mechanic_ids,block,7,shadow,Shadow,18,0,0.0,19.2034,383.7957,-364.5923,-4234.2222,294.4763,0.0,165.1271,0.0,0.0,0.0,0.0
mechanic_ids,armor,7,shadow,Shadow,18,0,0.0,19.2034,383.7957,-364.5923,-4234.2222,294.4763,0.0,165.1271,0.0,0.0,0.0,0.0
mechanic_ids,crit_negation,7,shadow,Shadow,18,0,0.0,19.2034,383.7957,-364.5923,-4234.2222,294.4763,0.0,165.1271,0.0,0.0,0.0,0.0
mechanic_ids,block,7,assassin,Assassin,18,0,0.0,40.2917,383.7957,-343.504,-3395.9444,189.2884,0.0,86.8354,0.0,0.0,0.0,0.0
mechanic_ids,armor,7,assassin,Assassin,18,0,0.0,40.2917,383.7957,-343.504,-3395.9444,189.2884,0.0,86.8354,0.0,0.0,0.0,0.0
mechanic_ids,crit_negation,7,assassin,Assassin,18,0,0.0,40.2917,383.7957,-343.504,-3395.9444,189.2884,0.0,86.8354,0.0,0.0,0.0,0.0
mechanic_ids,absorb,7,assassin,Assassin,25,0,0.0,24.8552,362.8091,-337.9539,-7870.44,0.0,334.52,0.0,0.0,0.0,0.0,0.0
mechanic_ids,absorb,7,shadow,Shadow,25,0,0.0,33.568,362.8091,-329.2411,-7455.04,0.0,237.3336,0.0,0.0,0.0,0.0,0.0
mechanic_ids,absorb,7,blade_dancer,Blade Dancer,25,0,0.0,39.8154,362.8091,-322.9937,-7170.16,0.0,0.0,0.0,0.0,0.0,0.0,0.0
mechanic_ids,absorb,7,thief,Thief,25,0,0.0,40.2328,362.8091,-322.5763,-7151.2,0.0,0.0,0.0,0.0,0.0,0.0,0.0
mechanic_ids,poison_resistance,7,assassin,Assassin,44,0,0.0,24.3335,342.1049,-317.7714,-7029.9318,0.0,190.0682,0.0,0.0,2.2955,0.0,0.0
mechanic_ids,suppress,7,assassin,Assassin,44,0,0.0,24.3335,342.1049,-317.7714,-7029.9318,0.0,190.0682,0.0,0.0,2.2955,0.0,0.0
mechanic_ids,poison_resistance,7,shadow,Shadow,44,0,0.0,30.2494,342.1049,-311.8555,-6751.2955,0.0,134.8486,0.0,0.0,2.8864,0.0,0.0
mechanic_ids,suppress,7,shadow,Shadow,44,0,0.0,30.2494,342.1049,-311.8555,-6751.2955,0.0,134.8486,0.0,0.0,2.8864,0.0,0.0
mechanic_ids,poison_resistance,7,blade_dancer,Blade Dancer,44,0,0.0,32.1591,342.1049,-309.9458,-6665.0,0.0,0.0,0.0,0.0,5.0,0.0,0.0
mechanic_ids,suppress,7,blade_dancer,Blade Dancer,44,0,0.0,32.1591,342.1049,-309.9458,-6665.0,0.0,0.0,0.0,0.0,5.0,0.0,0.0
mechanic_ids,poison_resistance,7,thief,Thief,44,0,0.0,36.3175,342.1049,-305.7874,-6477.8864,0.0,0.0,0.0,0.0,3.3409,0.0,0.0
mechanic_ids,suppress,7,thief,Thief,44,0,0.0,36.3175,342.1049,-305.7874,-6477.8864,0.0,0.0,0.0,0.0,3.3409,0.0,0.0
mechanic_ids,interrupt_skip_count,7,thief,Thief,18,0,0.0,10.8908,309.9704,-299.0796,-6585.6111,0.0,0.0,0.0,0.0,2.0,14.5556,0.0
mechanic_ids,stun_duration_ms,7,thief,Thief,18,0,0.0,10.8908,309.9704,-299.0796,-6585.6111,0.0,0.0,0.0,0.0,2.0,14.5556,0.0
mechanic_ids,slow,7,blade_dancer,Blade Dancer,37,0,0.0,20.6992,312.4826,-291.7834,-6113.0541,0.0,0.0,0.0,0.0,10.027,0.0,0.0
mechanic_ids,cleanse_threshold,7,blade_dancer,Blade Dancer,37,0,0.0,20.6992,312.4826,-291.7834,-6113.0541,0.0,0.0,0.0,0.0,10.027,0.0,0.0
mechanic_ids,cleanse_threshold,7,thief,Thief,37,0,0.0,21.3023,312.4826,-291.1803,-6075.3514,0.0,0.0,0.0,0.0,4.9459,7.0811,0.0
mechanic_ids,slow,7,thief,Thief,37,0,0.0,21.3023,312.4826,-291.1803,-6075.3514,0.0,0.0,0.0,0.0,4.9459,7.0811,0.0
mechanic_ids,stun_duration_ms,7,blade_dancer,Blade Dancer,18,0,0.0,19.2363,309.9704,-290.7341,-6232.0556,0.0,0.0,0.0,0.0,8.3889,0.0,0.0
mechanic_ids,interrupt_skip_count,7,blade_dancer,Blade Dancer,18,0,0.0,19.2363,309.9704,-290.7341,-6232.0556,0.0,0.0,0.0,0.0,8.3889,0.0,0.0
mechanic_ids,cleanse_threshold,7,assassin,Assassin,37,0,0.0,24.6201,312.4826,-287.8625,-5945.7568,0.0,0.0,0.0,0.0,3.7568,3.2162,0.0
mechanic_ids,slow,7,assassin,Assassin,37,0,0.0,24.6201,312.4826,-287.8625,-5945.7568,0.0,0.0,0.0,0.0,3.7568,3.2162,0.0
mechanic_ids,cleanse_threshold,7,shadow,Shadow,37,0,0.0,26.1124,312.4826,-286.3702,-5883.7027,0.0,0.0,0.0,0.0,5.7027,0.0,0.0
mechanic_ids,slow,7,shadow,Shadow,37,0,0.0,26.1124,312.4826,-286.3702,-5883.7027,0.0,0.0,0.0,0.0,5.7027,0.0,0.0
mechanic_ids,stun_duration_ms,7,assassin,Assassin,18,0,0.0,25.6474,309.9704,-284.323,-5968.7222,0.0,0.0,0.0,0.0,2.1111,6.6111,0.0
mechanic_ids,interrupt_skip_count,7,assassin,Assassin,18,0,0.0,25.6474,309.9704,-284.323,-5968.7222,0.0,0.0,0.0,0.0,2.1111,6.6111,0.0
mechanic_ids,interrupt_skip_count,7,shadow,Shadow,18,0,0.0,26.3547,309.9704,-283.6156,-5945.3333,0.0,0.0,0.0,0.0,4.6667,0.0,0.0
mechanic_ids,stun_duration_ms,7,shadow,Shadow,18,0,0.0,26.3547,309.9704,-283.6156,-5945.3333,0.0,0.0,0.0,0.0,4.6667,0.0,0.0
mechanic_ids,block,6,thief,Thief,25,0,0.0,10.6949,271.955,-261.2601,-3574.96,403.6778,0.0,174.3078,0.0,0.0,0.0,0.0
mechanic_ids,armor,6,thief,Thief,25,0,0.0,10.6949,271.955,-261.2601,-3574.96,403.6778,0.0,174.3078,0.0,0.0,0.0,0.0
mechanic_ids,crit_negation,6,thief,Thief,25,0,0.0,10.6949,271.955,-261.2601,-3574.96,403.6778,0.0,174.3078,0.0,0.0,0.0,0.0
mechanic_ids,block,6,blade_dancer,Blade Dancer,25,0,0.0,18.6611,271.955,-253.2939,-3207.12,609.0795,0.0,262.6884,0.0,0.0,0.0,0.0
mechanic_ids,armor,6,blade_dancer,Blade Dancer,25,0,0.0,18.6611,271.955,-253.2939,-3207.12,609.0795,0.0,262.6884,0.0,0.0,0.0,0.0
mechanic_ids,crit_negation,6,blade_dancer,Blade Dancer,25,0,0.0,18.6611,271.955,-253.2939,-3207.12,609.0795,0.0,262.6884,0.0,0.0,0.0,0.0
mechanic_ids,block,6,shadow,Shadow,25,0,0.0,18.8357,271.955,-253.1193,-3199.2,347.8804,0.0,166.1071,0.0,0.0,0.0,0.0
mechanic_ids,armor,6,shadow,Shadow,25,0,0.0,18.8357,271.955,-253.1193,-3199.2,347.8804,0.0,166.1071,0.0,0.0,0.0,0.0
mechanic_ids,crit_negation,6,shadow,Shadow,25,0,0.0,18.8357,271.955,-253.1193,-3199.2,347.8804,0.0,166.1071,0.0,0.0,0.0,0.0
mechanic_ids,absorb,6,assassin,Assassin,16,0,0.0,25.0522,268.0316,-242.9794,-5487.4375,0.0,334.4375,0.0,0.0,0.0,0.0,0.0
mechanic_ids,absorb,6,shadow,Shadow,16,0,0.0,33.2899,268.0316,-234.7417,-5082.8125,0.0,241.4375,0.0,0.0,0.0,0.0,0.0
mechanic_ids,block,6,assassin,Assassin,25,0,0.0,40.0962,271.955,-231.8588,-2239.84,220.4727,0.0,99.8675,0.0,0.0,0.0,0.0
mechanic_ids,armor,6,assassin,Assassin,25,0,0.0,40.0962,271.955,-231.8588,-2239.84,220.4727,0.0,99.8675,0.0,0.0,0.0,0.0
mechanic_ids,crit_negation,6,assassin,Assassin,25,0,0.0,40.0962,271.955,-231.8588,-2239.84,220.4727,0.0,99.8675,0.0,0.0,0.0,0.0
mechanic_ids,absorb,6,blade_dancer,Blade Dancer,16,0,0.0,38.4841,268.0316,-229.5475,-4848.625,0.0,0.0,0.0,0.0,0.0,0.0,0.0
mechanic_ids,poison_resistance,6,assassin,Assassin,26,0,0.0,24.9113,252.7537,-227.8425,-4888.0,0.0,205.8077,0.0,0.0,1.9615,0.0,0.0
mechanic_ids,suppress,6,assassin,Assassin,26,0,0.0,24.9113,252.7537,-227.8425,-4888.0,0.0,205.8077,0.0,0.0,1.9615,0.0,0.0
mechanic_ids,absorb,6,thief,Thief,16,0,0.0,40.2172,268.0316,-227.8144,-4772.625,0.0,0.0,0.0,0.0,0.0,0.0,0.0
mechanic_ids,poison_resistance,6,shadow,Shadow,26,0,0.0,30.5436,252.7537,-222.2101,-4624.1154,0.0,148.5769,0.0,0.0,2.5,0.0,0.0
mechanic_ids,suppress,6,shadow,Shadow,26,0,0.0,30.5436,252.7537,-222.2101,-4624.1154,0.0,148.5769,0.0,0.0,2.5,0.0,0.0
mechanic_ids,interrupt_skip_count,6,thief,Thief,29,0,0.0,10.3928,231.729,-221.3362,-5093.1724,0.0,0.0,0.0,0.0,2.2414,15.7931,0.0
mechanic_ids,stun_duration_ms,6,thief,Thief,29,0,0.0,10.3928,231.729,-221.3362,-5093.1724,0.0,0.0,0.0,0.0,2.2414,15.7931,0.0
mechanic_ids,suppress,6,blade_dancer,Blade Dancer,26,0,0.0,32.4258,252.7537,-220.3279,-4539.5769,0.0,0.0,0.0,0.0,4.2692,0.0,0.0
mechanic_ids,poison_resistance,6,blade_dancer,Blade Dancer,26,0,0.0,32.4258,252.7537,-220.3279,-4539.5769,0.0,0.0,0.0,0.0,4.2692,0.0,0.0
mechanic_ids,poison_resistance,6,thief,Thief,26,0,0.0,36.8581,252.7537,-215.8956,-4346.1154,0.0,0.0,0.0,0.0,2.8846,0.0,0.0
mechanic_ids,suppress,6,thief,Thief,26,0,0.0,36.8581,252.7537,-215.8956,-4346.1154,0.0,0.0,0.0,0.0,2.8846,0.0,0.0
mechanic_ids,slow,6,thief,Thief,39,0,0.0,15.8007,230.8521,-215.0514,-4726.641,0.0,0.0,0.0,0.0,3.5897,11.7436,0.0
mechanic_ids,cleanse_threshold,6,thief,Thief,39,0,0.0,15.8007,230.8521,-215.0514,-4726.641,0.0,0.0,0.0,0.0,3.5897,11.7436,0.0
mechanic_ids,interrupt_skip_count,6,blade_dancer,Blade Dancer,29,0,0.0,19.0959,231.729,-212.6331,-4700.5172,0.0,0.0,0.0,0.0,9.5517,0.0,0.0
mechanic_ids,stun_duration_ms,6,blade_dancer,Blade Dancer,29,0,0.0,19.0959,231.729,-212.6331,-4700.5172,0.0,0.0,0.0,0.0,9.5517,0.0,0.0
mechanic_ids,cleanse_threshold,6,blade_dancer,Blade Dancer,39,0,0.0,20.0283,230.8521,-210.8237,-4532.4615,0.0,0.0,0.0,0.0,9.9487,0.0,0.0
mechanic_ids,slow,6,blade_dancer,Blade Dancer,39,0,0.0,20.0283,230.8521,-210.8237,-4532.4615,0.0,0.0,0.0,0.0,9.9487,0.0,0.0
mechanic_ids,stun_duration_ms,6,assassin,Assassin,29,0,0.0,25.9323,231.729,-205.7967,-4384.6207,0.0,0.0,0.0,0.0,2.4138,7.069,0.0
mechanic_ids,interrupt_skip_count,6,assassin,Assassin,29,0,0.0,25.9323,231.729,-205.7967,-4384.6207,0.0,0.0,0.0,0.0,2.4138,7.069,0.0
mechanic_ids,interrupt_skip_count,6,shadow,Shadow,29,0,0.0,26.0898,231.729,-205.6392,-4386.2759,0.0,0.0,0.0,0.0,5.4138,0.0,0.0
mechanic_ids,stun_duration_ms,6,shadow,Shadow,29,0,0.0,26.0898,231.729,-205.6392,-4386.2759,0.0,0.0,0.0,0.0,5.4138,0.0,0.0
mechanic_ids,cleanse_threshold,6,assassin,Assassin,39,0,0.0,25.6127,230.8521,-205.2394,-4267.7692,0.0,0.0,0.0,0.0,3.1026,5.2564,0.0
mechanic_ids,slow,6,assassin,Assassin,39,0,0.0,25.6127,230.8521,-205.2394,-4267.7692,0.0,0.0,0.0,0.0,3.1026,5.2564,0.0
mechanic_ids,cleanse_threshold,6,shadow,Shadow,39,0,0.0,26.1051,230.8521,-204.7469,-4259.0769,0.0,0.0,0.0,0.0,5.6923,0.0,0.0
mechanic_ids,slow,6,shadow,Shadow,39,0,0.0,26.1051,230.8521,-204.7469,-4259.0769,0.0,0.0,0.0,0.0,5.6923,0.0,0.0
mechanic_ids,crit_negation,5,thief,Thief,18,0,0.0,10.6841,194.3294,-183.6453,-2156.3333,344.8982,0.0,149.6868,0.0,0.0,0.0,0.0
mechanic_ids,armor,5,thief,Thief,18,0,0.0,10.6841,194.3294,-183.6453,-2156.3333,344.8982,0.0,149.6868,0.0,0.0,0.0,0.0
mechanic_ids,block,5,thief,Thief,18,0,0.0,10.6841,194.3294,-183.6453,-2156.3333,344.8982,0.0,149.6868,0.0,0.0,0.0,0.0
mechanic_ids,block,5,blade_dancer,Blade Dancer,18,0,0.0,17.9183,194.3294,-176.4111,-1857.2222,513.2822,0.0,233.7436,0.0,0.0,0.0,0.0
mechanic_ids,armor,5,blade_dancer,Blade Dancer,18,0,0.0,17.9183,194.3294,-176.4111,-1857.2222,513.2822,0.0,233.7436,0.0,0.0,0.0,0.0
mechanic_ids,crit_negation,5,blade_dancer,Blade Dancer,18,0,0.0,17.9183,194.3294,-176.4111,-1857.2222,513.2822,0.0,233.7436,0.0,0.0,0.0,0.0
mechanic_ids,block,5,shadow,Shadow,18,0,0.0,18.835,194.3294,-175.4944,-1827.5556,295.1143,0.0,172.6554,0.0,0.0,0.0,0.0
mechanic_ids,armor,5,shadow,Shadow,18,0,0.0,18.835,194.3294,-175.4944,-1827.5556,295.1143,0.0,172.6554,0.0,0.0,0.0,0.0
mechanic_ids,crit_negation,5,shadow,Shadow,18,0,0.0,18.835,194.3294,-175.4944,-1827.5556,295.1143,0.0,172.6554,0.0,0.0,0.0,0.0
mechanic_ids,absorb,5,assassin,Assassin,21,0,0.0,24.4946,191.0266,-166.532,-3398.0476,0.0,342.7619,0.0,0.0,0.0,0.0,0.0
mechanic_ids,stun_duration_ms,5,thief,Thief,18,0,0.0,11.0797,172.9057,-161.826,-3624.0,0.0,0.0,0.0,0.0,2.1667,15.5556,0.0
mechanic_ids,interrupt_skip_count,5,thief,Thief,18,0,0.0,11.0797,172.9057,-161.826,-3624.0,0.0,0.0,0.0,0.0,2.1667,15.5556,0.0
mechanic_ids,absorb,5,shadow,Shadow,21,0,0.0,33.174,191.0266,-157.8526,-2995.9048,0.0,236.5876,0.0,0.0,0.0,0.0,0.0
mechanic_ids,block,5,assassin,Assassin,18,0,0.0,39.9471,194.3294,-154.3823,-982.1111,186.1406,0.0,125.9124,0.0,0.0,0.0,0.0
mechanic_ids,armor,5,assassin,Assassin,18,0,0.0,39.9471,194.3294,-154.3823,-982.1111,186.1406,0.0,125.9124,0.0,0.0,0.0,0.0
mechanic_ids,crit_negation,5,assassin,Assassin,18,0,0.0,39.9471,194.3294,-154.3823,-982.1111,186.1406,0.0,125.9124,0.0,0.0,0.0,0.0
mechanic_ids,stun_duration_ms,5,blade_dancer,Blade Dancer,18,0,0.0,20.0295,172.9057,-152.8762,-3237.2778,0.0,0.0,0.0,0.0,9.0556,0.0,0.0
mechanic_ids,interrupt_skip_count,5,blade_dancer,Blade Dancer,18,0,0.0,20.0295,172.9057,-152.8762,-3237.2778,0.0,0.0,0.0,0.0,9.0556,0.0,0.0
mechanic_ids,suppress,5,assassin,Assassin,44,0,0.0,25.4243,177.989,-152.5646,-3014.0909,0.0,163.5909,0.0,0.0,2.5909,0.0,0.0
mechanic_ids,poison_resistance,5,assassin,Assassin,44,0,0.0,25.4243,177.989,-152.5646,-3014.0909,0.0,163.5909,0.0,0.0,2.5909,0.0,0.0
mechanic_ids,absorb,5,blade_dancer,Blade Dancer,21,0,0.0,38.6937,191.0266,-152.3329,-2762.8095,0.0,0.0,0.0,0.0,0.0,0.0,0.0
mechanic_ids,absorb,5,thief,Thief,21,0,0.0,39.8349,191.0266,-151.1917,-2707.2381,0.0,0.0,0.0,0.0,0.0,0.0,0.0
mechanic_ids,poison_resistance,5,shadow,Shadow,44,0,0.0,30.0846,177.989,-147.9043,-2790.0909,0.0,112.9168,0.0,0.0,3.3409,0.0,0.0
mechanic_ids,suppress,5,shadow,Shadow,44,0,0.0,30.0846,177.989,-147.9043,-2790.0909,0.0,112.9168,0.0,0.0,3.3409,0.0,0.0
mechanic_ids,suppress,5,blade_dancer,Blade Dancer,44,0,0.0,30.5529,177.989,-147.4361,-2774.6818,0.0,0.0,0.0,0.0,5.9773,0.0,0.0
mechanic_ids,poison_resistance,5,blade_dancer,Blade Dancer,44,0,0.0,30.5529,177.989,-147.4361,-2774.6818,0.0,0.0,0.0,0.0,5.9773,0.0,0.0
mechanic_ids,cleanse_threshold,5,blade_dancer,Blade Dancer,41,0,0.0,21.7632,169.0795,-147.3163,-2983.8537,0.0,0.0,0.0,0.0,10.3902,0.0,0.0
mechanic_ids,slow,5,blade_dancer,Blade Dancer,41,0,0.0,21.7632,169.0795,-147.3163,-2983.8537,0.0,0.0,0.0,0.0,10.3902,0.0,0.0
mechanic_ids,stun_duration_ms,5,shadow,Shadow,18,0,0.0,26.2884,172.9057,-146.6174,-2963.3889,0.0,0.0,0.0,0.0,5.1111,0.0,0.0
mechanic_ids,interrupt_skip_count,5,shadow,Shadow,18,0,0.0,26.2884,172.9057,-146.6174,-2963.3889,0.0,0.0,0.0,0.0,5.1111,0.0,0.0
mechanic_ids,slow,5,thief,Thief,41,0,0.0,22.8869,169.0795,-146.1926,-2927.2927,0.0,0.0,0.0,0.0,5.0976,6.8293,0.0
mechanic_ids,cleanse_threshold,5,thief,Thief,41,0,0.0,22.8869,169.0795,-146.1926,-2927.2927,0.0,0.0,0.0,0.0,5.0976,6.8293,0.0
mechanic_ids,stun_duration_ms,5,assassin,Assassin,18,0,0.0,27.0779,172.9057,-145.8278,-2934.7778,0.0,0.0,0.0,0.0,2.2222,6.8889,0.0
mechanic_ids,interrupt_skip_count,5,assassin,Assassin,18,0,0.0,27.0779,172.9057,-145.8278,-2934.7778,0.0,0.0,0.0,0.0,2.2222,6.8889,0.0
mechanic_ids,crit_negation,4,thief,Thief,13,0,0.0,10.5236,155.2534,-144.7298,-1771.4615,395.1145,0.0,185.5297,0.0,0.0,0.0,0.0
mechanic_ids,armor,4,thief,Thief,13,0,0.0,10.5236,155.2534,-144.7298,-1771.4615,395.1145,0.0,185.5297,0.0,0.0,0.0,0.0
mechanic_ids,block,4,thief,Thief,13,0,0.0,10.5236,155.2534,-144.7298,-1771.4615,395.1145,0.0,185.5297,0.0,0.0,0.0,0.0
mechanic_ids,cleanse_threshold,5,assassin,Assassin,41,0,0.0,26.6265,169.0795,-142.453,-2782.6098,0.0,0.0,0.0,0.0,3.7561,3.0244,0.0
mechanic_ids,slow,5,assassin,Assassin,41,0,0.0,26.6265,169.0795,-142.453,-2782.6098,0.0,0.0,0.0,0.0,3.7561,3.0244,0.0
mechanic_ids,slow,5,shadow,Shadow,41,0,0.0,26.8356,169.0795,-142.2439,-2760.7561,0.0,0.0,0.0,0.0,5.8293,0.0,0.0
mechanic_ids,cleanse_threshold,5,shadow,Shadow,41,0,0.0,26.8356,169.0795,-142.2439,-2760.7561,0.0,0.0,0.0,0.0,5.8293,0.0,0.0
mechanic_ids,poison_resistance,5,thief,Thief,44,0,0.0,35.8059,177.989,-142.1831,-2537.25,0.0,0.0,0.0,0.0,3.8636,0.0,0.0
mechanic_ids,suppress,5,thief,Thief,44,0,0.0,35.8059,177.989,-142.1831,-2537.25,0.0,0.0,0.0,0.0,3.8636,0.0,0.0
mechanic_ids,block,4,blade_dancer,Blade Dancer,13,0,0.0,18.0181,155.2534,-137.2353,-1425.2308,589.0183,0.0,295.7599,0.0,0.0,0.0,0.0
mechanic_ids,armor,4,blade_dancer,Blade Dancer,13,0,0.0,18.0181,155.2534,-137.2353,-1425.2308,589.0183,0.0,295.7599,0.0,0.0,0.0,0.0
mechanic_ids,crit_negation,4,blade_dancer,Blade Dancer,13,0,0.0,18.0181,155.2534,-137.2353,-1425.2308,589.0183,0.0,295.7599,0.0,0.0,0.0,0.0
mechanic_ids,block,4,shadow,Shadow,13,0,0.0,18.731,155.2534,-136.5223,-1399.3846,337.3233,0.0,206.3663,0.0,0.0,0.0,0.0
mechanic_ids,armor,4,shadow,Shadow,13,0,0.0,18.731,155.2534,-136.5223,-1399.3846,337.3233,0.0,206.3663,0.0,0.0,0.0,0.0
mechanic_ids,crit_negation,4,shadow,Shadow,13,0,0.0,18.731,155.2534,-136.5223,-1399.3846,337.3233,0.0,206.3663,0.0,0.0,0.0,0.0
mechanic_ids,absorb,4,assassin,Assassin,28,0,0.0,23.9487,152.5692,-128.6205,-2395.75,0.0,324.25,0.0,0.0,0.0,0.0,0.0
mechanic_ids,suppress,4,assassin,Assassin,42,0,0.0,23.5332,145.3104,-121.7773,-2211.8095,0.0,216.1667,0.0,0.0,1.7381,0.0,0.0
mechanic_ids,poison_resistance,4,assassin,Assassin,42,0,0.0,23.5332,145.3104,-121.7773,-2211.8095,0.0,216.1667,0.0,0.0,1.7381,0.0,0.0
mechanic_ids,stun_duration_ms,4,thief,Thief,25,0,0.0,10.5548,130.4836,-119.9288,-2454.68,0.0,0.0,0.0,0.0,2.2,14.76,0.0
mechanic_ids,interrupt_skip_count,4,thief,Thief,25,0,0.0,10.5548,130.4836,-119.9288,-2454.68,0.0,0.0,0.0,0.0,2.2,14.76,0.0
mechanic_ids,absorb,4,shadow,Shadow,28,0,0.0,32.7325,152.5692,-119.8368,-1997.4643,0.0,214.9675,0.0,0.0,0.0,0.0,0.0
mechanic_ids,crit_negation,4,assassin,Assassin,13,0,0.0,40.0144,155.2534,-115.239,-459.6154,214.9995,0.0,96.7042,0.0,0.0,0.0,0.0
mechanic_ids,armor,4,assassin,Assassin,13,0,0.0,40.0144,155.2534,-115.239,-459.6154,214.9995,0.0,96.7042,0.0,0.0,0.0,0.0
mechanic_ids,block,4,assassin,Assassin,13,0,0.0,40.0144,155.2534,-115.239,-459.6154,214.9995,0.0,96.7042,0.0,0.0,0.0,0.0
mechanic_ids,suppress,4,shadow,Shadow,42,0,0.0,30.2731,145.3104,-115.0374,-1909.2143,0.0,143.3117,0.0,0.0,2.2857,0.0,0.0
mechanic_ids,poison_resistance,4,shadow,Shadow,42,0,0.0,30.2731,145.3104,-115.0374,-1909.2143,0.0,143.3117,0.0,0.0,2.2857,0.0,0.0
mechanic_ids,absorb,4,blade_dancer,Blade Dancer,28,0,0.0,37.8944,152.5692,-114.6748,-1776.6786,0.0,0.0,0.0,0.0,0.0,0.0,0.0
mechanic_ids,absorb,4,thief,Thief,28,0,0.0,39.4972,152.5692,-113.072,-1714.7857,0.0,0.0,0.0,0.0,0.0,0.0,0.0
mechanic_ids,cleanse_threshold,4,thief,Thief,39,0,0.0,18.1914,130.5946,-112.4033,-2093.8462,0.0,0.0,0.0,0.0,4.2051,9.4615,0.0
mechanic_ids,slow,4,thief,Thief,39,0,0.0,18.1914,130.5946,-112.4033,-2093.8462,0.0,0.0,0.0,0.0,4.2051,9.4615,0.0
mechanic_ids,poison_resistance,4,blade_dancer,Blade Dancer,42,0,0.0,32.942,145.3104,-112.3685,-1797.9286,0.0,0.0,0.0,0.0,3.9762,0.0,0.0
mechanic_ids,suppress,4,blade_dancer,Blade Dancer,42,0,0.0,32.942,145.3104,-112.3685,-1797.9286,0.0,0.0,0.0,0.0,3.9762,0.0,0.0
mechanic_ids,interrupt_skip_count,4,blade_dancer,Blade Dancer,25,0,0.0,19.012,130.4836,-111.4716,-2120.2,0.0,0.0,0.0,0.0,9.28,0.0,0.0
mechanic_ids,stun_duration_ms,4,blade_dancer,Blade Dancer,25,0,0.0,19.012,130.4836,-111.4716,-2120.2,0.0,0.0,0.0,0.0,9.28,0.0,0.0
mechanic_ids,slow,4,blade_dancer,Blade Dancer,39,0,0.0,20.4569,130.5946,-110.1377,-2019.7692,0.0,0.0,0.0,0.0,10.2308,0.0,0.0
mechanic_ids,cleanse_threshold,4,blade_dancer,Blade Dancer,39,0,0.0,20.4569,130.5946,-110.1377,-2019.7692,0.0,0.0,0.0,0.0,10.2308,0.0,0.0
mechanic_ids,suppress,4,thief,Thief,42,0,0.0,36.9409,145.3104,-108.3696,-1626.3571,0.0,0.0,0.0,0.0,2.5952,0.0,0.0
mechanic_ids,poison_resistance,4,thief,Thief,42,0,0.0,36.9409,145.3104,-108.3696,-1626.3571,0.0,0.0,0.0,0.0,2.5952,0.0,0.0
mechanic_ids,cleanse_threshold,4,assassin,Assassin,39,0,0.0,24.3417,130.5946,-106.2529,-1859.3846,0.0,0.0,0.0,0.0,3.4103,4.2051,0.0
mechanic_ids,slow,4,assassin,Assassin,39,0,0.0,24.3417,130.5946,-106.2529,-1859.3846,0.0,0.0,0.0,0.0,3.4103,4.2051,0.0
mechanic_ids,stun_duration_ms,4,assassin,Assassin,25,0,0.0,25.26,130.4836,-105.2236,-1868.04,0.0,0.0,0.0,0.0,2.4,6.56,0.0
mechanic_ids,interrupt_skip_count,4,assassin,Assassin,25,0,0.0,25.26,130.4836,-105.2236,-1868.04,0.0,0.0,0.0,0.0,2.4,6.56,0.0
mechanic_ids,cleanse_threshold,4,shadow,Shadow,39,0,0.0,25.5044,130.5946,-105.0902,-1807.4359,0.0,0.0,0.0,0.0,5.8205,0.0,0.0
mechanic_ids,slow,4,shadow,Shadow,39,0,0.0,25.5044,130.5946,-105.0902,-1807.4359,0.0,0.0,0.0,0.0,5.8205,0.0,0.0
mechanic_ids,stun_duration_ms,4,shadow,Shadow,25,0,0.0,25.5884,130.4836,-104.8952,-1849.28,0.0,0.0,0.0,0.0,5.24,0.0,0.0
mechanic_ids,interrupt_skip_count,4,shadow,Shadow,25,0,0.0,25.5884,130.4836,-104.8952,-1849.28,0.0,0.0,0.0,0.0,5.24,0.0,0.0
mechanic_ids,block,3,thief,Thief,24,0,0.0,15.7666,79.0772,-63.3106,-648.6667,338.875,0.0,0.0,0.0,0.0,0.0,0.0
mechanic_ids,armor,3,thief,Thief,24,0,0.0,15.7666,79.0772,-63.3106,-648.6667,338.875,0.0,0.0,0.0,0.0,0.0,0.0
mechanic_ids,interrupt_skip_count,3,thief,Thief,18,0,0.0,12.5716,70.8986,-58.327,-1808.9444,0.0,0.0,0.0,0.0,2.2222,18.2222,0.0
mechanic_ids,armor,3,shadow,Shadow,24,0,0.0,23.128,79.0772,-55.9493,-319.7917,293.8333,0.0,0.0,0.0,0.0,0.0,0.0
mechanic_ids,block,3,shadow,Shadow,24,0,0.0,23.128,79.0772,-55.9493,-319.7917,293.8333,0.0,0.0,0.0,0.0,0.0,0.0
mechanic_ids,armor,3,blade_dancer,Blade Dancer,24,0,0.0,24.9946,79.0772,-54.0826,-227.4583,504.6667,0.0,0.0,0.0,0.0,0.0,0.0
mechanic_ids,block,3,blade_dancer,Blade Dancer,24,0,0.0,24.9946,79.0772,-54.0826,-227.4583,504.6667,0.0,0.0,0.0,0.0,0.0,0.0
mechanic_ids,absorb,3,assassin,Assassin,16,0,0.0,30.8522,81.5598,-50.7076,-682.125,0.0,200.8125,0.0,0.0,0.0,0.0,0.0
mechanic_ids,poison_resistance,3,assassin,Assassin,16,0,0.0,30.8522,81.5598,-50.7076,-682.125,0.0,200.8125,0.0,0.0,0.0,0.0,0.0
mechanic_ids,interrupt_skip_count,3,blade_dancer,Blade Dancer,18,0,0.0,21.9194,70.8986,-48.9792,-1382.5,0.0,0.0,0.0,0.0,9.5556,0.0,0.0
mechanic_ids,absorb,3,shadow,Shadow,16,0,0.0,33.6683,81.5598,-47.8915,-564.375,0.0,198.25,0.0,0.0,0.0,0.0,0.0
mechanic_ids,poison_resistance,3,shadow,Shadow,16,0,0.0,33.6683,81.5598,-47.8915,-564.375,0.0,198.25,0.0,0.0,0.0,0.0,0.0
mechanic_ids,slow,3,blade_dancer,Blade Dancer,40,0,0.0,22.8818,70.0824,-47.2005,-1130.1,0.0,0.0,0.0,0.0,9.875,0.0,0.0
mechanic_ids,cleanse_threshold,3,blade_dancer,Blade Dancer,40,0,0.0,22.8818,70.0824,-47.2005,-1130.1,0.0,0.0,0.0,0.0,9.875,0.0,0.0
mechanic_ids,slow,3,thief,Thief,40,0,0.0,24.2,70.0824,-45.8824,-1083.175,0.0,0.0,0.0,0.0,4.725,8.2,0.0
mechanic_ids,cleanse_threshold,3,thief,Thief,40,0,0.0,24.2,70.0824,-45.8824,-1083.175,0.0,0.0,0.0,0.0,4.725,8.2,0.0
mechanic_ids,suppress,3,blade_dancer,Blade Dancer,38,0,0.0,30.1601,74.5283,-44.3682,-678.0263,0.0,0.0,0.0,0.0,5.8684,0.0,0.0
mechanic_ids,block,2,thief,Thief,15,0,0.0,16.4997,60.3282,-43.8285,-311.3333,317.7333,0.0,0.0,0.0,0.0,0.0,0.0
mechanic_ids,armor,2,thief,Thief,15,0,0.0,16.4997,60.3282,-43.8285,-311.3333,317.7333,0.0,0.0,0.0,0.0,0.0,0.0
mechanic_ids,suppress,3,shadow,Shadow,38,0,0.0,31.4848,74.5283,-43.0435,-616.6842,0.0,83.4737,0.0,0.0,3.2632,0.0,0.0
mechanic_ids,poison_resistance,3,blade_dancer,Blade Dancer,16,0,0.0,39.085,81.5598,-42.4748,-340.375,0.0,0.0,0.0,0.0,0.0,0.0,0.0
mechanic_ids,absorb,3,blade_dancer,Blade Dancer,16,0,0.0,39.085,81.5598,-42.4748,-340.375,0.0,0.0,0.0,0.0,0.0,0.0,0.0
mechanic_ids,poison_resistance,3,thief,Thief,16,0,0.0,39.1844,81.5598,-42.3753,-345.9375,0.0,0.0,0.0,0.0,0.0,0.0,0.0
mechanic_ids,absorb,3,thief,Thief,16,0,0.0,39.1844,81.5598,-42.3753,-345.9375,0.0,0.0,0.0,0.0,0.0,0.0,0.0
mechanic_ids,suppress,3,assassin,Assassin,38,0,0.0,32.2706,74.5283,-42.2577,-585.5526,0.0,84.5526,0.0,0.0,2.5526,0.0,0.0
mechanic_ids,interrupt_skip_count,3,assassin,Assassin,18,0,0.0,29.5527,70.8986,-41.3459,-1066.7778,0.0,0.0,0.0,0.0,2.2778,8.6667,0.0
mechanic_ids,interrupt_skip_count,3,shadow,Shadow,18,0,0.0,30.1541,70.8986,-40.7445,-1025.4444,0.0,0.0,0.0,0.0,5.4444,0.0,0.0
mechanic_ids,cleanse_threshold,3,shadow,Shadow,40,0,0.0,30.0126,70.0824,-40.0697,-821.55,0.0,0.0,0.0,0.0,5.55,0.0,0.0
mechanic_ids,slow,3,shadow,Shadow,40,0,0.0,30.0126,70.0824,-40.0697,-821.55,0.0,0.0,0.0,0.0,5.55,0.0,0.0
mechanic_ids,interrupt_skip_count,2,thief,Thief,23,0,0.0,12.1077,51.6585,-39.5508,-1177.913,0.0,0.0,0.0,0.0,2.2609,18.3913,0.0
mechanic_ids,suppress,3,thief,Thief,38,0,0.0,36.0174,74.5283,-38.5109,-428.9737,0.0,0.0,0.0,0.0,3.9211,0.0,0.0
mechanic_ids,cleanse_threshold,3,assassin,Assassin,40,0,0.0,31.6149,70.0824,-38.4675,-763.475,0.0,0.0,0.0,0.0,3.45,3.9,0.0
mechanic_ids,slow,3,assassin,Assassin,40,0,0.0,31.6149,70.0824,-38.4675,-763.475,0.0,0.0,0.0,0.0,3.45,3.9,0.0
mechanic_ids,interrupt_skip_count,2,blade_dancer,Blade Dancer,23,0,0.0,23.1235,51.6585,-28.535,-688.087,0.0,0.0,0.0,0.0,9.6522,0.0,0.0
mechanic_ids,cleanse_threshold,2,blade_dancer,Blade Dancer,44,0,0.0,23.5546,51.2668,-27.7122,-551.0455,0.0,0.0,0.0,0.0,10.3864,0.0,0.0
mechanic_ids,slow,2,blade_dancer,Blade Dancer,44,0,0.0,23.5546,51.2668,-27.7122,-551.0455,0.0,0.0,0.0,0.0,10.3864,0.0,0.0
mechanic_ids,interrupt_skip_count,1,thief,Thief,17,0,0.0,11.6772,35.8445,-24.1673,-662.5882,0.0,0.0,0.0,0.0,2.0588,17.7647,0.0
mechanic_ids,interrupt_skip_count,2,shadow,Shadow,23,0,0.0,30.6058,51.6585,-21.0527,-359.5217,0.0,0.0,0.0,0.0,5.3913,0.0,0.0
mechanic_ids,interrupt_skip_count,2,assassin,Assassin,23,3,0.1304,30.206,51.6585,-21.4525,-367.6522,0.0,0.0,0.0,0.0,2.3913,8.3478,0.0
mechanic_ids,interrupt_skip_count,1,blade_dancer,Blade Dancer,17,3,0.1765,22.8971,35.8445,-12.9474,-186.6471,0.0,0.0,0.0,0.0,9.3529,0.0,0.0
mechanic_ids,cleanse_threshold,2,shadow,Shadow,44,8,0.1818,30.105,51.2668,-21.1619,-252.9545,0.0,0.0,0.0,0.0,5.8636,0.0,0.0
mechanic_ids,slow,2,shadow,Shadow,44,8,0.1818,30.105,51.2668,-21.1619,-252.9545,0.0,0.0,0.0,0.0,5.8636,0.0,0.0
mechanic_ids,poison_resistance,2,assassin,Assassin,21,4,0.1905,29.5421,58.4892,-28.9471,-194.1905,0.0,230.9048,0.0,0.0,0.0,0.0,0.0
mechanic_ids,absorb,2,assassin,Assassin,21,4,0.1905,29.5421,58.4892,-28.9471,-194.1905,0.0,230.9048,0.0,0.0,0.0,0.0,0.0
mechanic_ids,cleanse_threshold,2,thief,Thief,44,11,0.25,22.2225,51.2668,-29.0444,-599.3182,0.0,0.0,0.0,0.0,4.75,9.6136,0.0
mechanic_ids,slow,2,thief,Thief,44,11,0.25,22.2225,51.2668,-29.0444,-599.3182,0.0,0.0,0.0,0.0,4.75,9.6136,0.0
mechanic_ids,cleanse_threshold,1,blade_dancer,Blade Dancer,36,12,0.3333,23.201,35.5423,-12.3413,-69.5556,0.0,0.0,0.0,0.0,9.5556,0.0,0.0
mechanic_ids,slow,1,blade_dancer,Blade Dancer,36,12,0.3333,23.201,35.5423,-12.3413,-69.5556,0.0,0.0,0.0,0.0,9.5556,0.0,0.0
mechanic_ids,slow,2,assassin,Assassin,44,17,0.3864,32.1334,51.2668,-19.1335,-145.6818,0.0,0.0,0.0,0.0,3.5909,4.3636,0.0
mechanic_ids,cleanse_threshold,2,assassin,Assassin,44,17,0.3864,32.1334,51.2668,-19.1335,-145.6818,0.0,0.0,0.0,0.0,3.5909,4.3636,0.0
mechanic_ids,suppress,2,blade_dancer,Blade Dancer,42,18,0.4286,31.4861,54.6635,-23.1774,-69.5,0.0,0.0,0.0,0.0,5.5952,0.0,0.0
mechanic_ids,suppress,2,assassin,Assassin,42,18,0.4286,31.8932,54.6635,-22.7703,-48.381,0.0,115.4524,0.0,0.0,2.4524,0.0,0.0
mechanic_ids,suppress,2,shadow,Shadow,42,20,0.4762,31.8691,54.6635,-22.7944,-57.2381,0.0,114.8095,0.0,0.0,3.1905,0.0,0.0
mechanic_ids,slow,1,thief,Thief,36,19,0.5278,22.9231,35.5423,-12.6193,-84.75,0.0,0.0,0.0,0.0,4.3889,8.3889,0.0
mechanic_ids,cleanse_threshold,1,thief,Thief,36,19,0.5278,22.9231,35.5423,-12.6193,-84.75,0.0,0.0,0.0,0.0,4.3889,8.3889,0.0
mechanic_ids,armor,1,thief,Thief,24,13,0.5417,16.2587,40.7718,-24.5131,26.3333,331.6667,0.0,0.0,0.0,0.0,0.0,0.0
mechanic_ids,block,1,thief,Thief,24,13,0.5417,16.2587,40.7718,-24.5131,26.3333,331.6667,0.0,0.0,0.0,0.0,0.0,0.0
mechanic_ids,poison_resistance,2,shadow,Shadow,21,12,0.5714,34.1817,58.4892,-24.3074,21.7619,0.0,229.619,0.0,0.0,0.0,0.0,0.0
mechanic_ids,absorb,2,shadow,Shadow,21,12,0.5714,34.1817,58.4892,-24.3074,21.7619,0.0,229.619,0.0,0.0,0.0,0.0,0.0
mechanic_ids,block,2,shadow,Shadow,15,9,0.6,24.3965,60.3282,-35.9318,54.5333,274.5333,0.0,0.0,0.0,0.0,0.0,0.0
mechanic_ids,armor,2,shadow,Shadow,15,9,0.6,24.3965,60.3282,-35.9318,54.5333,274.5333,0.0,0.0,0.0,0.0,0.0,0.0
mechanic_ids,interrupt_skip_count,1,assassin,Assassin,17,12,0.7059,30.4644,35.8445,-5.3801,126.0588,0.0,0.0,0.0,0.0,2.1765,7.9412,0.0
mechanic_ids,suppress,1,blade_dancer,Blade Dancer,39,29,0.7436,30.793,37.9228,-7.1299,318.8974,0.0,0.0,0.0,0.0,4.7436,0.0,0.0
mechanic_ids,suppress,2,thief,Thief,42,32,0.7619,37.032,54.6635,-17.6315,181.2143,0.0,0.0,0.0,0.0,3.7381,0.0,0.0
mechanic_ids,armor,2,blade_dancer,Blade Dancer,15,12,0.8,25.6034,60.3282,-34.7248,128.8,467.3333,0.0,0.0,0.0,0.0,0.0,0.0
mechanic_ids,block,2,blade_dancer,Blade Dancer,15,12,0.8,25.6034,60.3282,-34.7248,128.8,467.3333,0.0,0.0,0.0,0.0,0.0,0.0
mechanic_ids,absorb,2,blade_dancer,Blade Dancer,21,18,0.8571,38.9455,58.4892,-19.5437,261.9524,0.0,0.0,0.0,0.0,0.0,0.0,0.0
mechanic_ids,poison_resistance,2,blade_dancer,Blade Dancer,21,18,0.8571,38.9455,58.4892,-19.5437,261.9524,0.0,0.0,0.0,0.0,0.0,0.0,0.0
mechanic_ids,cleanse_threshold,1,assassin,Assassin,36,31,0.8611,32.4494,35.5423,-3.0929,315.1944,0.0,0.0,0.0,0.0,3.3611,3.75,0.0
mechanic_ids,slow,1,assassin,Assassin,36,31,0.8611,32.4494,35.5423,-3.0929,315.1944,0.0,0.0,0.0,0.0,3.3611,3.75,0.0
mechanic_ids,block,3,assassin,Assassin,24,24,1.0,42.8704,79.0772,-36.2068,551.625,191.4258,0.0,0.0,0.0,0.0,0.0,0.0
mechanic_ids,armor,3,assassin,Assassin,24,24,1.0,42.8704,79.0772,-36.2068,551.625,191.4258,0.0,0.0,0.0,0.0,0.0,0.0
mechanic_ids,absorb,2,thief,Thief,21,21,1.0,40.7634,58.4892,-17.7258,328.0476,0.0,0.0,0.0,0.0,0.0,0.0,0.0
mechanic_ids,poison_resistance,2,thief,Thief,21,21,1.0,40.7634,58.4892,-17.7258,328.0476,0.0,0.0,0.0,0.0,0.0,0.0,0.0
mechanic_ids,armor,1,shadow,Shadow,24,24,1.0,23.674,40.7718,-17.0978,378.375,286.5833,0.0,0.0,0.0,0.0,0.0,0.0
mechanic_ids,block,1,shadow,Shadow,24,24,1.0,23.674,40.7718,-17.0978,378.375,286.5833,0.0,0.0,0.0,0.0,0.0,0.0
mechanic_ids,block,2,assassin,Assassin,15,15,1.0,43.3244,60.3282,-17.0038,916.2,181.8413,0.0,0.0,0.0,0.0,0.0,0.0
mechanic_ids,armor,2,assassin,Assassin,15,15,1.0,43.3244,60.3282,-17.0038,916.2,181.8413,0.0,0.0,0.0,0.0,0.0,0.0
mechanic_ids,block,1,blade_dancer,Blade Dancer,24,24,1.0,26.0618,40.7718,-14.71,480.4167,492.9167,0.0,0.0,0.0,0.0,0.0,0.0
mechanic_ids,armor,1,blade_dancer,Blade Dancer,24,24,1.0,26.0618,40.7718,-14.71,480.4167,492.9167,0.0,0.0,0.0,0.0,0.0,0.0
mechanic_ids,poison_resistance,1,assassin,Assassin,20,20,1.0,29.6412,40.4412,-10.8,249.35,0.0,204.05,0.0,0.0,0.0,0.0,0.0
mechanic_ids,absorb,1,assassin,Assassin,20,20,1.0,29.6412,40.4412,-10.8,249.35,0.0,204.05,0.0,0.0,0.0,0.0,0.0
mechanic_ids,absorb,1,shadow,Shadow,20,20,1.0,33.5868,40.4412,-6.8543,416.9,0.0,201.3,0.0,0.0,0.0,0.0,0.0
mechanic_ids,poison_resistance,1,shadow,Shadow,20,20,1.0,33.5868,40.4412,-6.8543,416.9,0.0,201.3,0.0,0.0,0.0,0.0,0.0
mechanic_ids,suppress,1,shadow,Shadow,39,39,1.0,31.5806,37.9228,-6.3422,352.1538,0.0,103.2308,0.0,0.0,2.7436,0.0,0.0
mechanic_ids,suppress,1,assassin,Assassin,39,39,1.0,31.8745,37.9228,-6.0483,363.8718,0.0,104.641,0.0,0.0,2.1538,0.0,0.0
mechanic_ids,slow,1,shadow,Shadow,36,36,1.0,30.1243,35.5423,-5.4181,223.5,0.0,0.0,0.0,0.0,5.3611,0.0,0.0
mechanic_ids,cleanse_threshold,1,shadow,Shadow,36,36,1.0,30.1243,35.5423,-5.4181,223.5,0.0,0.0,0.0,0.0,5.3611,0.0,0.0
mechanic_ids,interrupt_skip_count,1,shadow,Shadow,17,17,1.0,30.8569,35.8445,-4.9876,155.8824,0.0,0.0,0.0,0.0,5.0588,0.0,0.0
mechanic_ids,poison_resistance,1,blade_dancer,Blade Dancer,20,20,1.0,37.747,40.4412,-2.6942,588.4,0.0,0.0,0.0,0.0,0.0,0.0,0.0
mechanic_ids,absorb,1,blade_dancer,Blade Dancer,20,20,1.0,37.747,40.4412,-2.6942,588.4,0.0,0.0,0.0,0.0,0.0,0.0,0.0
mechanic_ids,suppress,1,thief,Thief,39,39,1.0,36.333,37.9228,-1.5899,550.0,0.0,0.0,0.0,0.0,3.1538,0.0,0.0
mechanic_ids,absorb,1,thief,Thief,20,20,1.0,39.5134,40.4412,-0.9278,661.85,0.0,0.0,0.0,0.0,0.0,0.0,0.0
mechanic_ids,poison_resistance,1,thief,Thief,20,20,1.0,39.5134,40.4412,-0.9278,661.85,0.0,0.0,0.0,0.0,0.0,0.0,0.0
mechanic_ids,armor,1,assassin,Assassin,24,24,1.0,43.0493,40.7718,2.2775,1248.5833,189.3262,0.0,0.0,0.0,0.0,0.0,0.0
mechanic_ids,block,1,assassin,Assassin,24,24,1.0,43.0493,40.7718,2.2775,1248.5833,189.3262,0.0,0.0,0.0,0.0,0.0,0.0