field,pressure_id,contract_number,build_id,build_label,samples,wins,win_rate,avg_dps,avg_required_dps,avg_required_dps_gap,avg_damage_gap,avg_blocked_damage,avg_absorbed_damage,avg_crit_negated_damage,avg_dodges,avg_cleanses,avg_interrupts,avg_stun_seconds
archetype_ids,warded,30,assassin,Assassin,24,0,0.0,21.547,47108.4398,-47086.8928,-1025842.0833,0.0,376.2917,0.0,0.0,0.0,0.0,0.0
archetype_ids,nullify,30,assassin,Assassin,24,0,0.0,21.547,47108.4398,-47086.8928,-1025842.0833,0.0,376.2917,0.0,0.0,0.0,0.0,0.0
archetype_ids,warded,30,shadow,Shadow,24,0,0.0,33.3511,47108.4398,-47075.0887,-1025304.2917,0.0,198.0063,0.0,0.0,0.0,0.0,0.0
archetype_ids,nullify,30,shadow,Shadow,24,0,0.0,33.3511,47108.4398,-47075.0887,-1025304.2917,0.0,198.0063,0.0,0.0,0.0,0.0,0.0
archetype_ids,warded,30,blade_dancer,Blade Dancer,24,0,0.0,39.0523,47108.4398,-47069.3875,-1025058.6667,0.0,0.0,0.0,0.0,0.0,0.0,0.0
archetype_ids,nullify,30,blade_dancer,Blade Dancer,24,0,0.0,39.0523,47108.4398,-47069.3875,-1025058.6667,0.0,0.0,0.0,0.0,0.0,0.0,0.0
archetype_ids,warded,30,thief,Thief,24,0,0.0,39.4963,47108.4398,-47068.9435,-1025050.4167,0.0,0.0,0.0,0.0,0.0,0.0,0.0
archetype_ids,nullify,30,thief,Thief,24,0,0.0,39.4963,47108.4398,-47068.9435,-1025050.4167,0.0,0.0,0.0,0.0,0.0,0.0,0.0
archetype_ids,aegis,30,thief,Thief,20,0,0.0,9.2274,46757.2128,-46747.9855,-640485.15,422.9518,0.0,181.1345,0.0,0.0,0.0,0.0
archetype_ids,fortified,30,thief,Thief,20,0,0.0,9.2274,46757.2128,-46747.9855,-640485.15,422.9518,0.0,181.1345,0.0,0.0,0.0,0.0
archetype_ids,aegis,30,blade_dancer,Blade Dancer,20,0,0.0,16.0532,46757.2128,-46741.1597,-640188.65,623.6269,0.0,256.2917,0.0,0.0,0.0,0.0
archetype_ids,fortified,30,blade_dancer,Blade Dancer,20,0,0.0,16.0532,46757.2128,-46741.1597,-640188.65,623.6269,0.0,256.2917,0.0,0.0,0.0,0.0
archetype_ids,aegis,30,shadow,Shadow,20,0,0.0,17.7373,46757.2128,-46739.4756,-640123.9,362.8623,0.0,157.6094,0.0,0.0,0.0,0.0
archetype_ids,fortified,30,shadow,Shadow,20,0,0.0,17.7373,46757.2128,-46739.4756,-640123.9,362.8623,0.0,157.6094,0.0,0.0,0.0,0.0
archetype_ids,aegis,30,assassin,Assassin,20,0,0.0,39.3923,46757.2128,-46717.8206,-639210.05,228.0496,0.0,109.2772,0.0,0.0,0.0,0.0
archetype_ids,fortified,30,assassin,Assassin,20,0,0.0,39.3923,46757.2128,-46717.8206,-639210.05,228.0496,0.0,109.2772,0.0,0.0,0.0,0.0
archetype_ids,arcane,30,thief,Thief,21,0,0.0,10.3958,42061.1361,-42050.7403,-955211.6667,0.0,0.0,0.0,0.0,2.8095,14.619,0.0
archetype_ids,devious,30,thief,Thief,21,0,0.0,10.3958,42061.1361,-42050.7403,-955211.6667,0.0,0.0,0.0,0.0,2.8095,14.619,0.0
archetype_ids,arcane,30,blade_dancer,Blade Dancer,21,0,0.0,17.8837,42061.1361,-42043.2525,-954881.8095,0.0,0.0,0.0,0.0,11.0476,0.0,0.0
archetype_ids,devious,30,blade_dancer,Blade Dancer,21,0,0.0,17.8837,42061.1361,-42043.2525,-954881.8095,0.0,0.0,0.0,0.0,11.0476,0.0,0.0
archetype_ids,arcane,30,assassin,Assassin,21,0,0.0,21.8735,42061.1361,-42039.2626,-954718.7143,0.0,0.0,0.0,0.0,2.9524,6.2857,0.0
archetype_ids,devious,30,assassin,Assassin,21,0,0.0,21.8735,42061.1361,-42039.2626,-954718.7143,0.0,0.0,0.0,0.0,2.9524,6.2857,0.0
archetype_ids,arcane,30,shadow,Shadow,21,0,0.0,24.0739,42061.1361,-42037.0622,-954609.9048,0.0,0.0,0.0,0.0,6.2381,0.0,0.0
archetype_ids,devious,30,shadow,Shadow,21,0,0.0,24.0739,42061.1361,-42037.0622,-954609.9048,0.0,0.0,0.0,0.0,6.2381,0.0,0.0
archetype_ids,spiteful,30,blade_dancer,Blade Dancer,15,0,0.0,22.0571,41199.3887,-41177.3316,-912711.7333,0.0,0.0,0.0,0.0,12.7333,0.0,0.0
archetype_ids,hexed,30,blade_dancer,Blade Dancer,15,0,0.0,22.0571,41199.3887,-41177.3316,-912711.7333,0.0,0.0,0.0,0.0,12.7333,0.0,0.0
archetype_ids,spiteful,30,assassin,Assassin,15,0,0.0,23.7247,41199.3887,-41175.664,-912625.0,0.0,0.0,0.0,0.0,5.6667,0.0,0.0
archetype_ids,hexed,30,assassin,Assassin,15,0,0.0,23.7247,41199.3887,-41175.664,-912625.0,0.0,0.0,0.0,0.0,5.6667,0.0,0.0
archetype_ids,spiteful,30,shadow,Shadow,15,0,0.0,26.0052,41199.3887,-41173.3835,-912526.2,0.0,0.0,0.0,0.0,7.2667,0.0,0.0
archetype_ids,hexed,30,shadow,Shadow,15,0,0.0,26.0052,41199.3887,-41173.3835,-912526.2,0.0,0.0,0.0,0.0,7.2667,0.0,0.0
archetype_ids,hexed,30,thief,Thief,15,0,0.0,32.0612,41199.3887,-41167.3275,-912236.8,0.0,0.0,0.0,0.0,8.6667,0.0,0.0
archetype_ids,spiteful,30,thief,Thief,15,0,0.0,32.0612,41199.3887,-41167.3275,-912236.8,0.0,0.0,0.0,0.0,8.6667,0.0,0.0
archetype_ids,warded,29,assassin,Assassin,15,0,0.0,20.8947,40931.2791,-40910.3844,-878225.8667,0.0,376.3936,0.0,0.0,0.0,0.0,0.0
archetype_ids,nullify,29,assassin,Assassin,15,0,0.0,20.8947,40931.2791,-40910.3844,-878225.8667,0.0,376.3936,0.0,0.0,0.0,0.0,0.0
archetype_ids,warded,29,shadow,Shadow,15,0,0.0,31.8785,40931.2791,-40899.4006,-877732.5333,0.0,189.6787,0.0,0.0,0.0,0.0,0.0
archetype_ids,nullify,29,shadow,Shadow,15,0,0.0,31.8785,40931.2791,-40899.4006,-877732.5333,0.0,189.6787,0.0,0.0,0.0,0.0,0.0
archetype_ids,nullify,29,blade_dancer,Blade Dancer,15,0,0.0,38.1196,40931.2791,-40893.1595,-877464.3333,0.0,0.0,0.0,0.0,0.0,0.0,0.0
archetype_ids,warded,29,blade_dancer,Blade Dancer,15,0,0.0,38.1196,40931.2791,-40893.1595,-877464.3333,0.0,0.0,0.0,0.0,0.0,0.0,0.0
archetype_ids,warded,29,thief,Thief,15,0,0.0,39.8598,40931.2791,-40891.4192,-877394.3333,0.0,0.0,0.0,0.0,0.0,0.0,0.0
archetype_ids,nullify,29,thief,Thief,15,0,0.0,39.8598,40931.2791,-40891.4192,-877394.3333,0.0,0.0,0.0,0.0,0.0,0.0,0.0
archetype_ids,fortified,29,thief,Thief,24,0,0.0,9.4259,40403.2004,-40393.7745,-571971.6667,436.0472,0.0,152.3472,0.0,0.0,0.0,0.0
archetype_ids,aegis,29,thief,Thief,24,0,0.0,9.4259,40403.2004,-40393.7745,-571971.6667,436.0472,0.0,152.3472,0.0,0.0,0.0,0.0
archetype_ids,fortified,29,blade_dancer,Blade Dancer,24,0,0.0,15.8104,40403.2004,-40387.39,-571679.2917,639.3029,0.0,225.5397,0.0,0.0,0.0,0.0
archetype_ids,aegis,29,blade_dancer,Blade Dancer,24,0,0.0,15.8104,40403.2004,-40387.39,-571679.2917,639.3029,0.0,225.5397,0.0,0.0,0.0,0.0
archetype_ids,fortified,29,shadow,Shadow,24,0,0.0,17.7818,40403.2004,-40385.4186,-571604.2083,371.7146,0.0,147.1237,0.0,0.0,0.0,0.0
archetype_ids,aegis,29,shadow,Shadow,24,0,0.0,17.7818,40403.2004,-40385.4186,-571604.2083,371.7146,0.0,147.1237,0.0,0.0,0.0,0.0
archetype_ids,aegis,29,assassin,Assassin,24,0,0.0,39.3645,40403.2004,-40363.8359,-570667.5833,232.1442,0.0,109.197,0.0,0.0,0.0,0.0
archetype_ids,fortified,29,assassin,Assassin,24,0,0.0,39.3645,40403.2004,-40363.8359,-570667.5833,232.1442,0.0,109.197,0.0,0.0,0.0,0.0
archetype_ids,arcane,29,thief,Thief,17,0,0.0,10.2155,35792.4127,-35782.1972,-845621.1176,0.0,0.0,0.0,0.0,2.6471,16.2353,0.0
archetype_ids,devious,29,thief,Thief,17,0,0.0,10.2155,35792.4127,-35782.1972,-845621.1176,0.0,0.0,0.0,0.0,2.6471,16.2353,0.0
archetype_ids,devious,29,blade_dancer,Blade Dancer,17,0,0.0,18.7359,35792.4127,-35773.6768,-845231.4118,0.0,0.0,0.0,0.0,11.4706,0.0,0.0
archetype_ids,arcane,29,blade_dancer,Blade Dancer,17,0,0.0,18.7359,35792.4127,-35773.6768,-845231.4118,0.0,0.0,0.0,0.0,11.4706,0.0,0.0
archetype_ids,devious,29,assassin,Assassin,17,0,0.0,23.4213,35792.4127,-35768.9914,-845040.7647,0.0,0.0,0.0,0.0,2.8824,7.2353,0.0
archetype_ids,arcane,29,assassin,Assassin,17,0,0.0,23.4213,35792.4127,-35768.9914,-845040.7647,0.0,0.0,0.0,0.0,2.8824,7.2353,0.0
archetype_ids,devious,29,shadow,Shadow,17,0,0.0,24.9043,35792.4127,-35767.5084,-844947.9412,0.0,0.0,0.0,0.0,6.4706,0.0,0.0
archetype_ids,arcane,29,shadow,Shadow,17,0,0.0,24.9043,35792.4127,-35767.5084,-844947.9412,0.0,0.0,0.0,0.0,6.4706,0.0,0.0
archetype_ids,hexed,29,blade_dancer,Blade Dancer,24,0,0.0,22.3116,35736.6496,-35714.338,-717439.4167,0.0,0.0,0.0,0.0,12.375,0.0,0.0
archetype_ids,spiteful,29,blade_dancer,Blade Dancer,24,0,0.0,22.3116,35736.6496,-35714.338,-717439.4167,0.0,0.0,0.0,0.0,12.375,0.0,0.0
archetype_ids,spiteful,29,assassin,Assassin,24,0,0.0,22.5632,35736.6496,-35714.0864,-717426.875,0.0,0.0,0.0,0.0,5.5417,0.0,0.0
archetype_ids,hexed,29,assassin,Assassin,24,0,0.0,22.5632,35736.6496,-35714.0864,-717426.875,0.0,0.0,0.0,0.0,5.5417,0.0,0.0
archetype_ids,spiteful,29,shadow,Shadow,24,0,0.0,25.6489,35736.6496,-35711.0007,-717303.1667,0.0,0.0,0.0,0.0,7.2083,0.0,0.0
archetype_ids,hexed,29,shadow,Shadow,24,0,0.0,25.6489,35736.6496,-35711.0007,-717303.1667,0.0,0.0,0.0,0.0,7.2083,0.0,0.0
archetype_ids,spiteful,29,thief,Thief,24,0,0.0,32.5646,35736.6496,-35704.085,-717020.9583,0.0,0.0,0.0,0.0,8.125,0.0,0.0
archetype_ids,hexed,29,thief,Thief,24,0,0.0,32.5646,35736.6496,-35704.085,-717020.9583,0.0,0.0,0.0,0.0,8.125,0.0,0.0
archetype_ids,warded,28,assassin,Assassin,17,0,0.0,21.2512,35315.7243,-35294.4731,-805012.4118,0.0,409.4706,0.0,0.0,0.0,0.0,0.0
archetype_ids,nullify,28,assassin,Assassin,17,0,0.0,21.2512,35315.7243,-35294.4731,-805012.4118,0.0,409.4706,0.0,0.0,0.0,0.0,0.0
archetype_ids,warded,28,shadow,Shadow,17,0,0.0,32.9575,35315.7243,-35282.7667,-804456.8235,0.0,209.4606,0.0,0.0,0.0,0.0,0.0
archetype_ids,nullify,28,shadow,Shadow,17,0,0.0,32.9575,35315.7243,-35282.7667,-804456.8235,0.0,209.4606,0.0,0.0,0.0,0.0,0.0
archetype_ids,warded,28,blade_dancer,Blade Dancer,17,0,0.0,38.5484,35315.7243,-35277.1759,-804189.8235,0.0,0.0,0.0,0.0,0.0,0.0,0.0
archetype_ids,nullify,28,blade_dancer,Blade Dancer,17,0,0.0,38.5484,35315.7243,-35277.1759,-804189.8235,0.0,0.0,0.0,0.0,0.0,0.0,0.0
archetype_ids,warded,28,thief,Thief,17,0,0.0,39.1837,35315.7243,-35276.5405,-804171.5882,0.0,0.0,0.0,0.0,0.0,0.0,0.0
archetype_ids,nullify,28,thief,Thief,17,0,0.0,39.1837,35315.7243,-35276.5405,-804171.5882,0.0,0.0,0.0,0.0,0.0,0.0,0.0
archetype_ids,aegis,28,thief,Thief,22,0,0.0,9.366,35064.5194,-35055.1534,-471287.6818,404.139,0.0,163.0931,0.0,0.0,0.0,0.0
archetype_ids,fortified,28,thief,Thief,22,0,0.0,9.366,35064.5194,-35055.1534,-471287.6818,404.139,0.0,163.0931,0.0,0.0,0.0,0.0
archetype_ids,fortified,28,blade_dancer,Blade Dancer,22,0,0.0,15.8997,35064.5194,-35048.6197,-471007.8182,589.7386,0.0,236.718,0.0,0.0,0.0,0.0
archetype_ids,aegis,28,blade_dancer,Blade Dancer,22,0,0.0,15.8997,35064.5194,-35048.6197,-471007.8182,589.7386,0.0,236.718,0.0,0.0,0.0,0.0
archetype_ids,fortified,28,shadow,Shadow,22,0,0.0,17.7821,35064.5194,-35046.7373,-470940.5909,341.7172,0.0,200.9886,0.0,0.0,0.0,0.0
archetype_ids,aegis,28,shadow,Shadow,22,0,0.0,17.7821,35064.5194,-35046.7373,-470940.5909,341.7172,0.0,200.9886,0.0,0.0,0.0,0.0
archetype_ids,fortified,28,assassin,Assassin,22,0,0.0,39.4107,35064.5194,-35025.1087,-470048.7727,215.6228,0.0,126.1939,0.0,0.0,0.0,0.0
archetype_ids,aegis,28,assassin,Assassin,22,0,0.0,39.4107,35064.5194,-35025.1087,-470048.7727,215.6228,0.0,126.1939,0.0,0.0,0.0,0.0
archetype_ids,devious,28,thief,Thief,21,0,0.0,10.3182,31695.7844,-31685.4662,-729315.5238,0.0,0.0,0.0,0.0,2.4762,15.381,0.0
archetype_ids,arcane,28,thief,Thief,21,0,0.0,10.3182,31695.7844,-31685.4662,-729315.5238,0.0,0.0,0.0,0.0,2.4762,15.381,0.0
archetype_ids,devious,28,blade_dancer,Blade Dancer,21,0,0.0,18.8396,31695.7844,-31676.9447,-728931.381,0.0,0.0,0.0,0.0,10.0476,0.0,0.0
archetype_ids,arcane,28,blade_dancer,Blade Dancer,21,0,0.0,18.8396,31695.7844,-31676.9447,-728931.381,0.0,0.0,0.0,0.0,10.0476,0.0,0.0
archetype_ids,devious,28,assassin,Assassin,21,0,0.0,22.5766,31695.7844,-31673.2078,-728771.7143,0.0,0.0,0.0,0.0,2.619,6.9048,0.0
archetype_ids,arcane,28,assassin,Assassin,21,0,0.0,22.5766,31695.7844,-31673.2078,-728771.7143,0.0,0.0,0.0,0.0,2.619,6.9048,0.0
archetype_ids,devious,28,shadow,Shadow,21,0,0.0,25.2831,31695.7844,-31670.5012,-728638.5238,0.0,0.0,0.0,0.0,5.7619,0.0,0.0
archetype_ids,arcane,28,shadow,Shadow,21,0,0.0,25.2831,31695.7844,-31670.5012,-728638.5238,0.0,0.0,0.0,0.0,5.7619,0.0,0.0
archetype_ids,warded,27,assassin,Assassin,15,0,0.0,21.6108,31277.3642,-31255.7534,-611064.4667,0.0,345.2667,0.0,0.0,0.0,0.0,0.0
archetype_ids,nullify,27,assassin,Assassin,15,0,0.0,21.6108,31277.3642,-31255.7534,-611064.4667,0.0,345.2667,0.0,0.0,0.0,0.0,0.0
archetype_ids,warded,27,shadow,Shadow,15,0,0.0,32.127,31277.3642,-31245.2372,-610632.8,0.0,180.908,0.0,0.0,0.0,0.0,0.0
archetype_ids,nullify,27,shadow,Shadow,15,0,0.0,32.127,31277.3642,-31245.2372,-610632.8,0.0,180.908,0.0,0.0,0.0,0.0,0.0
archetype_ids,nullify,27,blade_dancer,Blade Dancer,15,0,0.0,39.0766,31277.3642,-31238.2876,-610372.9333,0.0,0.0,0.0,0.0,0.0,0.0,0.0
archetype_ids,warded,27,blade_dancer,Blade Dancer,15,0,0.0,39.0766,31277.3642,-31238.2876,-610372.9333,0.0,0.0,0.0,0.0,0.0,0.0,0.0
archetype_ids,warded,27,thief,Thief,15,0,0.0,39.691,31277.3642,-31237.6731,-610350.8667,0.0,0.0,0.0,0.0,0.0,0.0,0.0
archetype_ids,nullify,27,thief,Thief,15,0,0.0,39.691,31277.3642,-31237.6731,-610350.8667,0.0,0.0,0.0,0.0,0.0,0.0,0.0
archetype_ids,aegis,27,thief,Thief,26,0,0.0,9.1753,30100.8904,-30091.7152,-444734.8077,461.116,0.0,184.8803,0.0,0.0,0.0,0.0
archetype_ids,fortified,27,thief,Thief,26,0,0.0,9.1753,30100.8904,-30091.7152,-444734.8077,461.116,0.0,184.8803,0.0,0.0,0.0,0.0
archetype_ids,aegis,27,blade_dancer,Blade Dancer,26,0,0.0,15.6865,30100.8904,-30085.2039,-444427.5769,679.0842,0.0,289.7304,0.0,0.0,0.0,0.0
archetype_ids,fortified,27,blade_dancer,Blade Dancer,26,0,0.0,15.6865,30100.8904,-30085.2039,-444427.5769,679.0842,0.0,289.7304,0.0,0.0,0.0,0.0
archetype_ids,aegis,27,shadow,Shadow,26,0,0.0,17.6313,30100.8904,-30083.2591,-444344.8846,391.9382,0.0,187.6388,0.0,0.0,0.0,0.0
archetype_ids,fortified,27,shadow,Shadow,26,0,0.0,17.6313,30100.8904,-30083.2591,-444344.8846,391.9382,0.0,187.6388,0.0,0.0,0.0,0.0
archetype_ids,aegis,27,assassin,Assassin,26,0,0.0,39.2573,30100.8904,-30061.6331,-443361.3846,246.3089,0.0,108.3966,0.0,0.0,0.0,0.0
archetype_ids,fortified,27,assassin,Assassin,26,0,0.0,39.2573,30100.8904,-30061.6331,-443361.3846,246.3089,0.0,108.3966,0.0,0.0,0.0,0.0
archetype_ids,hexed,28,blade_dancer,Blade Dancer,20,0,0.0,22.2934,29905.7814,-29883.488,-656564.7,0.0,0.0,0.0,0.0,13.2,0.0,0.0
archetype_ids,spiteful,28,blade_dancer,Blade Dancer,20,0,0.0,22.2934,29905.7814,-29883.488,-656564.7,0.0,0.0,0.0,0.0,13.2,0.0,0.0
archetype_ids,hexed,28,assassin,Assassin,20,0,0.0,22.3949,29905.7814,-29883.3865,-656551.15,0.0,0.0,0.0,0.0,6.0,0.0,0.0
archetype_ids,spiteful,28,assassin,Assassin,20,0,0.0,22.3949,29905.7814,-29883.3865,-656551.15,0.0,0.0,0.0,0.0,6.0,0.0,0.0
archetype_ids,hexed,28,shadow,Shadow,20,0,0.0,25.9377,29905.7814,-29879.8437,-656397.75,0.0,0.0,0.0,0.0,7.65,0.0,0.0
archetype_ids,spiteful,28,shadow,Shadow,20,0,0.0,25.9377,29905.7814,-29879.8437,-656397.75,0.0,0.0,0.0,0.0,7.65,0.0,0.0
archetype_ids,spiteful,28,thief,Thief,20,0,0.0,32.6979,29905.7814,-29873.0835,-656092.5,0.0,0.0,0.0,0.0,8.75,0.0,0.0
archetype_ids,hexed,28,thief,Thief,20,0,0.0,32.6979,29905.7814,-29873.0835,-656092.5,0.0,0.0,0.0,0.0,8.75,0.0,0.0
archetype_ids,devious,27,thief,Thief,18,0,0.0,10.1425,26695.1338,-26684.9913,-590932.0,0.0,0.0,0.0,0.0,2.2778,15.3889,0.0
archetype_ids,arcane,27,thief,Thief,18,0,0.0,10.1425,26695.1338,-26684.9913,-590932.0,0.0,0.0,0.0,0.0,2.2778,15.3889,0.0
archetype_ids,devious,27,blade_dancer,Blade Dancer,18,0,0.0,19.0739,26695.1338,-26676.0599,-590530.1111,0.0,0.0,0.0,0.0,10.2778,0.0,0.0
archetype_ids,arcane,27,blade_dancer,Blade Dancer,18,0,0.0,19.0739,26695.1338,-26676.0599,-590530.1111,0.0,0.0,0.0,0.0,10.2778,0.0,0.0
archetype_ids,devious,27,assassin,Assassin,18,0,0.0,22.2948,26695.1338,-26672.839,-590389.4444,0.0,0.0,0.0,0.0,2.5,7.2222,0.0
archetype_ids,arcane,27,assassin,Assassin,18,0,0.0,22.2948,26695.1338,-26672.839,-590389.4444,0.0,0.0,0.0,0.0,2.5,7.2222,0.0
archetype_ids,devious,27,shadow,Shadow,18,0,0.0,24.5892,26695.1338,-26670.5445,-590287.9444,0.0,0.0,0.0,0.0,5.6667,0.0,0.0
archetype_ids,arcane,27,shadow,Shadow,18,0,0.0,24.5892,26695.1338,-26670.5445,-590287.9444,0.0,0.0,0.0,0.0,5.6667,0.0,0.0
archetype_ids,spiteful,27,blade_dancer,Blade Dancer,21,0,0.0,22.084,25832.8683,-25810.7843,-517971.1429,0.0,0.0,0.0,0.0,12.381,0.0,0.0
archetype_ids,hexed,27,blade_dancer,Blade Dancer,21,0,0.0,22.084,25832.8683,-25810.7843,-517971.1429,0.0,0.0,0.0,0.0,12.381,0.0,0.0
archetype_ids,spiteful,27,assassin,Assassin,21,0,0.0,22.1491,25832.8683,-25810.7191,-517975.7619,0.0,0.0,0.0,0.0,5.5714,0.0,0.0
archetype_ids,hexed,27,assassin,Assassin,21,0,0.0,22.1491,25832.8683,-25810.7191,-517975.7619,0.0,0.0,0.0,0.0,5.5714,0.0,0.0
archetype_ids,spiteful,27,shadow,Shadow,21,0,0.0,25.7531,25832.8683,-25807.1152,-517815.5714,0.0,0.0,0.0,0.0,7.0952,0.0,0.0
archetype_ids,hexed,27,shadow,Shadow,21,0,0.0,25.7531,25832.8683,-25807.1152,-517815.5714,0.0,0.0,0.0,0.0,7.0952,0.0,0.0
archetype_ids,hexed,27,thief,Thief,21,0,0.0,32.1073,25832.8683,-25800.761,-517546.5714,0.0,0.0,0.0,0.0,8.3333,0.0,0.0
archetype_ids,spiteful,27,thief,Thief,21,0,0.0,32.1073,25832.8683,-25800.761,-517546.5714,0.0,0.0,0.0,0.0,8.3333,0.0,0.0
archetype_ids,aegis,26,thief,Thief,21,0,0.0,8.3249,25533.5539,-25525.229,-341362.381,454.8356,0.0,155.2273,0.0,0.0,0.0,0.0
archetype_ids,fortified,26,thief,Thief,21,0,0.0,8.3249,25533.5539,-25525.229,-341362.381,454.8356,0.0,155.2273,0.0,0.0,0.0,0.0
archetype_ids,aegis,26,blade_dancer,Blade Dancer,21,0,0.0,14.6486,25533.5539,-25518.9053,-341089.1905,679.8537,0.0,223.7217,0.0,0.0,0.0,0.0
archetype_ids,fortified,26,blade_dancer,Blade Dancer,21,0,0.0,14.6486,25533.5539,-25518.9053,-341089.1905,679.8537,0.0,223.7217,0.0,0.0,0.0,0.0
archetype_ids,aegis,26,shadow,Shadow,21,0,0.0,16.963,25533.5539,-25516.5909,-340997.9048,388.5379,0.0,155.0437,0.0,0.0,0.0,0.0
archetype_ids,fortified,26,shadow,Shadow,21,0,0.0,16.963,25533.5539,-25516.5909,-340997.9048,388.5379,0.0,155.0437,0.0,0.0,0.0,0.0
archetype_ids,fortified,26,assassin,Assassin,21,0,0.0,38.9124,25533.5539,-25494.6415,-340085.8571,243.4142,0.0,88.6652,0.0,0.0,0.0,0.0
archetype_ids,aegis,26,assassin,Assassin,21,0,0.0,38.9124,25533.5539,-25494.6415,-340085.8571,243.4142,0.0,88.6652,0.0,0.0,0.0,0.0
archetype_ids,nullify,26,assassin,Assassin,19,0,0.0,21.9608,25120.8555,-25098.8947,-581937.8947,0.0,388.3179,0.0,0.0,0.0,0.0,0.0
archetype_ids,warded,26,assassin,Assassin,19,0,0.0,21.9608,25120.8555,-25098.8947,-581937.8947,0.0,388.3179,0.0,0.0,0.0,0.0,0.0
archetype_ids,nullify,26,shadow,Shadow,19,0,0.0,33.2462,25120.8555,-25087.6094,-581385.4737,0.0,202.4716,0.0,0.0,0.0,0.0,0.0
archetype_ids,warded,26,shadow,Shadow,19,0,0.0,33.2462,25120.8555,-25087.6094,-581385.4737,0.0,202.4716,0.0,0.0,0.0,0.0,0.0
archetype_ids,nullify,26,blade_dancer,Blade Dancer,19,0,0.0,39.4515,25120.8555,-25081.404,-581091.7368,0.0,0.0,0.0,0.0,0.0,0.0,0.0
archetype_ids,warded,26,blade_dancer,Blade Dancer,19,0,0.0,39.4515,25120.8555,-25081.404,-581091.7368,0.0,0.0,0.0,0.0,0.0,0.0,0.0
archetype_ids,nullify,26,thief,Thief,19,0,0.0,40.0305,25120.8555,-25080.825,-581084.1053,0.0,0.0,0.0,0.0,0.0,0.0,0.0
archetype_ids,warded,26,thief,Thief,19,0,0.0,40.0305,25120.8555,-25080.825,-581084.1053,0.0,0.0,0.0,0.0,0.0,0.0,0.0
archetype_ids,spiteful,26,assassin,Assassin,13,0,0.0,20.5058,21862.5747,-21842.0688,-451531.7692,0.0,0.0,0.0,0.0,5.9231,0.0,0.0
archetype_ids,hexed,26,assassin,Assassin,13,0,0.0,20.5058,21862.5747,-21842.0688,-451531.7692,0.0,0.0,0.0,0.0,5.9231,0.0,0.0
archetype_ids,spiteful,26,blade_dancer,Blade Dancer,13,0,0.0,22.9945,21862.5747,-21839.5802,-451420.0769,0.0,0.0,0.0,0.0,13.3077,0.0,0.0
archetype_ids,hexed,26,blade_dancer,Blade Dancer,13,0,0.0,22.9945,21862.5747,-21839.5802,-451420.0769,0.0,0.0,0.0,0.0,13.3077,0.0,0.0
archetype_ids,hexed,26,shadow,Shadow,13,0,0.0,25.648,21862.5747,-21836.9267,-451303.0,0.0,0.0,0.0,0.0,7.6154,0.0,0.0
archetype_ids,spiteful,26,shadow,Shadow,13,0,0.0,25.648,21862.5747,-21836.9267,-451303.0,0.0,0.0,0.0,0.0,7.6154,0.0,0.0
archetype_ids,hexed,26,thief,Thief,13,0,0.0,32.3396,21862.5747,-21830.2351,-451008.4615,0.0,0.0,0.0,0.0,8.9231,0.0,0.0
archetype_ids,spiteful,26,thief,Thief,13,0,0.0,32.3396,21862.5747,-21830.2351,-451008.4615,0.0,0.0,0.0,0.0,8.9231,0.0,0.0
archetype_ids,devious,26,thief,Thief,27,0,0.0,10.1251,21678.5988,-21668.4737,-489708.8519,0.0,0.0,0.0,0.0,2.2593,15.8148,0.0
archetype_ids,arcane,26,thief,Thief,27,0,0.0,10.1251,21678.5988,-21668.4737,-489708.8519,0.0,0.0,0.0,0.0,2.2593,15.8148,0.0
archetype_ids,arcane,26,blade_dancer,Blade Dancer,27,0,0.0,18.6041,21678.5988,-21659.9946,-489326.9259,0.0,0.0,0.0,0.0,10.1852,0.0,0.0
archetype_ids,devious,26,blade_dancer,Blade Dancer,27,0,0.0,18.6041,21678.5988,-21659.9946,-489326.9259,0.0,0.0,0.0,0.0,10.1852,0.0,0.0
archetype_ids,arcane,26,assassin,Assassin,27,0,0.0,22.3431,21678.5988,-21656.2556,-489173.7778,0.0,0.0,0.0,0.0,2.5556,7.2963,0.0
archetype_ids,devious,26,assassin,Assassin,27,0,0.0,22.3431,21678.5988,-21656.2556,-489173.7778,0.0,0.0,0.0,0.0,2.5556,7.2963,0.0
archetype_ids,arcane,26,shadow,Shadow,27,0,0.0,25.4884,21678.5988,-21653.1104,-489024.4815,0.0,0.0,0.0,0.0,5.8148,0.0,0.0
archetype_ids,devious,26,shadow,Shadow,27,0,0.0,25.4884,21678.5988,-21653.1104,-489024.4815,0.0,0.0,0.0,0.0,5.8148,0.0,0.0
archetype_ids,aegis,25,thief,Thief,19,0,0.0,9.5334,20948.0431,-20938.5097,-322366.2632,474.9625,0.0,179.5033,0.0,0.0,0.0,0.0
archetype_ids,fortified,25,thief,Thief,19,0,0.0,9.5334,20948.0431,-20938.5097,-322366.2632,474.9625,0.0,179.5033,0.0,0.0,0.0,0.0
archetype_ids,fortified,25,blade_dancer,Blade Dancer,19,0,0.0,16.5837,20948.0431,-20931.4593,-322021.9474,696.6868,0.0,233.6854,0.0,0.0,0.0,0.0
archetype_ids,aegis,25,blade_dancer,Blade Dancer,19,0,0.0,16.5837,20948.0431,-20931.4593,-322021.9474,696.6868,0.0,233.6854,0.0,0.0,0.0,0.0
archetype_ids,fortified,25,shadow,Shadow,19,0,0.0,18.0267,20948.0431,-20930.0163,-321960.3158,406.0048,0.0,173.0835,0.0,0.0,0.0,0.0
archetype_ids,aegis,25,shadow,Shadow,19,0,0.0,18.0267,20948.0431,-20930.0163,-321960.3158,406.0048,0.0,173.0835,0.0,0.0,0.0,0.0
archetype_ids,fortified,25,assassin,Assassin,19,0,0.0,39.4335,20948.0431,-20908.6095,-320957.0526,254.721,0.0,99.8605,0.0,0.0,0.0,0.0
archetype_ids,aegis,25,assassin,Assassin,19,0,0.0,39.4335,20948.0431,-20908.6095,-320957.0526,254.721,0.0,99.8605,0.0,0.0,0.0,0.0
archetype_ids,warded,25,assassin,Assassin,19,0,0.0,22.2561,20452.8488,-20430.5927,-468228.1579,0.0,387.0469,0.0,0.0,0.0,0.0,0.0
archetype_ids,nullify,25,assassin,Assassin,19,0,0.0,22.2561,20452.8488,-20430.5927,-468228.1579,0.0,387.0469,0.0,0.0,0.0,0.0,0.0
archetype_ids,warded,25,shadow,Shadow,19,0,0.0,33.7191,20452.8488,-20419.1297,-467701.2632,0.0,218.1332,0.0,0.0,0.0,0.0,0.0
archetype_ids,nullify,25,shadow,Shadow,19,0,0.0,33.7191,20452.8488,-20419.1297,-467701.2632,0.0,218.1332,0.0,0.0,0.0,0.0,0.0
archetype_ids,nullify,25,blade_dancer,Blade Dancer,19,0,0.0,39.3461,20452.8488,-20413.5027,-467458.3158,0.0,0.0,0.0,0.0,0.0,0.0,0.0
archetype_ids,warded,25,blade_dancer,Blade Dancer,19,0,0.0,39.3461,20452.8488,-20413.5027,-467458.3158,0.0,0.0,0.0,0.0,0.0,0.0,0.0
archetype_ids,nullify,25,thief,Thief,19,0,0.0,39.3886,20452.8488,-20413.4601,-467449.8947,0.0,0.0,0.0,0.0,0.0,0.0,0.0
archetype_ids,warded,25,thief,Thief,19,0,0.0,39.3886,20452.8488,-20413.4601,-467449.8947,0.0,0.0,0.0,0.0,0.0,0.0,0.0
archetype_ids,arcane,25,thief,Thief,23,0,0.0,10.8381,18047.4688,-18036.6307,-378195.6087,0.0,0.0,0.0,0.0,2.3043,13.8696,0.0
archetype_ids,devious,25,thief,Thief,23,0,0.0,10.8381,18047.4688,-18036.6307,-378195.6087,0.0,0.0,0.0,0.0,2.3043,13.8696,0.0
archetype_ids,arcane,25,blade_dancer,Blade Dancer,23,0,0.0,18.3701,18047.4688,-18029.0987,-377889.087,0.0,0.0,0.0,0.0,9.3913,0.0,0.0
archetype_ids,devious,25,blade_dancer,Blade Dancer,23,0,0.0,18.3701,18047.4688,-18029.0987,-377889.087,0.0,0.0,0.0,0.0,9.3913,0.0,0.0
archetype_ids,arcane,25,assassin,Assassin,23,0,0.0,22.3346,18047.4688,-18025.1341,-377736.5217,0.0,0.0,0.0,0.0,2.4783,6.2609,0.0
archetype_ids,devious,25,assassin,Assassin,23,0,0.0,22.3346,18047.4688,-18025.1341,-377736.5217,0.0,0.0,0.0,0.0,2.4783,6.2609,0.0
archetype_ids,arcane,25,shadow,Shadow,23,0,0.0,25.0866,18047.4688,-18022.3822,-377614.1304,0.0,0.0,0.0,0.0,5.1739,0.0,0.0
archetype_ids,devious,25,shadow,Shadow,23,0,0.0,25.0866,18047.4688,-18022.3822,-377614.1304,0.0,0.0,0.0,0.0,5.1739,0.0,0.0
archetype_ids,fortified,24,thief,Thief,23,0,0.0,9.4791,17906.0973,-17896.6182,-235760.2174,391.3829,0.0,169.02,0.0,0.0,0.0,0.0
archetype_ids,aegis,24,thief,Thief,23,0,0.0,9.4791,17906.0973,-17896.6182,-235760.2174,391.3829,0.0,169.02,0.0,0.0,0.0,0.0
archetype_ids,fortified,24,blade_dancer,Blade Dancer,23,0,0.0,15.9625,17906.0973,-17890.1349,-235488.7391,578.9792,0.0,223.7165,0.0,0.0,0.0,0.0
archetype_ids,aegis,24,blade_dancer,Blade Dancer,23,0,0.0,15.9625,17906.0973,-17890.1349,-235488.7391,578.9792,0.0,223.7165,0.0,0.0,0.0,0.0
archetype_ids,fortified,24,shadow,Shadow,23,0,0.0,17.9322,17906.0973,-17888.1652,-235419.6522,333.3907,0.0,171.0567,0.0,0.0,0.0,0.0
archetype_ids,aegis,24,shadow,Shadow,23,0,0.0,17.9322,17906.0973,-17888.1652,-235419.6522,333.3907,0.0,171.0567,0.0,0.0,0.0,0.0
archetype_ids,fortified,24,assassin,Assassin,23,0,0.0,39.4627,17906.0973,-17866.6347,-234551.4348,210.8825,0.0,109.3383,0.0,0.0,0.0,0.0
archetype_ids,aegis,24,assassin,Assassin,23,0,0.0,39.4627,17906.0973,-17866.6347,-234551.4348,210.8825,0.0,109.3383,0.0,0.0,0.0,0.0
archetype_ids,hexed,25,blade_dancer,Blade Dancer,19,0,0.0,22.3351,17781.8767,-17759.5416,-380453.3158,0.0,0.0,0.0,0.0,13.1053,0.0,0.0
archetype_ids,spiteful,25,blade_dancer,Blade Dancer,19,0,0.0,22.3351,17781.8767,-17759.5416,-380453.3158,0.0,0.0,0.0,0.0,13.1053,0.0,0.0
archetype_ids,hexed,25,assassin,Assassin,19,0,0.0,22.9326,17781.8767,-17758.9441,-380413.4737,0.0,0.0,0.0,0.0,5.6842,0.0,0.0
archetype_ids,spiteful,25,assassin,Assassin,19,0,0.0,22.9326,17781.8767,-17758.9441,-380413.4737,0.0,0.0,0.0,0.0,5.6842,0.0,0.0
archetype_ids,hexed,25,shadow,Shadow,19,0,0.0,25.5122,17781.8767,-17756.3645,-380295.5789,0.0,0.0,0.0,0.0,7.4211,0.0,0.0
archetype_ids,spiteful,25,shadow,Shadow,19,0,0.0,25.5122,17781.8767,-17756.3645,-380295.5789,0.0,0.0,0.0,0.0,7.4211,0.0,0.0
archetype_ids,hexed,25,thief,Thief,19,0,0.0,31.9378,17781.8767,-17749.9389,-380010.6316,0.0,0.0,0.0,0.0,8.5789,0.0,0.0
archetype_ids,spiteful,25,thief,Thief,19,0,0.0,31.9378,17781.8767,-17749.9389,-380010.6316,0.0,0.0,0.0,0.0,8.5789,0.0,0.0
archetype_ids,nullify,24,assassin,Assassin,16,0,0.0,22.6533,17649.9717,-17627.3184,-397817.25,0.0,324.875,0.0,0.0,0.0,0.0,0.0
archetype_ids,warded,24,assassin,Assassin,16,0,0.0,22.6533,17649.9717,-17627.3184,-397817.25,0.0,324.875,0.0,0.0,0.0,0.0,0.0
archetype_ids,nullify,24,shadow,Shadow,16,0,0.0,32.8362,17649.9717,-17617.1355,-397347.8125,0.0,195.7394,0.0,0.0,0.0,0.0,0.0
archetype_ids,warded,24,shadow,Shadow,16,0,0.0,32.8362,17649.9717,-17617.1355,-397347.8125,0.0,195.7394,0.0,0.0,0.0,0.0,0.0
archetype_ids,nullify,24,blade_dancer,Blade Dancer,16,0,0.0,39.7684,17649.9717,-17610.2032,-397034.8125,0.0,0.0,0.0,0.0,0.0,0.0,0.0
archetype_ids,warded,24,blade_dancer,Blade Dancer,16,0,0.0,39.7684,17649.9717,-17610.2032,-397034.8125,0.0,0.0,0.0,0.0,0.0,0.0,0.0
archetype_ids,nullify,24,thief,Thief,16,0,0.0,40.059,17649.9717,-17609.9127,-397031.625,0.0,0.0,0.0,0.0,0.0,0.0,0.0
archetype_ids,warded,24,thief,Thief,16,0,0.0,40.059,17649.9717,-17609.9127,-397031.625,0.0,0.0,0.0,0.0,0.0,0.0,0.0
archetype_ids,arcane,24,thief,Thief,18,0,0.0,10.1594,15993.1383,-15982.9788,-358595.9444,0.0,0.0,0.0,0.0,2.5556,15.1111,0.0
archetype_ids,devious,24,thief,Thief,18,0,0.0,10.1594,15993.1383,-15982.9788,-358595.9444,0.0,0.0,0.0,0.0,2.5556,15.1111,0.0
archetype_ids,arcane,24,blade_dancer,Blade Dancer,18,0,0.0,19.2841,15993.1383,-15973.8542,-358197.2222,0.0,0.0,0.0,0.0,10.6667,0.0,0.0
archetype_ids,devious,24,blade_dancer,Blade Dancer,18,0,0.0,19.2841,15993.1383,-15973.8542,-358197.2222,0.0,0.0,0.0,0.0,10.6667,0.0,0.0
archetype_ids,devious,24,assassin,Assassin,18,0,0.0,22.1955,15993.1383,-15970.9428,-358078.0556,0.0,0.0,0.0,0.0,2.7778,6.7778,0.0
archetype_ids,arcane,24,assassin,Assassin,18,0,0.0,22.1955,15993.1383,-15970.9428,-358078.0556,0.0,0.0,0.0,0.0,2.7778,6.7778,0.0
archetype_ids,devious,24,shadow,Shadow,18,0,0.0,24.8117,15993.1383,-15968.3265,-357953.3889,0.0,0.0,0.0,0.0,5.8889,0.0,0.0
archetype_ids,arcane,24,shadow,Shadow,18,0,0.0,24.8117,15993.1383,-15968.3265,-357953.3889,0.0,0.0,0.0,0.0,5.8889,0.0,0.0
archetype_ids,warded,23,assassin,Assassin,17,0,0.0,20.4274,15382.0228,-15361.5955,-368215.9412,0.0,435.4118,0.0,0.0,0.0,0.0,0.0
archetype_ids,nullify,23,assassin,Assassin,17,0,0.0,20.4274,15382.0228,-15361.5955,-368215.9412,0.0,435.4118,0.0,0.0,0.0,0.0,0.0
archetype_ids,warded,23,shadow,Shadow,17,0,0.0,33.1495,15382.0228,-15348.8734,-367590.4706,0.0,213.1388,0.0,0.0,0.0,0.0,0.0
archetype_ids,nullify,23,shadow,Shadow,17,0,0.0,33.1495,15382.0228,-15348.8734,-367590.4706,0.0,213.1388,0.0,0.0,0.0,0.0,0.0
archetype_ids,warded,23,blade_dancer,Blade Dancer,17,0,0.0,39.6008,15382.0228,-15342.422,-367270.0588,0.0,0.0,0.0,0.0,0.0,0.0,0.0
archetype_ids,nullify,23,blade_dancer,Blade Dancer,17,0,0.0,39.6008,15382.0228,-15342.422,-367270.0588,0.0,0.0,0.0,0.0,0.0,0.0,0.0
archetype_ids,warded,23,thief,Thief,17,0,0.0,39.941,15382.0228,-15342.0819,-367272.7647,0.0,0.0,0.0,0.0,0.0,0.0,0.0
archetype_ids,nullify,23,thief,Thief,17,0,0.0,39.941,15382.0228,-15342.0819,-367272.7647,0.0,0.0,0.0,0.0,0.0,0.0,0.0
archetype_ids,spiteful,24,assassin,Assassin,23,0,0.0,21.7863,15341.0128,-15319.2264,-339078.087,0.0,0.0,0.0,0.0,6.087,0.0,0.0
archetype_ids,hexed,24,assassin,Assassin,23,0,0.0,21.7863,15341.0128,-15319.2264,-339078.087,0.0,0.0,0.0,0.0,6.087,0.0,0.0
archetype_ids,spiteful,24,blade_dancer,Blade Dancer,23,0,0.0,22.4218,15341.0128,-15318.5909,-339054.3043,0.0,0.0,0.0,0.0,13.6522,0.0,0.0
archetype_ids,hexed,24,blade_dancer,Blade Dancer,23,0,0.0,22.4218,15341.0128,-15318.5909,-339054.3043,0.0,0.0,0.0,0.0,13.6522,0.0,0.0
archetype_ids,hexed,24,shadow,Shadow,23,0,0.0,24.8731,15341.0128,-15316.1396,-338937.0435,0.0,0.0,0.0,0.0,7.6522,0.0,0.0
archetype_ids,spiteful,24,shadow,Shadow,23,0,0.0,24.8731,15341.0128,-15316.1396,-338937.0435,0.0,0.0,0.0,0.0,7.6522,0.0,0.0
archetype_ids,hexed,24,thief,Thief,23,0,0.0,31.8415,15341.0128,-15309.1712,-338600.0435,0.0,0.0,0.0,0.0,9.1739,0.0,0.0
archetype_ids,spiteful,24,thief,Thief,23,0,0.0,31.8415,15341.0128,-15309.1712,-338600.0435,0.0,0.0,0.0,0.0,9.1739,0.0,0.0
archetype_ids,fortified,23,thief,Thief,18,0,0.0,9.4412,15237.0655,-15227.6243,-234045.8889,480.3647,0.0,212.2352,0.0,0.0,0.0,0.0
archetype_ids,aegis,23,thief,Thief,18,0,0.0,9.4412,15237.0655,-15227.6243,-234045.8889,480.3647,0.0,212.2352,0.0,0.0,0.0,0.0
archetype_ids,fortified,23,blade_dancer,Blade Dancer,18,0,0.0,17.0659,15237.0655,-15219.9996,-233678.0556,720.5718,0.0,296.3114,0.0,0.0,0.0,0.0
archetype_ids,aegis,23,blade_dancer,Blade Dancer,18,0,0.0,17.0659,15237.0655,-15219.9996,-233678.0556,720.5718,0.0,296.3114,0.0,0.0,0.0,0.0
archetype_ids,fortified,23,shadow,Shadow,18,0,0.0,18.0296,15237.0655,-15219.036,-233633.9444,412.5457,0.0,162.5246,0.0,0.0,0.0,0.0
archetype_ids,aegis,23,shadow,Shadow,18,0,0.0,18.0296,15237.0655,-15219.036,-233633.9444,412.5457,0.0,162.5246,0.0,0.0,0.0,0.0
archetype_ids,fortified,23,assassin,Assassin,18,0,0.0,39.5554,15237.0655,-15197.5101,-232613.2222,260.0173,0.0,118.4188,0.0,0.0,0.0,0.0
archetype_ids,aegis,23,assassin,Assassin,18,0,0.0,39.5554,15237.0655,-15197.5101,-232613.2222,260.0173,0.0,118.4188,0.0,0.0,0.0,0.0
archetype_ids,arcane,23,thief,Thief,24,0,0.0,10.2142,13208.8569,-13198.6426,-295314.3333,0.0,0.0,0.0,0.0,2.6667,14.9167,0.0
archetype_ids,devious,23,thief,Thief,24,0,0.0,10.2142,13208.8569,-13198.6426,-295314.3333,0.0,0.0,0.0,0.0,2.6667,14.9167,0.0
archetype_ids,arcane,23,blade_dancer,Blade Dancer,24,0,0.0,17.9745,13208.8569,-13190.8824,-294968.7083,0.0,0.0,0.0,0.0,10.2917,0.0,0.0
archetype_ids,devious,23,blade_dancer,Blade Dancer,24,0,0.0,17.9745,13208.8569,-13190.8824,-294968.7083,0.0,0.0,0.0,0.0,10.2917,0.0,0.0
archetype_ids,arcane,23,assassin,Assassin,24,0,0.0,22.6681,13208.8569,-13186.1887,-294758.625,0.0,0.0,0.0,0.0,2.7083,6.625,0.0
archetype_ids,devious,23,assassin,Assassin,24,0,0.0,22.6681,13208.8569,-13186.1887,-294758.625,0.0,0.0,0.0,0.0,2.7083,6.625,0.0
archetype_ids,devious,23,shadow,Shadow,24,0,0.0,24.7506,13208.8569,-13184.1063,-294661.0417,0.0,0.0,0.0,0.0,5.9583,0.0,0.0
archetype_ids,arcane,23,shadow,Shadow,24,0,0.0,24.7506,13208.8569,-13184.1063,-294661.0417,0.0,0.0,0.0,0.0,5.9583,0.0,0.0
archetype_ids,fortified,22,thief,Thief,22,0,0.0,9.5009,12962.5655,-12953.0646,-181483.7727,418.3502,0.0,199.9984,0.0,0.0,0.0,0.0
archetype_ids,aegis,22,thief,Thief,22,0,0.0,9.5009,12962.5655,-12953.0646,-181483.7727,418.3502,0.0,199.9984,0.0,0.0,0.0,0.0
archetype_ids,fortified,22,blade_dancer,Blade Dancer,22,0,0.0,16.0488,12962.5655,-12946.5167,-181192.8636,606.7383,0.0,263.0444,0.0,0.0,0.0,0.0
archetype_ids,aegis,22,blade_dancer,Blade Dancer,22,0,0.0,16.0488,12962.5655,-12946.5167,-181192.8636,606.7383,0.0,263.0444,0.0,0.0,0.0,0.0
archetype_ids,fortified,22,shadow,Shadow,22,0,0.0,17.9623,12962.5655,-12944.6032,-181118.0455,358.5252,0.0,174.3354,0.0,0.0,0.0,0.0
archetype_ids,aegis,22,shadow,Shadow,22,0,0.0,17.9623,12962.5655,-12944.6032,-181118.0455,358.5252,0.0,174.3354,0.0,0.0,0.0,0.0
archetype_ids,fortified,22,assassin,Assassin,22,0,0.0,39.4941,12962.5655,-12923.0714,-180195.4545,224.7926,0.0,111.8041,0.0,0.0,0.0,0.0
archetype_ids,aegis,22,assassin,Assassin,22,0,0.0,39.4941,12962.5655,-12923.0714,-180195.4545,224.7926,0.0,111.8041,0.0,0.0,0.0,0.0
archetype_ids,spiteful,23,blade_dancer,Blade Dancer,21,0,0.0,21.1209,12775.952,-12754.8311,-272675.1429,0.0,0.0,0.0,0.0,13.2381,0.0,0.0
archetype_ids,hexed,23,blade_dancer,Blade Dancer,21,0,0.0,21.1209,12775.952,-12754.8311,-272675.1429,0.0,0.0,0.0,0.0,13.2381,0.0,0.0
archetype_ids,hexed,23,assassin,Assassin,21,0,0.0,21.5589,12775.952,-12754.393,-272671.0476,0.0,0.0,0.0,0.0,6.0476,0.0,0.0
archetype_ids,spiteful,23,assassin,Assassin,21,0,0.0,21.5589,12775.952,-12754.393,-272671.0476,0.0,0.0,0.0,0.0,6.0476,0.0,0.0
archetype_ids,hexed,23,shadow,Shadow,21,0,0.0,25.3909,12775.952,-12750.561,-272491.0952,0.0,0.0,0.0,0.0,7.8571,0.0,0.0
archetype_ids,spiteful,23,shadow,Shadow,21,0,0.0,25.3909,12775.952,-12750.561,-272491.0952,0.0,0.0,0.0,0.0,7.8571,0.0,0.0
archetype_ids,hexed,23,thief,Thief,21,0,0.0,31.9008,12775.952,-12744.0511,-272185.381,0.0,0.0,0.0,0.0,9.1429,0.0,0.0
archetype_ids,spiteful,23,thief,Thief,21,0,0.0,31.9008,12775.952,-12744.0511,-272185.381,0.0,0.0,0.0,0.0,9.1429,0.0,0.0
archetype_ids,warded,22,assassin,Assassin,16,0,0.0,23.2351,12479.8894,-12456.6542,-264779.0,0.0,330.4375,0.0,0.0,0.0,0.0,0.0
archetype_ids,nullify,22,assassin,Assassin,16,0,0.0,23.2351,12479.8894,-12456.6542,-264779.0,0.0,330.4375,0.0,0.0,0.0,0.0,0.0
archetype_ids,warded,22,shadow,Shadow,16,0,0.0,32.8208,12479.8894,-12447.0686,-264374.5,0.0,191.7175,0.0,0.0,0.0,0.0,0.0
archetype_ids,nullify,22,shadow,Shadow,16,0,0.0,32.8208,12479.8894,-12447.0686,-264374.5,0.0,191.7175,0.0,0.0,0.0,0.0,0.0
archetype_ids,warded,22,blade_dancer,Blade Dancer,16,0,0.0,39.6168,12479.8894,-12440.2726,-264076.5625,0.0,0.0,0.0,0.0,0.0,0.0,0.0
archetype_ids,nullify,22,blade_dancer,Blade Dancer,16,0,0.0,39.6168,12479.8894,-12440.2726,-264076.5625,0.0,0.0,0.0,0.0,0.0,0.0,0.0
archetype_ids,warded,22,thief,Thief,16,0,0.0,40.341,12479.8894,-12439.5484,-264065.25,0.0,0.0,0.0,0.0,0.0,0.0,0.0
archetype_ids,nullify,22,thief,Thief,16,0,0.0,40.341,12479.8894,-12439.5484,-264065.25,0.0,0.0,0.0,0.0,0.0,0.0,0.0
archetype_ids,spiteful,22,blade_dancer,Blade Dancer,16,0,0.0,21.7215,11014.1274,-10992.4059,-226176.8125,0.0,0.0,0.0,0.0,12.4375,0.0,0.0
archetype_ids,hexed,22,blade_dancer,Blade Dancer,16,0,0.0,21.7215,11014.1274,-10992.4059,-226176.8125,0.0,0.0,0.0,0.0,12.4375,0.0,0.0
archetype_ids,spiteful,22,assassin,Assassin,16,0,0.0,22.0353,11014.1274,-10992.0922,-226179.0625,0.0,0.0,0.0,0.0,5.5625,0.0,0.0
archetype_ids,hexed,22,assassin,Assassin,16,0,0.0,22.0353,11014.1274,-10992.0922,-226179.0625,0.0,0.0,0.0,0.0,5.5625,0.0,0.0
archetype_ids,spiteful,22,shadow,Shadow,16,0,0.0,25.4724,11014.1274,-10988.6551,-226030.0,0.0,0.0,0.0,0.0,7.1875,0.0,0.0
archetype_ids,hexed,22,shadow,Shadow,16,0,0.0,25.4724,11014.1274,-10988.6551,-226030.0,0.0,0.0,0.0,0.0,7.1875,0.0,0.0
archetype_ids,spiteful,22,thief,Thief,16,0,0.0,31.3646,11014.1274,-10982.7629,-225764.125,0.0,0.0,0.0,0.0,8.375,0.0,0.0
archetype_ids,hexed,22,thief,Thief,16,0,0.0,31.3646,11014.1274,-10982.7629,-225764.125,0.0,0.0,0.0,0.0,8.375,0.0,0.0
archetype_ids,arcane,22,thief,Thief,26,0,0.0,10.1821,10971.1355,-10960.9534,-246898.8077,0.0,0.0,0.0,0.0,2.4615,15.1923,0.0
archetype_ids,devious,22,thief,Thief,26,0,0.0,10.1821,10971.1355,-10960.9534,-246898.8077,0.0,0.0,0.0,0.0,2.4615,15.1923,0.0
archetype_ids,devious,22,blade_dancer,Blade Dancer,26,0,0.0,18.0421,10971.1355,-10953.0934,-246555.8846,0.0,0.0,0.0,0.0,10.0385,0.0,0.0
archetype_ids,arcane,22,blade_dancer,Blade Dancer,26,0,0.0,18.0421,10971.1355,-10953.0934,-246555.8846,0.0,0.0,0.0,0.0,10.0385,0.0,0.0
archetype_ids,arcane,22,assassin,Assassin,26,0,0.0,22.1295,10971.1355,-10949.006,-246390.5385,0.0,0.0,0.0,0.0,2.6923,6.5385,0.0
archetype_ids,devious,22,assassin,Assassin,26,0,0.0,22.1295,10971.1355,-10949.006,-246390.5385,0.0,0.0,0.0,0.0,2.6923,6.5385,0.0
archetype_ids,devious,22,shadow,Shadow,26,0,0.0,25.579,10971.1355,-10945.5565,-246236.8462,0.0,0.0,0.0,0.0,5.8846,0.0,0.0
archetype_ids,arcane,22,shadow,Shadow,26,0,0.0,25.579,10971.1355,-10945.5565,-246236.8462,0.0,0.0,0.0,0.0,5.8846,0.0,0.0
archetype_ids,fortified,21,thief,Thief,18,0,0.0,9.2813,10521.6118,-10512.3306,-152382.7778,451.5262,0.0,157.3254,0.0,0.0,0.0,0.0
archetype_ids,aegis,21,thief,Thief,18,0,0.0,9.2813,10521.6118,-10512.3306,-152382.7778,451.5262,0.0,157.3254,0.0,0.0,0.0,0.0
archetype_ids,aegis,21,blade_dancer,Blade Dancer,18,0,0.0,15.4406,10521.6118,-10506.1712,-152092.5,657.0752,0.0,259.4018,0.0,0.0,0.0,0.0
archetype_ids,fortified,21,blade_dancer,Blade Dancer,18,0,0.0,15.4406,10521.6118,-10506.1712,-152092.5,657.0752,0.0,259.4018,0.0,0.0,0.0,0.0
archetype_ids,aegis,21,shadow,Shadow,18,0,0.0,17.7598,10521.6118,-10503.852,-152002.3889,382.522,0.0,173.8852,0.0,0.0,0.0,0.0
archetype_ids,fortified,21,shadow,Shadow,18,0,0.0,17.7598,10521.6118,-10503.852,-152002.3889,382.522,0.0,173.8852,0.0,0.0,0.0,0.0
archetype_ids,fortified,21,assassin,Assassin,18,0,0.0,39.2758,10521.6118,-10482.3361,-151041.0,241.9838,0.0,123.5168,0.0,0.0,0.0,0.0
archetype_ids,aegis,21,assassin,Assassin,18,0,0.0,39.2758,10521.6118,-10482.3361,-151041.0,241.9838,0.0,123.5168,0.0,0.0,0.0,0.0
archetype_ids,warded,21,assassin,Assassin,17,0,0.0,23.1992,10309.1954,-10285.9963,-221137.0588,0.0,331.6471,0.0,0.0,0.0,0.0,0.0
archetype_ids,nullify,21,assassin,Assassin,17,0,0.0,23.1992,10309.1954,-10285.9963,-221137.0588,0.0,331.6471,0.0,0.0,0.0,0.0,0.0
archetype_ids,nullify,21,shadow,Shadow,17,0,0.0,33.3601,10309.1954,-10275.8353,-220695.6471,0.0,204.4135,0.0,0.0,0.0,0.0,0.0
archetype_ids,warded,21,shadow,Shadow,17,0,0.0,33.3601,10309.1954,-10275.8353,-220695.6471,0.0,204.4135,0.0,0.0,0.0,0.0,0.0
archetype_ids,nullify,21,blade_dancer,Blade Dancer,17,0,0.0,38.5708,10309.1954,-10270.6246,-220493.1176,0.0,0.0,0.0,0.0,0.0,0.0,0.0
archetype_ids,warded,21,blade_dancer,Blade Dancer,17,0,0.0,38.5708,10309.1954,-10270.6246,-220493.1176,0.0,0.0,0.0,0.0,0.0,0.0,0.0
archetype_ids,warded,21,thief,Thief,17,0,0.0,39.8896,10309.1954,-10269.3058,-220444.0588,0.0,0.0,0.0,0.0,0.0,0.0,0.0
archetype_ids,nullify,21,thief,Thief,17,0,0.0,39.8896,10309.1954,-10269.3058,-220444.0588,0.0,0.0,0.0,0.0,0.0,0.0,0.0
archetype_ids,devious,21,thief,Thief,21,0,0.0,10.1818,9314.3577,-9304.1759,-209963.2381,0.0,0.0,0.0,0.0,2.5238,14.8095,0.0
archetype_ids,arcane,21,thief,Thief,21,0,0.0,10.1818,9314.3577,-9304.1759,-209963.2381,0.0,0.0,0.0,0.0,2.5238,14.8095,0.0
archetype_ids,arcane,21,blade_dancer,Blade Dancer,21,0,0.0,18.5285,9314.3577,-9295.8292,-209601.8095,0.0,0.0,0.0,0.0,9.9048,0.0,0.0
archetype_ids,devious,21,blade_dancer,Blade Dancer,21,0,0.0,18.5285,9314.3577,-9295.8292,-209601.8095,0.0,0.0,0.0,0.0,9.9048,0.0,0.0
archetype_ids,arcane,21,assassin,Assassin,21,0,0.0,22.4757,9314.3577,-9291.8821,-209427.2857,0.0,0.0,0.0,0.0,2.619,6.4286,0.0
archetype_ids,devious,21,assassin,Assassin,21,0,0.0,22.4757,9314.3577,-9291.8821,-209427.2857,0.0,0.0,0.0,0.0,2.619,6.4286,0.0
archetype_ids,devious,21,shadow,Shadow,21,0,0.0,24.5621,9314.3577,-9289.7956,-209336.6667,0.0,0.0,0.0,0.0,5.6667,0.0,0.0
archetype_ids,arcane,21,shadow,Shadow,21,0,0.0,24.5621,9314.3577,-9289.7956,-209336.6667,0.0,0.0,0.0,0.0,5.6667,0.0,0.0
archetype_ids,hexed,21,blade_dancer,Blade Dancer,24,0,0.0,22.7427,9147.2169,-9124.4742,-189839.8333,0.0,0.0,0.0,0.0,12.7917,0.0,0.0
archetype_ids,spiteful,21,blade_dancer,Blade Dancer,24,0,0.0,22.7427,9147.2169,-9124.4742,-189839.8333,0.0,0.0,0.0,0.0,12.7917,0.0,0.0
archetype_ids,hexed,21,assassin,Assassin,24,0,0.0,22.9632,9147.2169,-9124.2538,-189833.7917,0.0,0.0,0.0,0.0,5.6667,0.0,0.0
archetype_ids,spiteful,21,assassin,Assassin,24,0,0.0,22.9632,9147.2169,-9124.2538,-189833.7917,0.0,0.0,0.0,0.0,5.6667,0.0,0.0
archetype_ids,spiteful,21,shadow,Shadow,24,0,0.0,25.6671,9147.2169,-9121.5499,-189706.25,0.0,0.0,0.0,0.0,7.3333,0.0,0.0
archetype_ids,hexed,21,shadow,Shadow,24,0,0.0,25.6671,9147.2169,-9121.5499,-189706.25,0.0,0.0,0.0,0.0,7.3333,0.0,0.0
archetype_ids,spiteful,21,thief,Thief,24,0,0.0,31.9764,9147.2169,-9115.2405,-189424.75,0.0,0.0,0.0,0.0,8.5833,0.0,0.0
archetype_ids,hexed,21,thief,Thief,24,0,0.0,31.9764,9147.2169,-9115.2405,-189424.75,0.0,0.0,0.0,0.0,8.5833,0.0,0.0
archetype_ids,aegis,20,thief,Thief,20,0,0.0,9.2312,8553.1687,-8543.9375,-111999.35,411.217,0.0,167.0086,0.0,0.0,0.0,0.0
archetype_ids,fortified,20,thief,Thief,20,0,0.0,9.2312,8553.1687,-8543.9375,-111999.35,411.217,0.0,167.0086,0.0,0.0,0.0,0.0
archetype_ids,fortified,20,blade_dancer,Blade Dancer,20,0,0.0,15.7522,8553.1687,-8537.4164,-111728.1,607.7879,0.0,207.9965,0.0,0.0,0.0,0.0
archetype_ids,aegis,20,blade_dancer,Blade Dancer,20,0,0.0,15.7522,8553.1687,-8537.4164,-111728.1,607.7879,0.0,207.9965,0.0,0.0,0.0,0.0
archetype_ids,fortified,20,shadow,Shadow,20,0,0.0,17.501,8553.1687,-8535.6677,-111662.95,350.2975,0.0,153.7545,0.0,0.0,0.0,0.0
archetype_ids,aegis,20,shadow,Shadow,20,0,0.0,17.501,8553.1687,-8535.6677,-111662.95,350.2975,0.0,153.7545,0.0,0.0,0.0,0.0
archetype_ids,fortified,20,assassin,Assassin,20,0,0.0,39.3432,8553.1687,-8513.8255,-110778.95,220.7932,0.0,87.1622,0.0,0.0,0.0,0.0
archetype_ids,aegis,20,assassin,Assassin,20,0,0.0,39.3432,8553.1687,-8513.8255,-110778.95,220.7932,0.0,87.1622,0.0,0.0,0.0,0.0
archetype_ids,nullify,20,assassin,Assassin,19,0,0.0,21.1878,8130.5238,-8109.336,-169912.1579,0.0,342.3684,0.0,0.0,0.0,0.0,0.0
archetype_ids,warded,20,assassin,Assassin,19,0,0.0,21.1878,8130.5238,-8109.336,-169912.1579,0.0,342.3684,0.0,0.0,0.0,0.0,0.0
archetype_ids,nullify,20,shadow,Shadow,19,0,0.0,32.0725,8130.5238,-8098.4514,-169427.6316,0.0,178.7021,0.0,0.0,0.0,0.0,0.0
archetype_ids,warded,20,shadow,Shadow,19,0,0.0,32.0725,8130.5238,-8098.4514,-169427.6316,0.0,178.7021,0.0,0.0,0.0,0.0,0.0
archetype_ids,nullify,20,blade_dancer,Blade Dancer,19,0,0.0,38.7157,8130.5238,-8091.8082,-169151.8947,0.0,0.0,0.0,0.0,0.0,0.0,0.0
archetype_ids,warded,20,blade_dancer,Blade Dancer,19,0,0.0,38.7157,8130.5238,-8091.8082,-169151.8947,0.0,0.0,0.0,0.0,0.0,0.0,0.0
archetype_ids,nullify,20,thief,Thief,19,0,0.0,39.775,8130.5238,-8090.7488,-169124.5263,0.0,0.0,0.0,0.0,0.0,0.0,0.0
archetype_ids,warded,20,thief,Thief,19,0,0.0,39.775,8130.5238,-8090.7488,-169124.5263,0.0,0.0,0.0,0.0,0.0,0.0,0.0
archetype_ids,devious,20,thief,Thief,19,0,0.0,10.276,7419.2159,-7408.94,-174635.2105,0.0,0.0,0.0,0.0,2.7368,16.1053,0.0
archetype_ids,arcane,20,thief,Thief,19,0,0.0,10.276,7419.2159,-7408.94,-174635.2105,0.0,0.0,0.0,0.0,2.7368,16.1053,0.0
archetype_ids,devious,20,blade_dancer,Blade Dancer,19,0,0.0,18.3667,7419.2159,-7400.8492,-174266.9474,0.0,0.0,0.0,0.0,11.4211,0.0,0.0
archetype_ids,arcane,20,blade_dancer,Blade Dancer,19,0,0.0,18.3667,7419.2159,-7400.8492,-174266.9474,0.0,0.0,0.0,0.0,11.4211,0.0,0.0
archetype_ids,devious,20,assassin,Assassin,19,0,0.0,22.8654,7419.2159,-7396.3505,-174071.4211,0.0,0.0,0.0,0.0,2.8947,7.4737,0.0
archetype_ids,arcane,20,assassin,Assassin,19,0,0.0,22.8654,7419.2159,-7396.3505,-174071.4211,0.0,0.0,0.0,0.0,2.8947,7.4737,0.0
archetype_ids,devious,20,shadow,Shadow,19,0,0.0,24.5052,7419.2159,-7394.7107,-173989.1579,0.0,0.0,0.0,0.0,6.5789,0.0,0.0
archetype_ids,arcane,20,shadow,Shadow,19,0,0.0,24.5052,7419.2159,-7394.7107,-173989.1579,0.0,0.0,0.0,0.0,6.5789,0.0,0.0
archetype_ids,spiteful,20,blade_dancer,Blade Dancer,22,0,0.0,23.1728,7398.9575,-7375.7846,-156485.6364,0.0,0.0,0.0,0.0,13.0,0.0,0.0
archetype_ids,hexed,20,blade_dancer,Blade Dancer,22,0,0.0,23.1728,7398.9575,-7375.7846,-156485.6364,0.0,0.0,0.0,0.0,13.0,0.0,0.0
archetype_ids,spiteful,20,assassin,Assassin,22,0,0.0,23.7003,7398.9575,-7375.2572,-156473.2273,0.0,0.0,0.0,0.0,5.7273,0.0,0.0
archetype_ids,hexed,20,assassin,Assassin,22,0,0.0,23.7003,7398.9575,-7375.2572,-156473.2273,0.0,0.0,0.0,0.0,5.7273,0.0,0.0
archetype_ids,spiteful,20,shadow,Shadow,22,0,0.0,25.149,7398.9575,-7373.8084,-156391.2727,0.0,0.0,0.0,0.0,7.4091,0.0,0.0
archetype_ids,hexed,20,shadow,Shadow,22,0,0.0,25.149,7398.9575,-7373.8084,-156391.2727,0.0,0.0,0.0,0.0,7.4091,0.0,0.0
archetype_ids,spiteful,20,thief,Thief,22,0,0.0,32.1057,7398.9575,-7366.8517,-156088.2273,0.0,0.0,0.0,0.0,8.6364,0.0,0.0
archetype_ids,hexed,20,thief,Thief,22,0,0.0,32.1057,7398.9575,-7366.8517,-156088.2273,0.0,0.0,0.0,0.0,8.6364,0.0,0.0
archetype_ids,nullify,19,assassin,Assassin,16,0,0.0,21.1087,7061.1964,-7040.0877,-145402.25,0.0,384.9375,0.0,0.0,0.0,0.0,0.0
archetype_ids,warded,19,assassin,Assassin,16,0,0.0,21.1087,7061.1964,-7040.0877,-145402.25,0.0,384.9375,0.0,0.0,0.0,0.0,0.0
archetype_ids,nullify,19,shadow,Shadow,16,0,0.0,32.9984,7061.1964,-7028.198,-144887.3125,0.0,185.7538,0.0,0.0,0.0,0.0,0.0
archetype_ids,warded,19,shadow,Shadow,16,0,0.0,32.9984,7061.1964,-7028.198,-144887.3125,0.0,185.7538,0.0,0.0,0.0,0.0,0.0
archetype_ids,nullify,19,blade_dancer,Blade Dancer,16,0,0.0,38.6462,7061.1964,-7022.5502,-144646.0625,0.0,0.0,0.0,0.0,0.0,0.0,0.0
archetype_ids,warded,19,blade_dancer,Blade Dancer,16,0,0.0,38.6462,7061.1964,-7022.5502,-144646.0625,0.0,0.0,0.0,0.0,0.0,0.0,0.0
archetype_ids,nullify,19,thief,Thief,16,0,0.0,39.6515,7061.1964,-7021.5449,-144617.875,0.0,0.0,0.0,0.0,0.0,0.0,0.0
archetype_ids,warded,19,thief,Thief,16,0,0.0,39.6515,7061.1964,-7021.5449,-144617.875,0.0,0.0,0.0,0.0,0.0,0.0,0.0
archetype_ids,fortified,19,thief,Thief,21,0,0.0,9.1811,7008.7582,-6999.5771,-101150.5714,443.2092,0.0,175.9113,0.0,0.0,0.0,0.0
archetype_ids,aegis,19,thief,Thief,21,0,0.0,9.1811,7008.7582,-6999.5771,-101150.5714,443.2092,0.0,175.9113,0.0,0.0,0.0,0.0
archetype_ids,aegis,19,blade_dancer,Blade Dancer,21,0,0.0,16.0849,7008.7582,-6992.6733,-100831.9524,653.9641,0.0,225.7564,0.0,0.0,0.0,0.0
archetype_ids,fortified,19,blade_dancer,Blade Dancer,21,0,0.0,16.0849,7008.7582,-6992.6733,-100831.9524,653.9641,0.0,225.7564,0.0,0.0,0.0,0.0
archetype_ids,fortified,19,shadow,Shadow,21,0,0.0,17.7024,7008.7582,-6991.0558,-100769.0476,378.5584,0.0,146.8306,0.0,0.0,0.0,0.0
archetype_ids,aegis,19,shadow,Shadow,21,0,0.0,17.7024,7008.7582,-6991.0558,-100769.0476,378.5584,0.0,146.8306,0.0,0.0,0.0,0.0
archetype_ids,aegis,19,assassin,Assassin,21,0,0.0,39.3865,7008.7582,-6969.3717,-99808.7619,238.4363,0.0,98.9071,0.0,0.0,0.0,0.0
archetype_ids,fortified,19,assassin,Assassin,21,0,0.0,39.3865,7008.7582,-6969.3717,-99808.7619,238.4363,0.0,98.9071,0.0,0.0,0.0,0.0
archetype_ids,arcane,19,thief,Thief,19,0,0.0,10.2041,6308.5894,-6298.3853,-150158.6316,0.0,0.0,0.0,0.0,2.9474,16.0,0.0
archetype_ids,devious,19,thief,Thief,19,0,0.0,10.2041,6308.5894,-6298.3853,-150158.6316,0.0,0.0,0.0,0.0,2.9474,16.0,0.0
archetype_ids,arcane,19,blade_dancer,Blade Dancer,19,0,0.0,18.2422,6308.5894,-6290.3472,-149784.6316,0.0,0.0,0.0,0.0,11.5263,0.0,0.0
archetype_ids,devious,19,blade_dancer,Blade Dancer,19,0,0.0,18.2422,6308.5894,-6290.3472,-149784.6316,0.0,0.0,0.0,0.0,11.5263,0.0,0.0
archetype_ids,arcane,19,assassin,Assassin,19,0,0.0,22.5596,6308.5894,-6286.0298,-149594.3158,0.0,0.0,0.0,0.0,3.0526,6.9474,0.0
archetype_ids,devious,19,assassin,Assassin,19,0,0.0,22.5596,6308.5894,-6286.0298,-149594.3158,0.0,0.0,0.0,0.0,3.0526,6.9474,0.0
archetype_ids,arcane,19,shadow,Shadow,19,0,0.0,24.4709,6308.5894,-6284.1185,-149498.1579,0.0,0.0,0.0,0.0,6.6316,0.0,0.0
archetype_ids,devious,19,shadow,Shadow,19,0,0.0,24.4709,6308.5894,-6284.1185,-149498.1579,0.0,0.0,0.0,0.0,6.6316,0.0,0.0
archetype_ids,hexed,19,blade_dancer,Blade Dancer,24,0,0.0,22.7404,6070.1203,-6047.3799,-130498.8333,0.0,0.0,0.0,0.0,12.875,0.0,0.0
archetype_ids,spiteful,19,blade_dancer,Blade Dancer,24,0,0.0,22.7404,6070.1203,-6047.3799,-130498.8333,0.0,0.0,0.0,0.0,12.875,0.0,0.0
archetype_ids,hexed,19,assassin,Assassin,24,0,0.0,23.7764,6070.1203,-6046.3439,-130446.625,0.0,0.0,0.0,0.0,5.6667,0.0,0.0
archetype_ids,spiteful,19,assassin,Assassin,24,0,0.0,23.7764,6070.1203,-6046.3439,-130446.625,0.0,0.0,0.0,0.0,5.6667,0.0,0.0
archetype_ids,spiteful,19,shadow,Shadow,24,0,0.0,25.6409,6070.1203,-6044.4795,-130363.9583,0.0,0.0,0.0,0.0,7.375,0.0,0.0
archetype_ids,hexed,19,shadow,Shadow,24,0,0.0,25.6409,6070.1203,-6044.4795,-130363.9583,0.0,0.0,0.0,0.0,7.375,0.0,0.0
archetype_ids,spiteful,19,thief,Thief,24,0,0.0,32.3213,6070.1203,-6037.7991,-130063.375,0.0,0.0,0.0,0.0,8.625,0.0,0.0
archetype_ids,hexed,19,thief,Thief,24,0,0.0,32.3213,6070.1203,-6037.7991,-130063.375,0.0,0.0,0.0,0.0,8.625,0.0,0.0
archetype_ids,warded,18,assassin,Assassin,21,0,0.0,22.7919,6054.7198,-6031.9279,-126279.4762,0.0,340.9105,0.0,0.0,0.0,0.0,0.0
archetype_ids,nullify,18,assassin,Assassin,21,0,0.0,22.7919,6054.7198,-6031.9279,-126279.4762,0.0,340.9105,0.0,0.0,0.0,0.0,0.0
archetype_ids,warded,18,shadow,Shadow,21,0,0.0,32.7359,6054.7198,-6021.9839,-125855.619,0.0,195.9657,0.0,0.0,0.0,0.0,0.0
archetype_ids,nullify,18,shadow,Shadow,21,0,0.0,32.7359,6054.7198,-6021.9839,-125855.619,0.0,195.9657,0.0,0.0,0.0,0.0,0.0
archetype_ids,warded,18,blade_dancer,Blade Dancer,21,0,0.0,39.419,6054.7198,-6015.3008,-125578.381,0.0,0.0,0.0,0.0,0.0,0.0,0.0
archetype_ids,nullify,18,blade_dancer,Blade Dancer,21,0,0.0,39.419,6054.7198,-6015.3008,-125578.381,0.0,0.0,0.0,0.0,0.0,0.0,0.0
archetype_ids,warded,18,thief,Thief,21,0,0.0,39.6047,6054.7198,-6015.1151,-125576.0,0.0,0.0,0.0,0.0,0.0,0.0,0.0
archetype_ids,nullify,18,thief,Thief,21,0,0.0,39.6047,6054.7198,-6015.1151,-125576.0,0.0,0.0,0.0,0.0,0.0,0.0,0.0
archetype_ids,fortified,18,thief,Thief,17,0,0.0,9.36,5918.3624,-5909.0024,-90934.1765,474.1904,0.0,195.5334,0.0,0.0,0.0,0.0
archetype_ids,aegis,18,thief,Thief,17,0,0.0,9.36,5918.3624,-5909.0024,-90934.1765,474.1904,0.0,195.5334,0.0,0.0,0.0,0.0
archetype_ids,fortified,18,blade_dancer,Blade Dancer,17,0,0.0,16.9656,5918.3624,-5901.3968,-90570.4118,714.4214,0.0,316.0524,0.0,0.0,0.0,0.0
archetype_ids,aegis,18,blade_dancer,Blade Dancer,17,0,0.0,16.9656,5918.3624,-5901.3968,-90570.4118,714.4214,0.0,316.0524,0.0,0.0,0.0,0.0
archetype_ids,fortified,18,shadow,Shadow,17,0,0.0,18.1059,5918.3624,-5900.2565,-90516.8235,402.8565,0.0,207.3107,0.0,0.0,0.0,0.0
archetype_ids,aegis,18,shadow,Shadow,17,0,0.0,18.1059,5918.3624,-5900.2565,-90516.8235,402.8565,0.0,207.3107,0.0,0.0,0.0,0.0
archetype_ids,fortified,18,assassin,Assassin,17,0,0.0,39.4008,5918.3624,-5878.9616,-89506.5882,253.1393,0.0,111.9464,0.0,0.0,0.0,0.0
archetype_ids,aegis,18,assassin,Assassin,17,0,0.0,39.4008,5918.3624,-5878.9616,-89506.5882,253.1393,0.0,111.9464,0.0,0.0,0.0,0.0
archetype_ids,devious,18,thief,Thief,17,0,0.0,10.3002,5215.9916,-5205.6913,-112010.6471,0.0,0.0,0.0,0.0,2.4706,14.4118,0.0
archetype_ids,arcane,18,thief,Thief,17,0,0.0,10.3002,5215.9916,-5205.6913,-112010.6471,0.0,0.0,0.0,0.0,2.4706,14.4118,0.0
archetype_ids,devious,18,blade_dancer,Blade Dancer,17,0,0.0,18.1525,5215.9916,-5197.839,-111673.1176,0.0,0.0,0.0,0.0,10.0,0.0,0.0
archetype_ids,arcane,18,blade_dancer,Blade Dancer,17,0,0.0,18.1525,5215.9916,-5197.839,-111673.1176,0.0,0.0,0.0,0.0,10.0,0.0,0.0
archetype_ids,devious,18,assassin,Assassin,17,0,0.0,23.299,5215.9916,-5192.6926,-111465.8235,0.0,0.0,0.0,0.0,2.5882,6.5294,0.0
archetype_ids,arcane,18,assassin,Assassin,17,0,0.0,23.299,5215.9916,-5192.6926,-111465.8235,0.0,0.0,0.0,0.0,2.5882,6.5294,0.0
archetype_ids,devious,18,shadow,Shadow,17,0,0.0,24.2688,5215.9916,-5191.7228,-111415.3529,0.0,0.0,0.0,0.0,5.8235,0.0,0.0
archetype_ids,arcane,18,shadow,Shadow,17,0,0.0,24.2688,5215.9916,-5191.7228,-111415.3529,0.0,0.0,0.0,0.0,5.8235,0.0,0.0
archetype_ids,spiteful,18,assassin,Assassin,25,0,0.0,20.6775,5211.5257,-5190.8482,-106669.88,0.0,0.0,0.0,0.0,5.88,0.0,0.0
archetype_ids,hexed,18,assassin,Assassin,25,0,0.0,20.6775,5211.5257,-5190.8482,-106669.88,0.0,0.0,0.0,0.0,5.88,0.0,0.0
archetype_ids,spiteful,18,blade_dancer,Blade Dancer,25,0,0.0,22.5003,5211.5257,-5189.0254,-106600.32,0.0,0.0,0.0,0.0,13.08,0.0,0.0
archetype_ids,hexed,18,blade_dancer,Blade Dancer,25,0,0.0,22.5003,5211.5257,-5189.0254,-106600.32,0.0,0.0,0.0,0.0,13.08,0.0,0.0
archetype_ids,spiteful,18,shadow,Shadow,25,0,0.0,24.826,5211.5257,-5186.6997,-106496.52,0.0,0.0,0.0,0.0,7.56,0.0,0.0
archetype_ids,hexed,18,shadow,Shadow,25,0,0.0,24.826,5211.5257,-5186.6997,-106496.52,0.0,0.0,0.0,0.0,7.56,0.0,0.0
archetype_ids,spiteful,18,thief,Thief,25,0,0.0,32.44,5211.5257,-5179.0857,-106166.72,0.0,0.0,0.0,0.0,8.92,0.0,0.0
archetype_ids,hexed,18,thief,Thief,25,0,0.0,32.44,5211.5257,-5179.0857,-106166.72,0.0,0.0,0.0,0.0,8.92,0.0,0.0
archetype_ids,aegis,17,thief,Thief,21,0,0.0,9.832,4912.6698,-4902.8378,-72219.619,433.0879,0.0,184.4754,0.0,0.0,0.0,0.0
archetype_ids,fortified,17,thief,Thief,21,0,0.0,9.832,4912.6698,-4902.8378,-72219.619,433.0879,0.0,184.4754,0.0,0.0,0.0,0.0
archetype_ids,aegis,17,blade_dancer,Blade Dancer,21,0,0.0,17.0096,4912.6698,-4895.6602,-71880.6667,646.5831,0.0,301.5361,0.0,0.0,0.0,0.0
archetype_ids,fortified,17,blade_dancer,Blade Dancer,21,0,0.0,17.0096,4912.6698,-4895.6602,-71880.6667,646.5831,0.0,301.5361,0.0,0.0,0.0,0.0
archetype_ids,aegis,17,shadow,Shadow,21,0,0.0,18.1806,4912.6698,-4894.4892,-71834.9048,364.1021,0.0,176.0018,0.0,0.0,0.0,0.0
archetype_ids,fortified,17,shadow,Shadow,21,0,0.0,18.1806,4912.6698,-4894.4892,-71834.9048,364.1021,0.0,176.0018,0.0,0.0,0.0,0.0
archetype_ids,aegis,17,assassin,Assassin,21,0,0.0,39.5771,4912.6698,-4873.0927,-70868.619,229.4965,0.0,123.3718,0.0,0.0,0.0,0.0
archetype_ids,fortified,17,assassin,Assassin,21,0,0.0,39.5771,4912.6698,-4873.0927,-70868.619,229.4965,0.0,123.3718,0.0,0.0,0.0,0.0
archetype_ids,nullify,17,assassin,Assassin,24,0,0.0,22.2288,4795.8158,-4773.587,-107331.5833,0.0,385.7083,0.0,0.0,0.0,0.0,0.0
archetype_ids,warded,17,assassin,Assassin,24,0,0.0,22.2288,4795.8158,-4773.587,-107331.5833,0.0,385.7083,0.0,0.0,0.0,0.0,0.0
archetype_ids,nullify,17,shadow,Shadow,24,0,0.0,33.4647,4795.8158,-4762.3511,-106815.5833,0.0,208.5471,0.0,0.0,0.0,0.0,0.0
archetype_ids,warded,17,shadow,Shadow,24,0,0.0,33.4647,4795.8158,-4762.3511,-106815.5833,0.0,208.5471,0.0,0.0,0.0,0.0,0.0
archetype_ids,nullify,17,blade_dancer,Blade Dancer,24,0,0.0,38.9162,4795.8158,-4756.8996,-106583.9167,0.0,0.0,0.0,0.0,0.0,0.0,0.0
archetype_ids,warded,17,blade_dancer,Blade Dancer,24,0,0.0,38.9162,4795.8158,-4756.8996,-106583.9167,0.0,0.0,0.0,0.0,0.0,0.0,0.0
archetype_ids,nullify,17,thief,Thief,24,0,0.0,40.0122,4795.8158,-4755.8037,-106529.7083,0.0,0.0,0.0,0.0,0.0,0.0,0.0
archetype_ids,warded,17,thief,Thief,24,0,0.0,40.0122,4795.8158,-4755.8037,-106529.7083,0.0,0.0,0.0,0.0,0.0,0.0,0.0
archetype_ids,spiteful,17,assassin,Assassin,19,0,0.0,22.1288,4293.9878,-4271.8589,-89201.6316,0.0,0.0,0.0,0.0,5.7368,0.0,0.0
archetype_ids,hexed,17,assassin,Assassin,19,0,0.0,22.1288,4293.9878,-4271.8589,-89201.6316,0.0,0.0,0.0,0.0,5.7368,0.0,0.0
archetype_ids,spiteful,17,blade_dancer,Blade Dancer,19,0,0.0,22.7487,4293.9878,-4271.239,-89188.6842,0.0,0.0,0.0,0.0,12.9474,0.0,0.0
archetype_ids,hexed,17,blade_dancer,Blade Dancer,19,0,0.0,22.7487,4293.9878,-4271.239,-89188.6842,0.0,0.0,0.0,0.0,12.9474,0.0,0.0
archetype_ids,spiteful,17,shadow,Shadow,19,0,0.0,25.0845,4293.9878,-4268.9032,-89084.8421,0.0,0.0,0.0,0.0,7.2632,0.0,0.0
archetype_ids,hexed,17,shadow,Shadow,19,0,0.0,25.0845,4293.9878,-4268.9032,-89084.8421,0.0,0.0,0.0,0.0,7.2632,0.0,0.0
archetype_ids,spiteful,17,thief,Thief,19,0,0.0,30.9738,4293.9878,-4263.014,-88827.4211,0.0,0.0,0.0,0.0,8.5789,0.0,0.0
archetype_ids,hexed,17,thief,Thief,19,0,0.0,30.9738,4293.9878,-4263.014,-88827.4211,0.0,0.0,0.0,0.0,8.5789,0.0,0.0
archetype_ids,devious,17,thief,Thief,16,0,0.0,10.8779,4217.7966,-4206.9187,-85678.875,0.0,0.0,0.0,0.0,2.375,13.4375,0.0
archetype_ids,arcane,17,thief,Thief,16,0,0.0,10.8779,4217.7966,-4206.9187,-85678.875,0.0,0.0,0.0,0.0,2.375,13.4375,0.0
archetype_ids,devious,17,blade_dancer,Blade Dancer,16,0,0.0,18.352,4217.7966,-4199.4447,-85373.9375,0.0,0.0,0.0,0.0,9.9375,0.0,0.0
archetype_ids,arcane,17,blade_dancer,Blade Dancer,16,0,0.0,18.352,4217.7966,-4199.4447,-85373.9375,0.0,0.0,0.0,0.0,9.9375,0.0,0.0
archetype_ids,devious,17,assassin,Assassin,16,0,0.0,22.5132,4217.7966,-4195.2835,-85219.375,0.0,0.0,0.0,0.0,2.5625,5.875,0.0
archetype_ids,arcane,17,assassin,Assassin,16,0,0.0,22.5132,4217.7966,-4195.2835,-85219.375,0.0,0.0,0.0,0.0,2.5625,5.875,0.0
archetype_ids,devious,17,shadow,Shadow,16,0,0.0,23.5486,4217.7966,-4194.248,-85169.4375,0.0,0.0,0.0,0.0,5.5,0.0,0.0
archetype_ids,arcane,17,shadow,Shadow,16,0,0.0,23.5486,4217.7966,-4194.248,-85169.4375,0.0,0.0,0.0,0.0,5.5,0.0,0.0
archetype_ids,aegis,16,thief,Thief,24,0,0.0,9.119,3916.9843,-3907.8653,-59115.9167,487.9352,0.0,192.5376,0.0,0.0,0.0,0.0
archetype_ids,fortified,16,thief,Thief,24,0,0.0,9.119,3916.9843,-3907.8653,-59115.9167,487.9352,0.0,192.5376,0.0,0.0,0.0,0.0
archetype_ids,fortified,16,blade_dancer,Blade Dancer,24,0,0.0,16.3461,3916.9843,-3900.6382,-58769.4583,730.5931,0.0,302.4591,0.0,0.0,0.0,0.0
archetype_ids,aegis,16,blade_dancer,Blade Dancer,24,0,0.0,16.3461,3916.9843,-3900.6382,-58769.4583,730.5931,0.0,302.4591,0.0,0.0,0.0,0.0
archetype_ids,fortified,16,shadow,Shadow,24,0,0.0,17.823,3916.9843,-3899.1613,-58701.125,413.2835,0.0,191.1173,0.0,0.0,0.0,0.0
archetype_ids,aegis,16,shadow,Shadow,24,0,0.0,17.823,3916.9843,-3899.1613,-58701.125,413.2835,0.0,191.1173,0.0,0.0,0.0,0.0
archetype_ids,fortified,16,assassin,Assassin,24,0,0.0,39.1926,3916.9843,-3877.7917,-57701.8333,260.04,0.0,119.758,0.0,0.0,0.0,0.0
archetype_ids,aegis,16,assassin,Assassin,24,0,0.0,39.1926,3916.9843,-3877.7917,-57701.8333,260.04,0.0,119.758,0.0,0.0,0.0,0.0
archetype_ids,warded,16,assassin,Assassin,21,0,0.0,22.4543,3818.7004,-3796.2461,-80680.619,0.0,322.8095,0.0,0.0,0.0,0.0,0.0
archetype_ids,nullify,16,assassin,Assassin,21,0,0.0,22.4543,3818.7004,-3796.2461,-80680.619,0.0,322.8095,0.0,0.0,0.0,0.0,0.0
archetype_ids,warded,16,shadow,Shadow,21,0,0.0,32.3203,3818.7004,-3786.3801,-80268.0952,0.0,190.7781,0.0,0.0,0.0,0.0,0.0
archetype_ids,nullify,16,shadow,Shadow,21,0,0.0,32.3203,3818.7004,-3786.3801,-80268.0952,0.0,190.7781,0.0,0.0,0.0,0.0,0.0
archetype_ids,warded,16,blade_dancer,Blade Dancer,21,0,0.0,39.8594,3818.7004,-3778.841,-79959.5714,0.0,0.0,0.0,0.0,0.0,0.0,0.0
archetype_ids,nullify,16,blade_dancer,Blade Dancer,21,0,0.0,39.8594,3818.7004,-3778.841,-79959.5714,0.0,0.0,0.0,0.0,0.0,0.0,0.0
archetype_ids,nullify,16,thief,Thief,21,0,0.0,40.5628,3818.7004,-3778.1376,-79927.5714,0.0,0.0,0.0,0.0,0.0,0.0,0.0
archetype_ids,warded,16,thief,Thief,21,0,0.0,40.5628,3818.7004,-3778.1376,-79927.5714,0.0,0.0,0.0,0.0,0.0,0.0,0.0
archetype_ids,arcane,16,thief,Thief,18,0,0.0,10.3372,3581.3984,-3571.0612,-80585.2778,0.0,0.0,0.0,0.0,2.3333,15.3333,0.0
archetype_ids,devious,16,thief,Thief,18,0,0.0,10.3372,3581.3984,-3571.0612,-80585.2778,0.0,0.0,0.0,0.0,2.3333,15.3333,0.0
archetype_ids,arcane,16,blade_dancer,Blade Dancer,18,0,0.0,18.7072,3581.3984,-3562.6912,-80209.1667,0.0,0.0,0.0,0.0,9.9444,0.0,0.0
archetype_ids,devious,16,blade_dancer,Blade Dancer,18,0,0.0,18.7072,3581.3984,-3562.6912,-80209.1667,0.0,0.0,0.0,0.0,9.9444,0.0,0.0
archetype_ids,arcane,16,assassin,Assassin,18,0,0.0,22.7402,3581.3984,-3558.6583,-80045.2778,0.0,0.0,0.0,0.0,2.6111,7.2222,0.0
archetype_ids,devious,16,assassin,Assassin,18,0,0.0,22.7402,3581.3984,-3558.6583,-80045.2778,0.0,0.0,0.0,0.0,2.6111,7.2222,0.0
archetype_ids,arcane,16,shadow,Shadow,18,0,0.0,25.4096,3581.3984,-3555.9888,-79918.9444,0.0,0.0,0.0,0.0,5.6667,0.0,0.0
archetype_ids,devious,16,shadow,Shadow,18,0,0.0,25.4096,3581.3984,-3555.9888,-79918.9444,0.0,0.0,0.0,0.0,5.6667,0.0,0.0
archetype_ids,hexed,16,blade_dancer,Blade Dancer,17,0,0.0,21.843,3388.9552,-3367.1122,-71179.2941,0.0,0.0,0.0,0.0,12.5294,0.0,0.0
archetype_ids,spiteful,16,blade_dancer,Blade Dancer,17,0,0.0,21.843,3388.9552,-3367.1122,-71179.2941,0.0,0.0,0.0,0.0,12.5294,0.0,0.0
archetype_ids,hexed,16,assassin,Assassin,17,0,0.0,23.3632,3388.9552,-3365.5921,-71130.8824,0.0,0.0,0.0,0.0,5.5882,0.0,0.0
archetype_ids,spiteful,16,assassin,Assassin,17,0,0.0,23.3632,3388.9552,-3365.5921,-71130.8824,0.0,0.0,0.0,0.0,5.5882,0.0,0.0
archetype_ids,hexed,16,shadow,Shadow,17,0,0.0,25.3611,3388.9552,-3363.5941,-71027.4706,0.0,0.0,0.0,0.0,7.2353,0.0,0.0
archetype_ids,spiteful,16,shadow,Shadow,17,0,0.0,25.3611,3388.9552,-3363.5941,-71027.4706,0.0,0.0,0.0,0.0,7.2353,0.0,0.0
archetype_ids,spiteful,16,thief,Thief,17,0,0.0,31.587,3388.9552,-3357.3683,-70741.2941,0.0,0.0,0.0,0.0,8.5294,0.0,0.0
archetype_ids,hexed,16,thief,Thief,17,0,0.0,31.587,3388.9552,-3357.3683,-70741.2941,0.0,0.0,0.0,0.0,8.5294,0.0,0.0
archetype_ids,warded,15,assassin,Assassin,20,0,0.0,22.104,3082.6098,-3060.5058,-61245.45,0.0,349.15,0.0,0.0,0.0,0.0,0.0
archetype_ids,nullify,15,assassin,Assassin,20,0,0.0,22.104,3082.6098,-3060.5058,-61245.45,0.0,349.15,0.0,0.0,0.0,0.0,0.0
archetype_ids,warded,15,shadow,Shadow,20,0,0.0,32.4982,3082.6098,-3050.1116,-60817.2,0.0,187.0505,0.0,0.0,0.0,0.0,0.0
archetype_ids,nullify,15,shadow,Shadow,20,0,0.0,32.4982,3082.6098,-3050.1116,-60817.2,0.0,187.0505,0.0,0.0,0.0,0.0,0.0
archetype_ids,warded,15,blade_dancer,Blade Dancer,20,0,0.0,39.417,3082.6098,-3043.1928,-60536.1,0.0,0.0,0.0,0.0,0.0,0.0,0.0
archetype_ids,nullify,15,blade_dancer,Blade Dancer,20,0,0.0,39.417,3082.6098,-3043.1928,-60536.1,0.0,0.0,0.0,0.0,0.0,0.0,0.0
archetype_ids,nullify,15,thief,Thief,20,0,0.0,40.1919,3082.6098,-3042.4179,-60512.9,0.0,0.0,0.0,0.0,0.0,0.0,0.0
archetype_ids,warded,15,thief,Thief,20,0,0.0,40.1919,3082.6098,-3042.4179,-60512.9,0.0,0.0,0.0,0.0,0.0,0.0,0.0
archetype_ids,aegis,15,thief,Thief,22,0,0.0,8.9821,3031.8484,-3022.8663,-40646.6364,424.2308,0.0,187.5175,0.0,0.0,0.0,0.0
archetype_ids,fortified,15,thief,Thief,22,0,0.0,8.9821,3031.8484,-3022.8663,-40646.6364,424.2308,0.0,187.5175,0.0,0.0,0.0,0.0
archetype_ids,aegis,15,blade_dancer,Blade Dancer,22,0,0.0,15.5279,3031.8484,-3016.3204,-40363.4545,630.1805,0.0,277.5387,0.0,0.0,0.0,0.0
archetype_ids,fortified,15,blade_dancer,Blade Dancer,22,0,0.0,15.5279,3031.8484,-3016.3204,-40363.4545,630.1805,0.0,277.5387,0.0,0.0,0.0,0.0
archetype_ids,aegis,15,shadow,Shadow,22,0,0.0,17.5804,3031.8484,-3014.268,-40284.4545,359.8553,0.0,131.1393,0.0,0.0,0.0,0.0
archetype_ids,fortified,15,shadow,Shadow,22,0,0.0,17.5804,3031.8484,-3014.268,-40284.4545,359.8553,0.0,131.1393,0.0,0.0,0.0,0.0
archetype_ids,aegis,15,assassin,Assassin,22,0,0.0,39.2714,3031.8484,-2992.577,-39383.5455,226.7745,0.0,108.7417,0.0,0.0,0.0,0.0
archetype_ids,fortified,15,assassin,Assassin,22,0,0.0,39.2714,3031.8484,-2992.577,-39383.5455,226.7745,0.0,108.7417,0.0,0.0,0.0,0.0
archetype_ids,arcane,15,thief,Thief,21,0,0.0,10.5226,2769.4412,-2758.9186,-57517.4762,0.0,0.0,0.0,0.0,2.3333,14.1905,0.0
archetype_ids,devious,15,thief,Thief,21,0,0.0,10.5226,2769.4412,-2758.9186,-57517.4762,0.0,0.0,0.0,0.0,2.3333,14.1905,0.0
archetype_ids,arcane,15,blade_dancer,Blade Dancer,21,0,0.0,18.3649,2769.4412,-2751.0762,-57189.0476,0.0,0.0,0.0,0.0,10.3333,0.0,0.0
archetype_ids,devious,15,blade_dancer,Blade Dancer,21,0,0.0,18.3649,2769.4412,-2751.0762,-57189.0476,0.0,0.0,0.0,0.0,10.3333,0.0,0.0
archetype_ids,arcane,15,assassin,Assassin,21,0,0.0,23.0673,2769.4412,-2746.3739,-57003.7619,0.0,0.0,0.0,0.0,2.4286,6.4286,0.0
archetype_ids,devious,15,assassin,Assassin,21,0,0.0,23.0673,2769.4412,-2746.3739,-57003.7619,0.0,0.0,0.0,0.0,2.4286,6.4286,0.0
archetype_ids,arcane,15,shadow,Shadow,21,0,0.0,23.3236,2769.4412,-2746.1176,-56977.2857,0.0,0.0,0.0,0.0,5.7619,0.0,0.0
archetype_ids,devious,15,shadow,Shadow,21,0,0.0,23.3236,2769.4412,-2746.1176,-56977.2857,0.0,0.0,0.0,0.0,5.7619,0.0,0.0
archetype_ids,spiteful,15,assassin,Assassin,17,0,0.0,22.7539,2671.7918,-2649.0379,-50007.0,0.0,0.0,0.0,0.0,5.2353,0.0,0.0
archetype_ids,hexed,15,assassin,Assassin,17,0,0.0,22.7539,2671.7918,-2649.0379,-50007.0,0.0,0.0,0.0,0.0,5.2353,0.0,0.0
archetype_ids,spiteful,15,blade_dancer,Blade Dancer,17,0,0.0,23.0671,2671.7918,-2648.7248,-49990.1176,0.0,0.0,0.0,0.0,12.0,0.0,0.0
archetype_ids,hexed,15,blade_dancer,Blade Dancer,17,0,0.0,23.0671,2671.7918,-2648.7248,-49990.1176,0.0,0.0,0.0,0.0,12.0,0.0,0.0
archetype_ids,spiteful,15,shadow,Shadow,17,0,0.0,25.2567,2671.7918,-2646.5351,-49903.8235,0.0,0.0,0.0,0.0,6.8235,0.0,0.0
archetype_ids,hexed,15,shadow,Shadow,17,0,0.0,25.2567,2671.7918,-2646.5351,-49903.8235,0.0,0.0,0.0,0.0,6.8235,0.0,0.0
archetype_ids,hexed,15,thief,Thief,17,0,0.0,32.749,2671.7918,-2639.0429,-49602.8235,0.0,0.0,0.0,0.0,7.8824,0.0,0.0
archetype_ids,spiteful,15,thief,Thief,17,0,0.0,32.749,2671.7918,-2639.0429,-49602.8235,0.0,0.0,0.0,0.0,7.8824,0.0,0.0
archetype_ids,fortified,14,thief,Thief,15,0,0.0,9.458,2608.0593,-2598.6013,-39101.8667,461.1659,0.0,194.0125,0.0,0.0,0.0,0.0
archetype_ids,aegis,14,thief,Thief,15,0,0.0,9.458,2608.0593,-2598.6013,-39101.8667,461.1659,0.0,194.0125,0.0,0.0,0.0,0.0
archetype_ids,aegis,14,blade_dancer,Blade Dancer,15,0,0.0,16.5796,2608.0593,-2591.4797,-38765.1333,677.2498,0.0,276.4222,0.0,0.0,0.0,0.0
archetype_ids,fortified,14,blade_dancer,Blade Dancer,15,0,0.0,16.5796,2608.0593,-2591.4797,-38765.1333,677.2498,0.0,276.4222,0.0,0.0,0.0,0.0
archetype_ids,aegis,14,shadow,Shadow,15,0,0.0,17.9851,2608.0593,-2590.0741,-38699.8,396.417,0.0,204.5567,0.0,0.0,0.0,0.0
archetype_ids,fortified,14,shadow,Shadow,15,0,0.0,17.9851,2608.0593,-2590.0741,-38699.8,396.417,0.0,204.5567,0.0,0.0,0.0,0.0
archetype_ids,aegis,14,assassin,Assassin,15,0,0.0,39.4332,2608.0593,-2568.6261,-37704.1333,247.4822,0.0,106.6818,0.0,0.0,0.0,0.0
archetype_ids,fortified,14,assassin,Assassin,15,0,0.0,39.4332,2608.0593,-2568.6261,-37704.1333,247.4822,0.0,106.6818,0.0,0.0,0.0,0.0
archetype_ids,warded,14,assassin,Assassin,14,0,0.0,22.3005,2566.7316,-2544.4311,-56077.8571,0.0,358.0,0.0,0.0,0.0,0.0,0.0
archetype_ids,nullify,14,assassin,Assassin,14,0,0.0,22.3005,2566.7316,-2544.4311,-56077.8571,0.0,358.0,0.0,0.0,0.0,0.0,0.0
archetype_ids,nullify,14,shadow,Shadow,14,0,0.0,32.3663,2566.7316,-2534.3654,-55636.3571,0.0,207.7493,0.0,0.0,0.0,0.0,0.0
archetype_ids,warded,14,shadow,Shadow,14,0,0.0,32.3663,2566.7316,-2534.3654,-55636.3571,0.0,207.7493,0.0,0.0,0.0,0.0,0.0
archetype_ids,nullify,14,blade_dancer,Blade Dancer,14,0,0.0,38.4642,2566.7316,-2528.2674,-55378.2143,0.0,0.0,0.0,0.0,0.0,0.0,0.0
archetype_ids,warded,14,blade_dancer,Blade Dancer,14,0,0.0,38.4642,2566.7316,-2528.2674,-55378.2143,0.0,0.0,0.0,0.0,0.0,0.0,0.0
archetype_ids,nullify,14,thief,Thief,14,0,0.0,39.4611,2566.7316,-2527.2705,-55333.9286,0.0,0.0,0.0,0.0,0.0,0.0,0.0
archetype_ids,warded,14,thief,Thief,14,0,0.0,39.4611,2566.7316,-2527.2705,-55333.9286,0.0,0.0,0.0,0.0,0.0,0.0,0.0
archetype_ids,devious,14,thief,Thief,24,0,0.0,10.6177,2194.7261,-2184.1084,-49665.5417,0.0,0.0,0.0,0.0,2.6667,15.2917,0.0
archetype_ids,arcane,14,thief,Thief,24,0,0.0,10.6177,2194.7261,-2184.1084,-49665.5417,0.0,0.0,0.0,0.0,2.6667,15.2917,0.0
archetype_ids,spiteful,14,assassin,Assassin,27,0,0.0,22.6192,2204.7595,-2182.1403,-43454.9259,0.0,0.0,0.0,0.0,5.6667,0.0,0.0
archetype_ids,hexed,14,assassin,Assassin,27,0,0.0,22.6192,2204.7595,-2182.1403,-43454.9259,0.0,0.0,0.0,0.0,5.6667,0.0,0.0
archetype_ids,hexed,14,blade_dancer,Blade Dancer,27,0,0.0,23.006,2204.7595,-2181.7535,-43426.3333,0.0,0.0,0.0,0.0,12.4815,0.0,0.0
archetype_ids,spiteful,14,blade_dancer,Blade Dancer,27,0,0.0,23.006,2204.7595,-2181.7535,-43426.3333,0.0,0.0,0.0,0.0,12.4815,0.0,0.0
archetype_ids,spiteful,14,shadow,Shadow,27,0,0.0,25.2417,2204.7595,-2179.5178,-43327.1852,0.0,0.0,0.0,0.0,7.1481,0.0,0.0
archetype_ids,hexed,14,shadow,Shadow,27,0,0.0,25.2417,2204.7595,-2179.5178,-43327.1852,0.0,0.0,0.0,0.0,7.1481,0.0,0.0
archetype_ids,arcane,14,blade_dancer,Blade Dancer,24,0,0.0,18.1662,2194.7261,-2176.5599,-49332.625,0.0,0.0,0.0,0.0,11.0,0.0,0.0
archetype_ids,devious,14,blade_dancer,Blade Dancer,24,0,0.0,18.1662,2194.7261,-2176.5599,-49332.625,0.0,0.0,0.0,0.0,11.0,0.0,0.0
archetype_ids,spiteful,14,thief,Thief,27,0,0.0,32.4514,2204.7595,-2172.3081,-43023.1481,0.0,0.0,0.0,0.0,8.4074,0.0,0.0
archetype_ids,hexed,14,thief,Thief,27,0,0.0,32.4514,2204.7595,-2172.3081,-43023.1481,0.0,0.0,0.0,0.0,8.4074,0.0,0.0
archetype_ids,arcane,14,assassin,Assassin,24,0,0.0,22.9607,2194.7261,-2171.7654,-49131.875,0.0,0.0,0.0,0.0,2.875,6.7917,0.0
archetype_ids,devious,14,assassin,Assassin,24,0,0.0,22.9607,2194.7261,-2171.7654,-49131.875,0.0,0.0,0.0,0.0,2.875,6.7917,0.0
archetype_ids,arcane,14,shadow,Shadow,24,0,0.0,24.8943,2194.7261,-2169.8318,-49041.75,0.0,0.0,0.0,0.0,6.2083,0.0,0.0
archetype_ids,devious,14,shadow,Shadow,24,0,0.0,24.8943,2194.7261,-2169.8318,-49041.75,0.0,0.0,0.0,0.0,6.2083,0.0,0.0
archetype_ids,aegis,13,thief,Thief,22,0,0.0,9.3841,2125.1149,-2115.7308,-31827.7273,466.7683,0.0,190.7657,0.0,0.0,0.0,0.0
archetype_ids,fortified,13,thief,Thief,22,0,0.0,9.3841,2125.1149,-2115.7308,-31827.7273,466.7683,0.0,190.7657,0.0,0.0,0.0,0.0
archetype_ids,aegis,13,blade_dancer,Blade Dancer,22,0,0.0,16.6877,2125.1149,-2108.4271,-31475.7727,698.1708,0.0,309.1791,0.0,0.0,0.0,0.0
archetype_ids,fortified,13,blade_dancer,Blade Dancer,22,0,0.0,16.6877,2125.1149,-2108.4271,-31475.7727,698.1708,0.0,309.1791,0.0,0.0,0.0,0.0
archetype_ids,aegis,13,shadow,Shadow,22,0,0.0,18.0337,2125.1149,-2107.0812,-31416.2273,392.201,0.0,189.0274,0.0,0.0,0.0,0.0
archetype_ids,fortified,13,shadow,Shadow,22,0,0.0,18.0337,2125.1149,-2107.0812,-31416.2273,392.201,0.0,189.0274,0.0,0.0,0.0,0.0
archetype_ids,aegis,13,assassin,Assassin,22,0,0.0,39.4102,2125.1149,-2085.7047,-30414.2727,246.9632,0.0,114.75,0.0,0.0,0.0,0.0
archetype_ids,fortified,13,assassin,Assassin,22,0,0.0,39.4102,2125.1149,-2085.7047,-30414.2727,246.9632,0.0,114.75,0.0,0.0,0.0,0.0
archetype_ids,warded,13,assassin,Assassin,18,0,0.0,21.7285,2067.5438,-2045.8153,-46063.8889,0.0,387.0,0.0,0.0,0.0,0.0,0.0
archetype_ids,nullify,13,assassin,Assassin,18,0,0.0,21.7285,2067.5438,-2045.8153,-46063.8889,0.0,387.0,0.0,0.0,0.0,0.0,0.0
archetype_ids,warded,13,shadow,Shadow,18,0,0.0,32.8765,2067.5438,-2034.6673,-45547.2778,0.0,211.4161,0.0,0.0,0.0,0.0,0.0
archetype_ids,nullify,13,shadow,Shadow,18,0,0.0,32.8765,2067.5438,-2034.6673,-45547.2778,0.0,211.4161,0.0,0.0,0.0,0.0,0.0
archetype_ids,warded,13,blade_dancer,Blade Dancer,18,0,0.0,38.7861,2067.5438,-2028.7577,-45290.1667,0.0,0.0,0.0,0.0,0.0,0.0,0.0
archetype_ids,nullify,13,blade_dancer,Blade Dancer,18,0,0.0,38.7861,2067.5438,-2028.7577,-45290.1667,0.0,0.0,0.0,0.0,0.0,0.0,0.0
archetype_ids,warded,13,thief,Thief,18,0,0.0,39.238,2067.5438,-2028.3058,-45265.5556,0.0,0.0,0.0,0.0,0.0,0.0,0.0
archetype_ids,nullify,13,thief,Thief,18,0,0.0,39.238,2067.5438,-2028.3058,-45265.5556,0.0,0.0,0.0,0.0,0.0,0.0,0.0
archetype_ids,hexed,13,blade_dancer,Blade Dancer,19,0,0.0,22.0562,1852.3604,-1830.3042,-39432.5789,0.0,0.0,0.0,0.0,13.6316,0.0,0.0
archetype_ids,spiteful,13,blade_dancer,Blade Dancer,19,0,0.0,22.0562,1852.3604,-1830.3042,-39432.5789,0.0,0.0,0.0,0.0,13.6316,0.0,0.0
archetype_ids,hexed,13,assassin,Assassin,19,0,0.0,22.2938,1852.3604,-1830.0666,-39438.1579,0.0,0.0,0.0,0.0,6.1579,0.0,0.0
archetype_ids,spiteful,13,assassin,Assassin,19,0,0.0,22.2938,1852.3604,-1830.0666,-39438.1579,0.0,0.0,0.0,0.0,6.1579,0.0,0.0
archetype_ids,hexed,13,shadow,Shadow,19,0,0.0,25.588,1852.3604,-1826.7724,-39286.7895,0.0,0.0,0.0,0.0,7.7895,0.0,0.0
archetype_ids,spiteful,13,shadow,Shadow,19,0,0.0,25.588,1852.3604,-1826.7724,-39286.7895,0.0,0.0,0.0,0.0,7.7895,0.0,0.0
archetype_ids,spiteful,13,thief,Thief,19,0,0.0,31.9818,1852.3604,-1820.3787,-38995.2632,0.0,0.0,0.0,0.0,9.0,0.0,0.0
archetype_ids,hexed,13,thief,Thief,19,0,0.0,31.9818,1852.3604,-1820.3787,-38995.2632,0.0,0.0,0.0,0.0,9.0,0.0,0.0
archetype_ids,arcane,13,thief,Thief,21,0,0.0,10.5571,1820.9033,-1810.3461,-42106.0476,0.0,0.0,0.0,0.0,2.5238,15.8095,0.0
archetype_ids,devious,13,thief,Thief,21,0,0.0,10.5571,1820.9033,-1810.3461,-42106.0476,0.0,0.0,0.0,0.0,2.5238,15.8095,0.0
archetype_ids,arcane,13,blade_dancer,Blade Dancer,21,0,0.0,18.9326,1820.9033,-1801.9707,-41730.8571,0.0,0.0,0.0,0.0,10.4762,0.0,0.0
archetype_ids,devious,13,blade_dancer,Blade Dancer,21,0,0.0,18.9326,1820.9033,-1801.9707,-41730.8571,0.0,0.0,0.0,0.0,10.4762,0.0,0.0
archetype_ids,devious,13,assassin,Assassin,21,0,0.0,22.9031,1820.9033,-1798.0002,-41562.9048,0.0,0.0,0.0,0.0,2.7619,7.1429,0.0
archetype_ids,arcane,13,assassin,Assassin,21,0,0.0,22.9031,1820.9033,-1798.0002,-41562.9048,0.0,0.0,0.0,0.0,2.7619,7.1429,0.0
archetype_ids,arcane,13,shadow,Shadow,21,0,0.0,25.0328,1820.9033,-1795.8704,-41456.0,0.0,0.0,0.0,0.0,5.9524,0.0,0.0
archetype_ids,devious,13,shadow,Shadow,21,0,0.0,25.0328,1820.9033,-1795.8704,-41456.0,0.0,0.0,0.0,0.0,5.9524,0.0,0.0
archetype_ids,warded,12,assassin,Assassin,27,0,0.0,22.3665,1708.9317,-1686.5652,-33328.3333,0.0,324.7037,0.0,0.0,0.0,0.0,0.0
archetype_ids,nullify,12,assassin,Assassin,27,0,0.0,22.3665,1708.9317,-1686.5652,-33328.3333,0.0,324.7037,0.0,0.0,0.0,0.0,0.0
archetype_ids,aegis,12,thief,Thief,14,0,0.0,8.9925,1692.7654,-1683.7728,-23171.1429,444.0937,0.0,179.814,0.0,0.0,0.0,0.0
archetype_ids,fortified,12,thief,Thief,14,0,0.0,8.9925,1692.7654,-1683.7728,-23171.1429,444.0937,0.0,179.814,0.0,0.0,0.0,0.0
archetype_ids,aegis,12,blade_dancer,Blade Dancer,14,0,0.0,15.5047,1692.7654,-1677.2606,-22883.3571,653.0111,0.0,210.0745,0.0,0.0,0.0,0.0
archetype_ids,fortified,12,blade_dancer,Blade Dancer,14,0,0.0,15.5047,1692.7654,-1677.2606,-22883.3571,653.0111,0.0,210.0745,0.0,0.0,0.0,0.0
archetype_ids,nullify,12,shadow,Shadow,27,0,0.0,32.8474,1708.9317,-1676.0843,-32892.0,0.0,182.2552,0.0,0.0,0.0,0.0,0.0
archetype_ids,warded,12,shadow,Shadow,27,0,0.0,32.8474,1708.9317,-1676.0843,-32892.0,0.0,182.2552,0.0,0.0,0.0,0.0,0.0
archetype_ids,fortified,12,shadow,Shadow,14,0,0.0,17.7235,1692.7654,-1675.0418,-22789.3571,370.8744,0.0,192.4086,0.0,0.0,0.0,0.0
archetype_ids,aegis,12,shadow,Shadow,14,0,0.0,17.7235,1692.7654,-1675.0418,-22789.3571,370.8744,0.0,192.4086,0.0,0.0,0.0,0.0
archetype_ids,warded,12,blade_dancer,Blade Dancer,27,0,0.0,38.9195,1708.9317,-1670.0122,-32661.1481,0.0,0.0,0.0,0.0,0.0,0.0,0.0
archetype_ids,nullify,12,blade_dancer,Blade Dancer,27,0,0.0,38.9195,1708.9317,-1670.0122,-32661.1481,0.0,0.0,0.0,0.0,0.0,0.0,0.0
archetype_ids,nullify,12,thief,Thief,27,0,0.0,39.3106,1708.9317,-1669.6211,-32646.5556,0.0,0.0,0.0,0.0,0.0,0.0,0.0
archetype_ids,warded,12,thief,Thief,27,0,0.0,39.3106,1708.9317,-1669.6211,-32646.5556,0.0,0.0,0.0,0.0,0.0,0.0,0.0
archetype_ids,fortified,12,assassin,Assassin,14,0,0.0,39.1944,1692.7654,-1653.571,-21860.3571,234.5795,0.0,106.4235,0.0,0.0,0.0,0.0
archetype_ids,aegis,12,assassin,Assassin,14,0,0.0,39.1944,1692.7654,-1653.571,-21860.3571,234.5795,0.0,106.4235,0.0,0.0,0.0,0.0
archetype_ids,devious,12,thief,Thief,22,0,0.0,10.0025,1483.4553,-1473.4527,-31415.4091,0.0,0.0,0.0,0.0,2.0909,14.4545,0.0
archetype_ids,arcane,12,thief,Thief,22,0,0.0,10.0025,1483.4553,-1473.4527,-31415.4091,0.0,0.0,0.0,0.0,2.0909,14.4545,0.0
archetype_ids,arcane,12,blade_dancer,Blade Dancer,22,0,0.0,18.0075,1483.4553,-1465.4477,-31080.2727,0.0,0.0,0.0,0.0,9.7727,0.0,0.0
archetype_ids,devious,12,blade_dancer,Blade Dancer,22,0,0.0,18.0075,1483.4553,-1465.4477,-31080.2727,0.0,0.0,0.0,0.0,9.7727,0.0,0.0
archetype_ids,devious,12,assassin,Assassin,22,0,0.0,22.341,1483.4553,-1461.1143,-30910.8636,0.0,0.0,0.0,0.0,2.5909,6.3182,0.0
archetype_ids,arcane,12,assassin,Assassin,22,0,0.0,22.341,1483.4553,-1461.1143,-30910.8636,0.0,0.0,0.0,0.0,2.5909,6.3182,0.0
archetype_ids,arcane,12,shadow,Shadow,22,0,0.0,24.2855,1483.4553,-1459.1697,-30817.8182,0.0,0.0,0.0,0.0,5.4091,0.0,0.0
archetype_ids,devious,12,shadow,Shadow,22,0,0.0,24.2855,1483.4553,-1459.1697,-30817.8182,0.0,0.0,0.0,0.0,5.4091,0.0,0.0
archetype_ids,hexed,12,blade_dancer,Blade Dancer,17,0,0.0,22.3765,1447.0641,-1424.6876,-27442.4118,0.0,0.0,0.0,0.0,11.8824,0.0,0.0
archetype_ids,spiteful,12,blade_dancer,Blade Dancer,17,0,0.0,22.3765,1447.0641,-1424.6876,-27442.4118,0.0,0.0,0.0,0.0,11.8824,0.0,0.0
archetype_ids,hexed,12,assassin,Assassin,17,0,0.0,23.0683,1447.0641,-1423.9958,-27414.0588,0.0,0.0,0.0,0.0,5.2353,0.0,0.0
archetype_ids,spiteful,12,assassin,Assassin,17,0,0.0,23.0683,1447.0641,-1423.9958,-27414.0588,0.0,0.0,0.0,0.0,5.2353,0.0,0.0
archetype_ids,spiteful,12,shadow,Shadow,17,0,0.0,25.38,1447.0641,-1421.6841,-27314.0,0.0,0.0,0.0,0.0,6.7647,0.0,0.0
archetype_ids,hexed,12,shadow,Shadow,17,0,0.0,25.38,1447.0641,-1421.6841,-27314.0,0.0,0.0,0.0,0.0,6.7647,0.0,0.0
archetype_ids,spiteful,12,thief,Thief,17,0,0.0,32.1518,1447.0641,-1414.9123,-27043.0,0.0,0.0,0.0,0.0,7.8824,0.0,0.0
archetype_ids,hexed,12,thief,Thief,17,0,0.0,32.1518,1447.0641,-1414.9123,-27043.0,0.0,0.0,0.0,0.0,7.8824,0.0,0.0
archetype_ids,aegis,11,thief,Thief,19,0,0.0,8.6857,1337.4554,-1328.7697,-19398.8421,477.9082,0.0,199.2981,0.0,0.0,0.0,0.0
archetype_ids,fortified,11,thief,Thief,19,0,0.0,8.6857,1337.4554,-1328.7697,-19398.8421,477.9082,0.0,199.2981,0.0,0.0,0.0,0.0
archetype_ids,aegis,11,blade_dancer,Blade Dancer,19,0,0.0,15.4042,1337.4554,-1322.0512,-19085.0,701.0147,0.0,281.017,0.0,0.0,0.0,0.0
archetype_ids,fortified,11,blade_dancer,Blade Dancer,19,0,0.0,15.4042,1337.4554,-1322.0512,-19085.0,701.0147,0.0,281.017,0.0,0.0,0.0,0.0
archetype_ids,aegis,11,shadow,Shadow,19,0,0.0,17.5476,1337.4554,-1319.9078,-18994.4211,407.1303,0.0,162.7637,0.0,0.0,0.0,0.0
archetype_ids,fortified,11,shadow,Shadow,19,0,0.0,17.5476,1337.4554,-1319.9078,-18994.4211,407.1303,0.0,162.7637,0.0,0.0,0.0,0.0
archetype_ids,aegis,11,assassin,Assassin,19,0,0.0,39.1604,1337.4554,-1298.295,-18007.2632,256.4389,0.0,94.8258,0.0,0.0,0.0,0.0
archetype_ids,fortified,11,assassin,Assassin,19,0,0.0,39.1604,1337.4554,-1298.295,-18007.2632,256.4389,0.0,94.8258,0.0,0.0,0.0,0.0
archetype_ids,warded,11,assassin,Assassin,24,0,0.0,22.5957,1274.6623,-1252.0666,-26654.5833,0.0,327.9583,0.0,0.0,0.0,0.0,0.0
archetype_ids,nullify,11,assassin,Assassin,24,0,0.0,22.5957,1274.6623,-1252.0666,-26654.5833,0.0,327.9583,0.0,0.0,0.0,0.0,0.0
archetype_ids,warded,11,shadow,Shadow,24,0,0.0,32.5546,1274.6623,-1242.1077,-26209.375,0.0,191.6687,0.0,0.0,0.0,0.0,0.0
archetype_ids,nullify,11,shadow,Shadow,24,0,0.0,32.5546,1274.6623,-1242.1077,-26209.375,0.0,191.6687,0.0,0.0,0.0,0.0,0.0
archetype_ids,warded,11,blade_dancer,Blade Dancer,24,0,0.0,39.2865,1274.6623,-1235.3758,-25915.4583,0.0,0.0,0.0,0.0,0.0,0.0,0.0
archetype_ids,nullify,11,blade_dancer,Blade Dancer,24,0,0.0,39.2865,1274.6623,-1235.3758,-25915.4583,0.0,0.0,0.0,0.0,0.0,0.0,0.0
archetype_ids,warded,11,thief,Thief,24,0,0.0,39.8424,1274.6623,-1234.8199,-25908.7917,0.0,0.0,0.0,0.0,0.0,0.0,0.0
archetype_ids,nullify,11,thief,Thief,24,0,0.0,39.8424,1274.6623,-1234.8199,-25908.7917,0.0,0.0,0.0,0.0,0.0,0.0,0.0
archetype_ids,arcane,11,thief,Thief,23,0,0.0,10.7121,1166.4724,-1155.7603,-25641.8261,0.0,0.0,0.0,0.0,2.5652,14.913,0.0
archetype_ids,devious,11,thief,Thief,23,0,0.0,10.7121,1166.4724,-1155.7603,-25641.8261,0.0,0.0,0.0,0.0,2.5652,14.913,0.0
archetype_ids,devious,11,blade_dancer,Blade Dancer,23,0,0.0,18.0581,1166.4724,-1148.4144,-25322.1304,0.0,0.0,0.0,0.0,10.1739,0.0,0.0
archetype_ids,arcane,11,blade_dancer,Blade Dancer,23,0,0.0,18.0581,1166.4724,-1148.4144,-25322.1304,0.0,0.0,0.0,0.0,10.1739,0.0,0.0
archetype_ids,arcane,11,assassin,Assassin,23,0,0.0,22.9426,1166.4724,-1143.5298,-25110.4348,0.0,0.0,0.0,0.0,2.5652,7.0,0.0
archetype_ids,devious,11,assassin,Assassin,23,0,0.0,22.9426,1166.4724,-1143.5298,-25110.4348,0.0,0.0,0.0,0.0,2.5652,7.0,0.0
archetype_ids,devious,11,shadow,Shadow,23,0,0.0,24.6539,1166.4724,-1141.8186,-25025.6522,0.0,0.0,0.0,0.0,5.7826,0.0,0.0
archetype_ids,arcane,11,shadow,Shadow,23,0,0.0,24.6539,1166.4724,-1141.8186,-25025.6522,0.0,0.0,0.0,0.0,5.7826,0.0,0.0
archetype_ids,spiteful,11,assassin,Assassin,14,0,0.0,22.9117,1122.8311,-1099.9195,-25257.3571,0.0,0.0,0.0,0.0,6.4286,0.0,0.0
archetype_ids,hexed,11,assassin,Assassin,14,0,0.0,22.9117,1122.8311,-1099.9195,-25257.3571,0.0,0.0,0.0,0.0,6.4286,0.0,0.0
archetype_ids,spiteful,11,blade_dancer,Blade Dancer,14,0,0.0,23.7103,1122.8311,-1099.1209,-25231.4286,0.0,0.0,0.0,0.0,14.5714,0.0,0.0
archetype_ids,hexed,11,blade_dancer,Blade Dancer,14,0,0.0,23.7103,1122.8311,-1099.1209,-25231.4286,0.0,0.0,0.0,0.0,14.5714,0.0,0.0
archetype_ids,spiteful,11,shadow,Shadow,14,0,0.0,25.4652,1122.8311,-1097.3659,-25136.0714,0.0,0.0,0.0,0.0,8.2143,0.0,0.0
archetype_ids,hexed,11,shadow,Shadow,14,0,0.0,25.4652,1122.8311,-1097.3659,-25136.0714,0.0,0.0,0.0,0.0,8.2143,0.0,0.0
archetype_ids,spiteful,11,thief,Thief,14,0,0.0,32.5438,1122.8311,-1090.2874,-24807.0,0.0,0.0,0.0,0.0,9.6429,0.0,0.0
archetype_ids,hexed,11,thief,Thief,14,0,0.0,32.5438,1122.8311,-1090.2874,-24807.0,0.0,0.0,0.0,0.0,9.6429,0.0,0.0
archetype_ids,fortified,10,thief,Thief,19,0,0.0,9.9784,1017.6472,-1007.6688,-14188.5789,419.7982,0.0,154.7386,0.0,0.0,0.0,0.0
archetype_ids,aegis,10,thief,Thief,19,0,0.0,9.9784,1017.6472,-1007.6688,-14188.5789,419.7982,0.0,154.7386,0.0,0.0,0.0,0.0
archetype_ids,aegis,10,blade_dancer,Blade Dancer,19,0,0.0,16.6746,1017.6472,-1000.9725,-13881.2632,613.6126,0.0,280.0359,0.0,0.0,0.0,0.0
archetype_ids,fortified,10,blade_dancer,Blade Dancer,19,0,0.0,16.6746,1017.6472,-1000.9725,-13881.2632,613.6126,0.0,280.0359,0.0,0.0,0.0,0.0
archetype_ids,aegis,10,shadow,Shadow,19,0,0.0,18.0547,1017.6472,-999.5925,-13830.1579,358.3179,0.0,204.6167,0.0,0.0,0.0,0.0
archetype_ids,fortified,10,shadow,Shadow,19,0,0.0,18.0547,1017.6472,-999.5925,-13830.1579,358.3179,0.0,204.6167,0.0,0.0,0.0,0.0
archetype_ids,nullify,10,assassin,Assassin,23,0,0.0,21.5878,1008.1891,-986.6013,-21891.4348,0.0,398.8696,0.0,0.0,0.0,0.0,0.0
archetype_ids,warded,10,assassin,Assassin,23,0,0.0,21.5878,1008.1891,-986.6013,-21891.4348,0.0,398.8696,0.0,0.0,0.0,0.0,0.0
archetype_ids,fortified,10,assassin,Assassin,19,0,0.0,39.6281,1017.6472,-978.0191,-12881.2105,225.8392,0.0,91.6693,0.0,0.0,0.0,0.0
archetype_ids,aegis,10,assassin,Assassin,19,0,0.0,39.6281,1017.6472,-978.0191,-12881.2105,225.8392,0.0,91.6693,0.0,0.0,0.0,0.0
archetype_ids,nullify,10,shadow,Shadow,23,0,0.0,33.3916,1008.1891,-974.7975,-21350.6087,0.0,209.0061,0.0,0.0,0.0,0.0,0.0
archetype_ids,warded,10,shadow,Shadow,23,0,0.0,33.3916,1008.1891,-974.7975,-21350.6087,0.0,209.0061,0.0,0.0,0.0,0.0,0.0
archetype_ids,nullify,10,blade_dancer,Blade Dancer,23,0,0.0,38.853,1008.1891,-969.3361,-21097.3043,0.0,0.0,0.0,0.0,0.0,0.0,0.0
archetype_ids,warded,10,blade_dancer,Blade Dancer,23,0,0.0,38.853,1008.1891,-969.3361,-21097.3043,0.0,0.0,0.0,0.0,0.0,0.0,0.0
archetype_ids,warded,10,thief,Thief,23,0,0.0,39.8793,1008.1891,-968.3098,-21052.0435,0.0,0.0,0.0,0.0,0.0,0.0,0.0
archetype_ids,nullify,10,thief,Thief,23,0,0.0,39.8793,1008.1891,-968.3098,-21052.0435,0.0,0.0,0.0,0.0,0.0,0.0,0.0
archetype_ids,devious,10,thief,Thief,21,0,0.0,10.2998,883.6436,-873.3438,-17903.8095,0.0,0.0,0.0,0.0,2.1905,14.1429,0.0
archetype_ids,arcane,10,thief,Thief,21,0,0.0,10.2998,883.6436,-873.3438,-17903.8095,0.0,0.0,0.0,0.0,2.1905,14.1429,0.0
archetype_ids,arcane,10,blade_dancer,Blade Dancer,21,0,0.0,19.3364,883.6436,-864.3073,-17553.0,0.0,0.0,0.0,0.0,9.2381,0.0,0.0
archetype_ids,devious,10,blade_dancer,Blade Dancer,21,0,0.0,19.3364,883.6436,-864.3073,-17553.0,0.0,0.0,0.0,0.0,9.2381,0.0,0.0
archetype_ids,arcane,10,assassin,Assassin,21,0,0.0,24.3175,883.6436,-859.3261,-17366.3333,0.0,0.0,0.0,0.0,2.2857,6.381,0.0
archetype_ids,devious,10,assassin,Assassin,21,0,0.0,24.3175,883.6436,-859.3261,-17366.3333,0.0,0.0,0.0,0.0,2.2857,6.381,0.0
archetype_ids,arcane,10,shadow,Shadow,21,0,0.0,25.5497,883.6436,-858.0939,-17314.9048,0.0,0.0,0.0,0.0,5.2381,0.0,0.0
archetype_ids,devious,10,shadow,Shadow,21,0,0.0,25.5497,883.6436,-858.0939,-17314.9048,0.0,0.0,0.0,0.0,5.2381,0.0,0.0
archetype_ids,spiteful,10,blade_dancer,Blade Dancer,17,0,0.0,21.761,862.4301,-840.6691,-16640.0,0.0,0.0,0.0,0.0,11.7647,0.0,0.0
archetype_ids,hexed,10,blade_dancer,Blade Dancer,17,0,0.0,21.761,862.4301,-840.6691,-16640.0,0.0,0.0,0.0,0.0,11.7647,0.0,0.0
archetype_ids,spiteful,10,assassin,Assassin,17,0,0.0,23.3132,862.4301,-839.117,-16573.8824,0.0,0.0,0.0,0.0,5.2941,0.0,0.0
archetype_ids,hexed,10,assassin,Assassin,17,0,0.0,23.3132,862.4301,-839.117,-16573.8824,0.0,0.0,0.0,0.0,5.2941,0.0,0.0
archetype_ids,spiteful,10,shadow,Shadow,17,0,0.0,25.7763,862.4301,-836.6538,-16476.3529,0.0,0.0,0.0,0.0,6.8235,0.0,0.0
archetype_ids,hexed,10,shadow,Shadow,17,0,0.0,25.7763,862.4301,-836.6538,-16476.3529,0.0,0.0,0.0,0.0,6.8235,0.0,0.0
archetype_ids,spiteful,10,thief,Thief,17,0,0.0,32.5458,862.4301,-829.8843,-16197.2353,0.0,0.0,0.0,0.0,7.8824,0.0,0.0
archetype_ids,hexed,10,thief,Thief,17,0,0.0,32.5458,862.4301,-829.8843,-16197.2353,0.0,0.0,0.0,0.0,7.8824,0.0,0.0
archetype_ids,fortified,9,thief,Thief,21,0,0.0,9.1554,821.8267,-812.6712,-10652.3333,427.6216,0.0,162.4992,0.0,0.0,0.0,0.0
archetype_ids,aegis,9,thief,Thief,21,0,0.0,9.1554,821.8267,-812.6712,-10652.3333,427.6216,0.0,162.4992,0.0,0.0,0.0,0.0
archetype_ids,aegis,9,blade_dancer,Blade Dancer,21,0,0.0,15.4017,821.8267,-806.425,-10382.1905,629.6502,0.0,231.1219,0.0,0.0,0.0,0.0
archetype_ids,fortified,9,blade_dancer,Blade Dancer,21,0,0.0,15.4017,821.8267,-806.425,-10382.1905,629.6502,0.0,231.1219,0.0,0.0,0.0,0.0
archetype_ids,nullify,9,assassin,Assassin,20,0,0.0,20.3986,825.4469,-805.0484,-15535.15,0.0,356.1386,0.0,0.0,0.0,0.0,0.0
archetype_ids,warded,9,assassin,Assassin,20,0,0.0,20.3986,825.4469,-805.0484,-15535.15,0.0,356.1386,0.0,0.0,0.0,0.0,0.0
archetype_ids,aegis,9,shadow,Shadow,21,0,0.0,17.6491,821.8267,-804.1775,-10294.1905,365.8793,0.0,127.9987,0.0,0.0,0.0,0.0
archetype_ids,fortified,9,shadow,Shadow,21,0,0.0,17.6491,821.8267,-804.1775,-10294.1905,365.8793,0.0,127.9987,0.0,0.0,0.0,0.0
archetype_ids,nullify,9,shadow,Shadow,20,0,0.0,32.8536,825.4469,-792.5933,-15030.55,0.0,177.58,0.0,0.0,0.0,0.0,0.0
archetype_ids,warded,9,shadow,Shadow,20,0,0.0,32.8536,825.4469,-792.5933,-15030.55,0.0,177.58,0.0,0.0,0.0,0.0,0.0
archetype_ids,warded,9,blade_dancer,Blade Dancer,20,0,0.0,39.573,825.4469,-785.8739,-14774.1,0.0,0.0,0.0,0.0,0.0,0.0,0.0
archetype_ids,nullify,9,blade_dancer,Blade Dancer,20,0,0.0,39.573,825.4469,-785.8739,-14774.1,0.0,0.0,0.0,0.0,0.0,0.0,0.0
archetype_ids,nullify,9,thief,Thief,20,0,0.0,40.1121,825.4469,-785.3349,-14740.75,0.0,0.0,0.0,0.0,0.0,0.0,0.0
archetype_ids,warded,9,thief,Thief,20,0,0.0,40.1121,825.4469,-785.3349,-14740.75,0.0,0.0,0.0,0.0,0.0,0.0,0.0
archetype_ids,aegis,9,assassin,Assassin,21,0,0.0,39.3702,821.8267,-782.4564,-9394.1429,228.9262,0.0,105.6107,0.0,0.0,0.0,0.0
archetype_ids,fortified,9,assassin,Assassin,21,0,0.0,39.3702,821.8267,-782.4564,-9394.1429,228.9262,0.0,105.6107,0.0,0.0,0.0,0.0
archetype_ids,devious,9,thief,Thief,20,0,0.0,10.2991,700.9141,-690.615,-16402.8,0.0,0.0,0.0,0.0,2.65,16.05,0.0
archetype_ids,arcane,9,thief,Thief,20,0,0.0,10.2991,700.9141,-690.615,-16402.8,0.0,0.0,0.0,0.0,2.65,16.05,0.0
archetype_ids,devious,9,blade_dancer,Blade Dancer,20,0,0.0,18.75,700.9141,-682.1642,-16013.0,0.0,0.0,0.0,0.0,10.85,0.0,0.0
archetype_ids,arcane,9,blade_dancer,Blade Dancer,20,0,0.0,18.75,700.9141,-682.1642,-16013.0,0.0,0.0,0.0,0.0,10.85,0.0,0.0
archetype_ids,devious,9,assassin,Assassin,20,0,0.0,23.4557,700.9141,-677.4584,-15806.15,0.0,0.0,0.0,0.0,2.8,7.05,0.0
archetype_ids,arcane,9,assassin,Assassin,20,0,0.0,23.4557,700.9141,-677.4584,-15806.15,0.0,0.0,0.0,0.0,2.8,7.05,0.0
archetype_ids,devious,9,shadow,Shadow,20,0,0.0,25.1149,700.9141,-675.7992,-15719.9,0.0,0.0,0.0,0.0,6.15,0.0,0.0
archetype_ids,arcane,9,shadow,Shadow,20,0,0.0,25.1149,700.9141,-675.7992,-15719.9,0.0,0.0,0.0,0.0,6.15,0.0,0.0
archetype_ids,spiteful,9,assassin,Assassin,19,0,0.0,23.2683,681.1886,-657.9203,-12500.5789,0.0,0.0,0.0,0.0,5.3158,0.0,0.0
archetype_ids,hexed,9,assassin,Assassin,19,0,0.0,23.2683,681.1886,-657.9203,-12500.5789,0.0,0.0,0.0,0.0,5.3158,0.0,0.0
archetype_ids,spiteful,9,blade_dancer,Blade Dancer,19,0,0.0,23.5202,681.1886,-657.6684,-12491.9474,0.0,0.0,0.0,0.0,12.1053,0.0,0.0
archetype_ids,hexed,9,blade_dancer,Blade Dancer,19,0,0.0,23.5202,681.1886,-657.6684,-12491.9474,0.0,0.0,0.0,0.0,12.1053,0.0,0.0
archetype_ids,spiteful,9,shadow,Shadow,19,0,0.0,24.6771,681.1886,-656.5115,-12439.5263,0.0,0.0,0.0,0.0,6.7368,0.0,0.0
archetype_ids,hexed,9,shadow,Shadow,19,0,0.0,24.6771,681.1886,-656.5115,-12439.5263,0.0,0.0,0.0,0.0,6.7368,0.0,0.0
archetype_ids,hexed,9,thief,Thief,19,0,0.0,31.7339,681.1886,-649.4547,-12154.0,0.0,0.0,0.0,0.0,7.8421,0.0,0.0
archetype_ids,spiteful,9,thief,Thief,19,0,0.0,31.7339,681.1886,-649.4547,-12154.0,0.0,0.0,0.0,0.0,7.8421,0.0,0.0
archetype_ids,aegis,8,thief,Thief,21,0,0.0,10.8113,463.2768,-452.4655,-6045.4286,370.4864,0.0,170.481,0.0,0.0,0.0,0.0
archetype_ids,fortified,8,thief,Thief,21,0,0.0,10.8113,463.2768,-452.4655,-6045.4286,370.4864,0.0,170.481,0.0,0.0,0.0,0.0
archetype_ids,warded,8,assassin,Assassin,20,0,0.0,24.1688,473.6068,-449.438,-10110.4,0.0,365.3,0.0,0.0,0.0,0.0,0.0
archetype_ids,nullify,8,assassin,Assassin,20,0,0.0,24.1688,473.6068,-449.438,-10110.4,0.0,365.3,0.0,0.0,0.0,0.0,0.0
archetype_ids,aegis,8,blade_dancer,Blade Dancer,21,0,0.0,18.201,463.2768,-445.0758,-5716.4762,545.3089,0.0,263.0217,0.0,0.0,0.0,0.0
archetype_ids,fortified,8,blade_dancer,Blade Dancer,21,0,0.0,18.201,463.2768,-445.0758,-5716.4762,545.3089,0.0,263.0217,0.0,0.0,0.0,0.0
archetype_ids,aegis,8,shadow,Shadow,21,0,0.0,19.2706,463.2768,-444.0063,-5680.1905,317.6102,0.0,156.023,0.0,0.0,0.0,0.0
archetype_ids,fortified,8,shadow,Shadow,21,0,0.0,19.2706,463.2768,-444.0063,-5680.1905,317.6102,0.0,156.023,0.0,0.0,0.0,0.0
archetype_ids,warded,8,shadow,Shadow,20,0,0.0,33.7667,473.6068,-439.8401,-9664.8,0.0,242.6265,0.0,0.0,0.0,0.0,0.0
archetype_ids,nullify,8,shadow,Shadow,20,0,0.0,33.7667,473.6068,-439.8401,-9664.8,0.0,242.6265,0.0,0.0,0.0,0.0,0.0
archetype_ids,nullify,8,blade_dancer,Blade Dancer,20,0,0.0,38.934,473.6068,-434.6728,-9424.7,0.0,0.0,0.0,0.0,0.0,0.0,0.0
archetype_ids,warded,8,blade_dancer,Blade Dancer,20,0,0.0,38.934,473.6068,-434.6728,-9424.7,0.0,0.0,0.0,0.0,0.0,0.0,0.0
archetype_ids,warded,8,thief,Thief,20,0,0.0,39.7676,473.6068,-433.8392,-9406.8,0.0,0.0,0.0,0.0,0.0,0.0,0.0
archetype_ids,nullify,8,thief,Thief,20,0,0.0,39.7676,473.6068,-433.8392,-9406.8,0.0,0.0,0.0,0.0,0.0,0.0,0.0
archetype_ids,fortified,8,assassin,Assassin,21,0,0.0,40.1284,463.2768,-423.1484,-4785.5238,199.4557,0.0,116.8073,0.0,0.0,0.0,0.0
archetype_ids,aegis,8,assassin,Assassin,21,0,0.0,40.1284,463.2768,-423.1484,-4785.5238,199.4557,0.0,116.8073,0.0,0.0,0.0,0.0
archetype_ids,arcane,8,thief,Thief,18,0,0.0,9.9539,415.9372,-405.9833,-9655.8333,0.0,0.0,0.0,0.0,2.4444,16.3333,0.0
archetype_ids,devious,8,thief,Thief,18,0,0.0,9.9539,415.9372,-405.9833,-9655.8333,0.0,0.0,0.0,0.0,2.4444,16.3333,0.0
archetype_ids,devious,8,blade_dancer,Blade Dancer,18,0,0.0,19.6671,415.9372,-396.2701,-9223.5,0.0,0.0,0.0,0.0,10.6667,0.0,0.0
archetype_ids,arcane,8,blade_dancer,Blade Dancer,18,0,0.0,19.6671,415.9372,-396.2701,-9223.5,0.0,0.0,0.0,0.0,10.6667,0.0,0.0
archetype_ids,arcane,8,assassin,Assassin,18,0,0.0,24.385,415.9372,-391.5521,-9029.2778,0.0,0.0,0.0,0.0,2.6111,7.3333,0.0
archetype_ids,devious,8,assassin,Assassin,18,0,0.0,24.385,415.9372,-391.5521,-9029.2778,0.0,0.0,0.0,0.0,2.6111,7.3333,0.0
archetype_ids,spiteful,8,blade_dancer,Blade Dancer,21,0,0.0,23.0454,414.4121,-391.3668,-7706.4286,0.0,0.0,0.0,0.0,10.619,0.0,0.0
archetype_ids,hexed,8,blade_dancer,Blade Dancer,21,0,0.0,23.0454,414.4121,-391.3668,-7706.4286,0.0,0.0,0.0,0.0,10.619,0.0,0.0
archetype_ids,spiteful,8,assassin,Assassin,21,0,0.0,24.0353,414.4121,-390.3768,-7659.5238,0.0,0.0,0.0,0.0,4.7619,0.0,0.0
archetype_ids,hexed,8,assassin,Assassin,21,0,0.0,24.0353,414.4121,-390.3768,-7659.5238,0.0,0.0,0.0,0.0,4.7619,0.0,0.0
archetype_ids,devious,8,shadow,Shadow,18,0,0.0,26.8621,415.9372,-389.0751,-8905.8333,0.0,0.0,0.0,0.0,5.8889,0.0,0.0
archetype_ids,arcane,8,shadow,Shadow,18,0,0.0,26.8621,415.9372,-389.0751,-8905.8333,0.0,0.0,0.0,0.0,5.8889,0.0,0.0
archetype_ids,spiteful,8,shadow,Shadow,21,0,0.0,25.9304,414.4121,-388.4818,-7577.6667,0.0,0.0,0.0,0.0,6.0476,0.0,0.0
archetype_ids,hexed,8,shadow,Shadow,21,0,0.0,25.9304,414.4121,-388.4818,-7577.6667,0.0,0.0,0.0,0.0,6.0476,0.0,0.0
archetype_ids,spiteful,8,thief,Thief,21,0,0.0,32.8651,414.4121,-381.547,-7285.2381,0.0,0.0,0.0,0.0,7.1905,0.0,0.0
archetype_ids,hexed,8,thief,Thief,21,0,0.0,32.8651,414.4121,-381.547,-7285.2381,0.0,0.0,0.0,0.0,7.1905,0.0,0.0
archetype_ids,aegis,7,thief,Thief,18,0,0.0,11.0083,383.7957,-372.7874,-4564.1667,344.5375,0.0,140.9353,0.0,0.0,0.0,0.0
archetype_ids,fortified,7,thief,Thief,18,0,0.0,11.0083,383.7957,-372.7874,-4564.1667,344.5375,0.0,140.9353,0.0,0.0,0.0,0.0
archetype_ids,aegis,7,blade_dancer,Blade Dancer,18,0,0.0,18.021,383.7957,-365.7747,-4279.8333,514.7424,0.0,220.9134,0.0,0.0,0.0,0.0
archetype_ids,fortified,7,blade_dancer,Blade Dancer,18,0,0.0,18.021,383.7957,-365.7747,-4279.8333,514.7424,0.0,220.9134,0.0,0.0,0.0,0.0
archetype_ids,aegis,7,shadow,Shadow,18,0,0.0,19.2034,383.7957,-364.5923,-4234.2222,294.4763,0.0,165.1271,0.0,0.0,0.0,0.0
archetype_ids,fortified,7,shadow,Shadow,18,0,0.0,19.2034,383.7957,-364.5923,-4234.2222,294.4763,0.0,165.1271,0.0,0.0,0.0,0.0
archetype_ids,aegis,7,assassin,Assassin,18,0,0.0,40.2917,383.7957,-343.504,-3395.9444,189.2884,0.0,86.8354,0.0,0.0,0.0,0.0
archetype_ids,fortified,7,assassin,Assassin,18,0,0.0,40.2917,383.7957,-343.504,-3395.9444,189.2884,0.0,86.8354,0.0,0.0,0.0,0.0
archetype_ids,warded,7,assassin,Assassin,25,0,0.0,24.8552,362.8091,-337.9539,-7870.44,0.0,334.52,0.0,0.0,0.0,0.0,0.0
archetype_ids,nullify,7,assassin,Assassin,25,0,0.0,24.8552,362.8091,-337.9539,-7870.44,0.0,334.52,0.0,0.0,0.0,0.0,0.0
archetype_ids,warded,7,shadow,Shadow,25,0,0.0,33.568,362.8091,-329.2411,-7455.04,0.0,237.3336,0.0,0.0,0.0,0.0,0.0
archetype_ids,nullify,7,shadow,Shadow,25,0,0.0,33.568,362.8091,-329.2411,-7455.04,0.0,237.3336,0.0,0.0,0.0,0.0,0.0
archetype_ids,warded,7,blade_dancer,Blade Dancer,25,0,0.0,39.8154,362.8091,-322.9937,-7170.16,0.0,0.0,0.0,0.0,0.0,0.0,0.0
archetype_ids,nullify,7,blade_dancer,Blade Dancer,25,0,0.0,39.8154,362.8091,-322.9937,-7170.16,0.0,0.0,0.0,0.0,0.0,0.0,0.0
archetype_ids,warded,7,thief,Thief,25,0,0.0,40.2328,362.8091,-322.5763,-7151.2,0.0,0.0,0.0,0.0,0.0,0.0,0.0
archetype_ids,nullify,7,thief,Thief,25,0,0.0,40.2328,362.8091,-322.5763,-7151.2,0.0,0.0,0.0,0.0,0.0,0.0,0.0
archetype_ids,arcane,7,thief,Thief,18,0,0.0,10.8908,309.9704,-299.0796,-6585.6111,0.0,0.0,0.0,0.0,2.0,14.5556,0.0
archetype_ids,devious,7,thief,Thief,18,0,0.0,10.8908,309.9704,-299.0796,-6585.6111,0.0,0.0,0.0,0.0,2.0,14.5556,0.0
archetype_ids,hexed,7,blade_dancer,Blade Dancer,19,0,0.0,22.0851,314.8626,-292.7774,-6000.3158,0.0,0.0,0.0,0.0,11.5789,0.0,0.0
archetype_ids,spiteful,7,blade_dancer,Blade Dancer,19,0,0.0,22.0851,314.8626,-292.7774,-6000.3158,0.0,0.0,0.0,0.0,11.5789,0.0,0.0
archetype_ids,hexed,7,assassin,Assassin,19,0,0.0,23.6469,314.8626,-291.2157,-5924.0,0.0,0.0,0.0,0.0,5.3158,0.0,0.0
archetype_ids,spiteful,7,assassin,Assassin,19,0,0.0,23.6469,314.8626,-291.2157,-5924.0,0.0,0.0,0.0,0.0,5.3158,0.0,0.0
archetype_ids,arcane,7,blade_dancer,Blade Dancer,18,0,0.0,19.2363,309.9704,-290.7341,-6232.0556,0.0,0.0,0.0,0.0,8.3889,0.0,0.0
archetype_ids,devious,7,blade_dancer,Blade Dancer,18,0,0.0,19.2363,309.9704,-290.7341,-6232.0556,0.0,0.0,0.0,0.0,8.3889,0.0,0.0
archetype_ids,spiteful,7,shadow,Shadow,19,0,0.0,25.8829,314.8626,-288.9797,-5825.3158,0.0,0.0,0.0,0.0,6.6842,0.0,0.0
archetype_ids,hexed,7,shadow,Shadow,19,0,0.0,25.8829,314.8626,-288.9797,-5825.3158,0.0,0.0,0.0,0.0,6.6842,0.0,0.0
archetype_ids,devious,7,assassin,Assassin,18,0,0.0,25.6474,309.9704,-284.323,-5968.7222,0.0,0.0,0.0,0.0,2.1111,6.6111,0.0
archetype_ids,arcane,7,assassin,Assassin,18,0,0.0,25.6474,309.9704,-284.323,-5968.7222,0.0,0.0,0.0,0.0,2.1111,6.6111,0.0
archetype_ids,spiteful,7,thief,Thief,19,0,0.0,31.1658,314.8626,-283.6968,-5591.9474,0.0,0.0,0.0,0.0,7.7368,0.0,0.0
archetype_ids,hexed,7,thief,Thief,19,0,0.0,31.1658,314.8626,-283.6968,-5591.9474,0.0,0.0,0.0,0.0,7.7368,0.0,0.0
archetype_ids,devious,7,shadow,Shadow,18,0,0.0,26.3547,309.9704,-283.6156,-5945.3333,0.0,0.0,0.0,0.0,4.6667,0.0,0.0
archetype_ids,arcane,7,shadow,Shadow,18,0,0.0,26.3547,309.9704,-283.6156,-5945.3333,0.0,0.0,0.0,0.0,4.6667,0.0,0.0
archetype_ids,aegis,6,thief,Thief,25,0,0.0,10.6949,271.955,-261.2601,-3574.96,403.6778,0.0,174.3078,0.0,0.0,0.0,0.0
archetype_ids,fortified,6,thief,Thief,25,0,0.0,10.6949,271.955,-261.2601,-3574.96,403.6778,0.0,174.3078,0.0,0.0,0.0,0.0
archetype_ids,aegis,6,blade_dancer,Blade Dancer,25,0,0.0,18.6611,271.955,-253.2939,-3207.12,609.0795,0.0,262.6884,0.0,0.0,0.0,0.0
archetype_ids,fortified,6,blade_dancer,Blade Dancer,25,0,0.0,18.6611,271.955,-253.2939,-3207.12,609.0795,0.0,262.6884,0.0,0.0,0.0,0.0
archetype_ids,aegis,6,shadow,Shadow,25,0,0.0,18.8357,271.955,-253.1193,-3199.2,347.8804,0.0,166.1071,0.0,0.0,0.0,0.0
archetype_ids,fortified,6,shadow,Shadow,25,0,0.0,18.8357,271.955,-253.1193,-3199.2,347.8804,0.0,166.1071,0.0,0.0,0.0,0.0
archetype_ids,warded,6,assassin,Assassin,16,0,0.0,25.0522,268.0316,-242.9794,-5487.4375,0.0,334.4375,0.0,0.0,0.0,0.0,0.0
archetype_ids,nullify,6,assassin,Assassin,16,0,0.0,25.0522,268.0316,-242.9794,-5487.4375,0.0,334.4375,0.0,0.0,0.0,0.0,0.0
archetype_ids,warded,6,shadow,Shadow,16,0,0.0,33.2899,268.0316,-234.7417,-5082.8125,0.0,241.4375,0.0,0.0,0.0,0.0,0.0
archetype_ids,nullify,6,shadow,Shadow,16,0,0.0,33.2899,268.0316,-234.7417,-5082.8125,0.0,241.4375,0.0,0.0,0.0,0.0,0.0
archetype_ids,aegis,6,assassin,Assassin,25,0,0.0,40.0962,271.955,-231.8588,-2239.84,220.4727,0.0,99.8675,0.0,0.0,0.0,0.0
archetype_ids,fortified,6,assassin,Assassin,25,0,0.0,40.0962,271.955,-231.8588,-2239.84,220.4727,0.0,99.8675,0.0,0.0,0.0,0.0
archetype_ids,nullify,6,blade_dancer,Blade Dancer,16,0,0.0,38.4841,268.0316,-229.5475,-4848.625,0.0,0.0,0.0,0.0,0.0,0.0,0.0
archetype_ids,warded,6,blade_dancer,Blade Dancer,16,0,0.0,38.4841,268.0316,-229.5475,-4848.625,0.0,0.0,0.0,0.0,0.0,0.0,0.0
archetype_ids,warded,6,thief,Thief,16,0,0.0,40.2172,268.0316,-227.8144,-4772.625,0.0,0.0,0.0,0.0,0.0,0.0,0.0
archetype_ids,nullify,6,thief,Thief,16,0,0.0,40.2172,268.0316,-227.8144,-4772.625,0.0,0.0,0.0,0.0,0.0,0.0,0.0
archetype_ids,devious,6,thief,Thief,29,0,0.0,10.3928,231.729,-221.3362,-5093.1724,0.0,0.0,0.0,0.0,2.2414,15.7931,0.0
archetype_ids,arcane,6,thief,Thief,29,0,0.0,10.3928,231.729,-221.3362,-5093.1724,0.0,0.0,0.0,0.0,2.2414,15.7931,0.0
archetype_ids,arcane,6,blade_dancer,Blade Dancer,29,0,0.0,19.0959,231.729,-212.6331,-4700.5172,0.0,0.0,0.0,0.0,9.5517,0.0,0.0
archetype_ids,devious,6,blade_dancer,Blade Dancer,29,0,0.0,19.0959,231.729,-212.6331,-4700.5172,0.0,0.0,0.0,0.0,9.5517,0.0,0.0
archetype_ids,arcane,6,assassin,Assassin,29,0,0.0,25.9323,231.729,-205.7967,-4384.6207,0.0,0.0,0.0,0.0,2.4138,7.069,0.0
archetype_ids,devious,6,assassin,Assassin,29,0,0.0,25.9323,231.729,-205.7967,-4384.6207,0.0,0.0,0.0,0.0,2.4138,7.069,0.0
archetype_ids,arcane,6,shadow,Shadow,29,0,0.0,26.0898,231.729,-205.6392,-4386.2759,0.0,0.0,0.0,0.0,5.4138,0.0,0.0
archetype_ids,devious,6,shadow,Shadow,29,0,0.0,26.0898,231.729,-205.6392,-4386.2759,0.0,0.0,0.0,0.0,5.4138,0.0,0.0
archetype_ids,spiteful,6,blade_dancer,Blade Dancer,10,0,0.0,22.7324,228.3091,-205.5766,-4045.1,0.0,0.0,0.0,0.0,11.1,0.0,0.0
archetype_ids,hexed,6,blade_dancer,Blade Dancer,10,0,0.0,22.7324,228.3091,-205.5766,-4045.1,0.0,0.0,0.0,0.0,11.1,0.0,0.0
archetype_ids,spiteful,6,assassin,Assassin,10,0,0.0,24.6857,228.3091,-203.6233,-3928.9,0.0,0.0,0.0,0.0,5.1,0.0,0.0
archetype_ids,hexed,6,assassin,Assassin,10,0,0.0,24.6857,228.3091,-203.6233,-3928.9,0.0,0.0,0.0,0.0,5.1,0.0,0.0
archetype_ids,spiteful,6,shadow,Shadow,10,0,0.0,26.1496,228.3091,-202.1594,-3890.2,0.0,0.0,0.0,0.0,6.5,0.0,0.0
archetype_ids,hexed,6,shadow,Shadow,10,0,0.0,26.1496,228.3091,-202.1594,-3890.2,0.0,0.0,0.0,0.0,6.5,0.0,0.0
archetype_ids,spiteful,6,thief,Thief,10,0,0.0,31.4835,228.3091,-196.8255,-3663.7,0.0,0.0,0.0,0.0,7.5,0.0,0.0
archetype_ids,hexed,6,thief,Thief,10,0,0.0,31.4835,228.3091,-196.8255,-3663.7,0.0,0.0,0.0,0.0,7.5,0.0,0.0
archetype_ids,fortified,5,thief,Thief,18,0,0.0,10.6841,194.3294,-183.6453,-2156.3333,344.8982,0.0,149.6868,0.0,0.0,0.0,0.0
archetype_ids,aegis,5,thief,Thief,18,0,0.0,10.6841,194.3294,-183.6453,-2156.3333,344.8982,0.0,149.6868,0.0,0.0,0.0,0.0
archetype_ids,aegis,5,blade_dancer,Blade Dancer,18,0,0.0,17.9183,194.3294,-176.4111,-1857.2222,513.2822,0.0,233.7436,0.0,0.0,0.0,0.0
archetype_ids,fortified,5,blade_dancer,Blade Dancer,18,0,0.0,17.9183,194.3294,-176.4111,-1857.2222,513.2822,0.0,233.7436,0.0,0.0,0.0,0.0
archetype_ids,aegis,5,shadow,Shadow,18,0,0.0,18.835,194.3294,-175.4944,-1827.5556,295.1143,0.0,172.6554,0.0,0.0,0.0,0.0
archetype_ids,fortified,5,shadow,Shadow,18,0,0.0,18.835,194.3294,-175.4944,-1827.5556,295.1143,0.0,172.6554,0.0,0.0,0.0,0.0
archetype_ids,nullify,5,assassin,Assassin,21,0,0.0,24.4946,191.0266,-166.532,-3398.0476,0.0,342.7619,0.0,0.0,0.0,0.0,0.0
archetype_ids,warded,5,assassin,Assassin,21,0,0.0,24.4946,191.0266,-166.532,-3398.0476,0.0,342.7619,0.0,0.0,0.0,0.0,0.0
archetype_ids,arcane,5,thief,Thief,18,0,0.0,11.0797,172.9057,-161.826,-3624.0,0.0,0.0,0.0,0.0,2.1667,15.5556,0.0
archetype_ids,devious,5,thief,Thief,18,0,0.0,11.0797,172.9057,-161.826,-3624.0,0.0,0.0,0.0,0.0,2.1667,15.5556,0.0
archetype_ids,warded,5,shadow,Shadow,21,0,0.0,33.174,191.0266,-157.8526,-2995.9048,0.0,236.5876,0.0,0.0,0.0,0.0,0.0
archetype_ids,nullify,5,shadow,Shadow,21,0,0.0,33.174,191.0266,-157.8526,-2995.9048,0.0,236.5876,0.0,0.0,0.0,0.0,0.0
archetype_ids,aegis,5,assassin,Assassin,18,0,0.0,39.9471,194.3294,-154.3823,-982.1111,186.1406,0.0,125.9124,0.0,0.0,0.0,0.0
archetype_ids,fortified,5,assassin,Assassin,18,0,0.0,39.9471,194.3294,-154.3823,-982.1111,186.1406,0.0,125.9124,0.0,0.0,0.0,0.0
archetype_ids,devious,5,blade_dancer,Blade Dancer,18,0,0.0,20.0295,172.9057,-152.8762,-3237.2778,0.0,0.0,0.0,0.0,9.0556,0.0,0.0
archetype_ids,arcane,5,blade_dancer,Blade Dancer,18,0,0.0,20.0295,172.9057,-152.8762,-3237.2778,0.0,0.0,0.0,0.0,9.0556,0.0,0.0
archetype_ids,warded,5,blade_dancer,Blade Dancer,21,0,0.0,38.6937,191.0266,-152.3329,-2762.8095,0.0,0.0,0.0,0.0,0.0,0.0,0.0
archetype_ids,nullify,5,blade_dancer,Blade Dancer,21,0,0.0,38.6937,191.0266,-152.3329,-2762.8095,0.0,0.0,0.0,0.0,0.0,0.0,0.0
archetype_ids,warded,5,thief,Thief,21,0,0.0,39.8349,191.0266,-151.1917,-2707.2381,0.0,0.0,0.0,0.0,0.0,0.0,0.0
archetype_ids,nullify,5,thief,Thief,21,0,0.0,39.8349,191.0266,-151.1917,-2707.2381,0.0,0.0,0.0,0.0,0.0,0.0,0.0
archetype_ids,devious,5,shadow,Shadow,18,0,0.0,26.2884,172.9057,-146.6174,-2963.3889,0.0,0.0,0.0,0.0,5.1111,0.0,0.0
archetype_ids,arcane,5,shadow,Shadow,18,0,0.0,26.2884,172.9057,-146.6174,-2963.3889,0.0,0.0,0.0,0.0,5.1111,0.0,0.0
archetype_ids,devious,5,assassin,Assassin,18,0,0.0,27.0779,172.9057,-145.8278,-2934.7778,0.0,0.0,0.0,0.0,2.2222,6.8889,0.0
archetype_ids,arcane,5,assassin,Assassin,18,0,0.0,27.0779,172.9057,-145.8278,-2934.7778,0.0,0.0,0.0,0.0,2.2222,6.8889,0.0
archetype_ids,fortified,4,thief,Thief,13,0,0.0,10.5236,155.2534,-144.7298,-1771.4615,395.1145,0.0,185.5297,0.0,0.0,0.0,0.0
archetype_ids,aegis,4,thief,Thief,13,0,0.0,10.5236,155.2534,-144.7298,-1771.4615,395.1145,0.0,185.5297,0.0,0.0,0.0,0.0
archetype_ids,hexed,5,blade_dancer,Blade Dancer,23,0,0.0,23.1199,166.085,-142.9652,-2785.5217,0.0,0.0,0.0,0.0,11.4348,0.0,0.0
archetype_ids,spiteful,5,blade_dancer,Blade Dancer,23,0,0.0,23.1199,166.085,-142.9652,-2785.5217,0.0,0.0,0.0,0.0,11.4348,0.0,0.0
archetype_ids,hexed,5,assassin,Assassin,23,0,0.0,26.2733,166.085,-139.8118,-2663.5217,0.0,0.0,0.0,0.0,4.9565,0.0,0.0
archetype_ids,spiteful,5,assassin,Assassin,23,0,0.0,26.2733,166.085,-139.8118,-2663.5217,0.0,0.0,0.0,0.0,4.9565,0.0,0.0
archetype_ids,hexed,5,shadow,Shadow,23,0,0.0,27.2639,166.085,-138.8212,-2602.1739,0.0,0.0,0.0,0.0,6.3913,0.0,0.0
archetype_ids,spiteful,5,shadow,Shadow,23,0,0.0,27.2639,166.085,-138.8212,-2602.1739,0.0,0.0,0.0,0.0,6.3913,0.0,0.0
archetype_ids,fortified,4,blade_dancer,Blade Dancer,13,0,0.0,18.0181,155.2534,-137.2353,-1425.2308,589.0183,0.0,295.7599,0.0,0.0,0.0,0.0
archetype_ids,aegis,4,blade_dancer,Blade Dancer,13,0,0.0,18.0181,155.2534,-137.2353,-1425.2308,589.0183,0.0,295.7599,0.0,0.0,0.0,0.0
archetype_ids,aegis,4,shadow,Shadow,13,0,0.0,18.731,155.2534,-136.5223,-1399.3846,337.3233,0.0,206.3663,0.0,0.0,0.0,0.0
archetype_ids,fortified,4,shadow,Shadow,13,0,0.0,18.731,155.2534,-136.5223,-1399.3846,337.3233,0.0,206.3663,0.0,0.0,0.0,0.0
archetype_ids,hexed,5,thief,Thief,23,0,0.0,32.1272,166.085,-133.9578,-2382.0435,0.0,0.0,0.0,0.0,7.3913,0.0,0.0
archetype_ids,spiteful,5,thief,Thief,23,0,0.0,32.1272,166.085,-133.9578,-2382.0435,0.0,0.0,0.0,0.0,7.3913,0.0,0.0
archetype_ids,nullify,4,assassin,Assassin,28,0,0.0,23.9487,152.5692,-128.6205,-2395.75,0.0,324.25,0.0,0.0,0.0,0.0,0.0
archetype_ids,warded,4,assassin,Assassin,28,0,0.0,23.9487,152.5692,-128.6205,-2395.75,0.0,324.25,0.0,0.0,0.0,0.0,0.0
archetype_ids,devious,4,thief,Thief,25,0,0.0,10.5548,130.4836,-119.9288,-2454.68,0.0,0.0,0.0,0.0,2.2,14.76,0.0
archetype_ids,arcane,4,thief,Thief,25,0,0.0,10.5548,130.4836,-119.9288,-2454.68,0.0,0.0,0.0,0.0,2.2,14.76,0.0
archetype_ids,warded,4,shadow,Shadow,28,0,0.0,32.7325,152.5692,-119.8368,-1997.4643,0.0,214.9675,0.0,0.0,0.0,0.0,0.0
archetype_ids,nullify,4,shadow,Shadow,28,0,0.0,32.7325,152.5692,-119.8368,-1997.4643,0.0,214.9675,0.0,0.0,0.0,0.0,0.0
archetype_ids,fortified,4,assassin,Assassin,13,0,0.0,40.0144,155.2534,-115.239,-459.6154,214.9995,0.0,96.7042,0.0,0.0,0.0,0.0
archetype_ids,aegis,4,assassin,Assassin,13,0,0.0,40.0144,155.2534,-115.239,-459.6154,214.9995,0.0,96.7042,0.0,0.0,0.0,0.0
archetype_ids,warded,4,blade_dancer,Blade Dancer,28,0,0.0,37.8944,152.5692,-114.6748,-1776.6786,0.0,0.0,0.0,0.0,0.0,0.0,0.0
archetype_ids,nullify,4,blade_dancer,Blade Dancer,28,0,0.0,37.8944,152.5692,-114.6748,-1776.6786,0.0,0.0,0.0,0.0,0.0,0.0,0.0
archetype_ids,warded,4,thief,Thief,28,0,0.0,39.4972,152.5692,-113.072,-1714.7857,0.0,0.0,0.0,0.0,0.0,0.0,0.0
archetype_ids,nullify,4,thief,Thief,28,0,0.0,39.4972,152.5692,-113.072,-1714.7857,0.0,0.0,0.0,0.0,0.0,0.0,0.0
archetype_ids,devious,4,blade_dancer,Blade Dancer,25,0,0.0,19.012,130.4836,-111.4716,-2120.2,0.0,0.0,0.0,0.0,9.28,0.0,0.0
archetype_ids,arcane,4,blade_dancer,Blade Dancer,25,0,0.0,19.012,130.4836,-111.4716,-2120.2,0.0,0.0,0.0,0.0,9.28,0.0,0.0
archetype_ids,hexed,4,assassin,Assassin,14,0,0.0,22.702,130.7929,-108.0909,-1843.9286,0.0,0.0,0.0,0.0,5.2143,0.0,0.0
archetype_ids,spiteful,4,assassin,Assassin,14,0,0.0,22.702,130.7929,-108.0909,-1843.9286,0.0,0.0,0.0,0.0,5.2143,0.0,0.0
archetype_ids,hexed,4,blade_dancer,Blade Dancer,14,0,0.0,23.0371,130.7929,-107.7558,-1840.4286,0.0,0.0,0.0,0.0,11.9286,0.0,0.0
archetype_ids,spiteful,4,blade_dancer,Blade Dancer,14,0,0.0,23.0371,130.7929,-107.7558,-1840.4286,0.0,0.0,0.0,0.0,11.9286,0.0,0.0
archetype_ids,hexed,4,shadow,Shadow,14,0,0.0,25.3544,130.7929,-105.4385,-1732.7143,0.0,0.0,0.0,0.0,6.8571,0.0,0.0
archetype_ids,spiteful,4,shadow,Shadow,14,0,0.0,25.3544,130.7929,-105.4385,-1732.7143,0.0,0.0,0.0,0.0,6.8571,0.0,0.0
archetype_ids,devious,4,assassin,Assassin,25,0,0.0,25.26,130.4836,-105.2236,-1868.04,0.0,0.0,0.0,0.0,2.4,6.56,0.0
archetype_ids,arcane,4,assassin,Assassin,25,0,0.0,25.26,130.4836,-105.2236,-1868.04,0.0,0.0,0.0,0.0,2.4,6.56,0.0
archetype_ids,arcane,4,shadow,Shadow,25,0,0.0,25.5884,130.4836,-104.8952,-1849.28,0.0,0.0,0.0,0.0,5.24,0.0,0.0
archetype_ids,devious,4,shadow,Shadow,25,0,0.0,25.5884,130.4836,-104.8952,-1849.28,0.0,0.0,0.0,0.0,5.24,0.0,0.0
archetype_ids,spiteful,4,thief,Thief,14,0,0.0,31.8281,130.7929,-98.9648,-1449.5,0.0,0.0,0.0,0.0,7.7857,0.0,0.0
archetype_ids,hexed,4,thief,Thief,14,0,0.0,31.8281,130.7929,-98.9648,-1449.5,0.0,0.0,0.0,0.0,7.7857,0.0,0.0
archetype_ids,fortified,3,thief,Thief,24,0,0.0,15.7666,79.0772,-63.3106,-648.6667,338.875,0.0,0.0,0.0,0.0,0.0,0.0
archetype_ids,aegis,3,thief,Thief,24,0,0.0,15.7666,79.0772,-63.3106,-648.6667,338.875,0.0,0.0,0.0,0.0,0.0,0.0
archetype_ids,devious,3,thief,Thief,18,0,0.0,12.5716,70.8986,-58.327,-1808.9444,0.0,0.0,0.0,0.0,2.2222,18.2222,0.0
archetype_ids,arcane,3,thief,Thief,18,0,0.0,12.5716,70.8986,-58.327,-1808.9444,0.0,0.0,0.0,0.0,2.2222,18.2222,0.0
archetype_ids,aegis,3,shadow,Shadow,24,0,0.0,23.128,79.0772,-55.9493,-319.7917,293.8333,0.0,0.0,0.0,0.0,0.0,0.0
archetype_ids,fortified,3,shadow,Shadow,24,0,0.0,23.128,79.0772,-55.9493,-319.7917,293.8333,0.0,0.0,0.0,0.0,0.0,0.0
archetype_ids,fortified,3,blade_dancer,Blade Dancer,24,0,0.0,24.9946,79.0772,-54.0826,-227.4583,504.6667,0.0,0.0,0.0,0.0,0.0,0.0
archetype_ids,aegis,3,blade_dancer,Blade Dancer,24,0,0.0,24.9946,79.0772,-54.0826,-227.4583,504.6667,0.0,0.0,0.0,0.0,0.0,0.0
archetype_ids,warded,3,assassin,Assassin,16,0,0.0,30.8522,81.5598,-50.7076,-682.125,0.0,200.8125,0.0,0.0,0.0,0.0,0.0
archetype_ids,nullify,3,assassin,Assassin,16,0,0.0,30.8522,81.5598,-50.7076,-682.125,0.0,200.8125,0.0,0.0,0.0,0.0,0.0
archetype_ids,arcane,3,blade_dancer,Blade Dancer,18,0,0.0,21.9194,70.8986,-48.9792,-1382.5,0.0,0.0,0.0,0.0,9.5556,0.0,0.0
archetype_ids,devious,3,blade_dancer,Blade Dancer,18,0,0.0,21.9194,70.8986,-48.9792,-1382.5,0.0,0.0,0.0,0.0,9.5556,0.0,0.0
archetype_ids,nullify,3,shadow,Shadow,16,0,0.0,33.6683,81.5598,-47.8915,-564.375,0.0,198.25,0.0,0.0,0.0,0.0,0.0
archetype_ids,warded,3,shadow,Shadow,16,0,0.0,33.6683,81.5598,-47.8915,-564.375,0.0,198.25,0.0,0.0,0.0,0.0,0.0
archetype_ids,spiteful,3,blade_dancer,Blade Dancer,22,0,0.0,23.6692,69.4145,-45.7453,-923.5909,0.0,0.0,0.0,0.0,10.1364,0.0,0.0
archetype_ids,hexed,3,blade_dancer,Blade Dancer,22,0,0.0,23.6692,69.4145,-45.7453,-923.5909,0.0,0.0,0.0,0.0,10.1364,0.0,0.0
archetype_ids,fortified,2,thief,Thief,15,0,0.0,16.4997,60.3282,-43.8285,-311.3333,317.7333,0.0,0.0,0.0,0.0,0.0,0.0
archetype_ids,aegis,2,thief,Thief,15,0,0.0,16.4997,60.3282,-43.8285,-311.3333,317.7333,0.0,0.0,0.0,0.0,0.0,0.0
archetype_ids,nullify,3,blade_dancer,Blade Dancer,16,0,0.0,39.085,81.5598,-42.4748,-340.375,0.0,0.0,0.0,0.0,0.0,0.0,0.0
archetype_ids,warded,3,blade_dancer,Blade Dancer,16,0,0.0,39.085,81.5598,-42.4748,-340.375,0.0,0.0,0.0,0.0,0.0,0.0,0.0
archetype_ids,warded,3,thief,Thief,16,0,0.0,39.1844,81.5598,-42.3753,-345.9375,0.0,0.0,0.0,0.0,0.0,0.0,0.0
archetype_ids,nullify,3,thief,Thief,16,0,0.0,39.1844,81.5598,-42.3753,-345.9375,0.0,0.0,0.0,0.0,0.0,0.0,0.0
archetype_ids,devious,3,assassin,Assassin,18,0,0.0,29.5527,70.8986,-41.3459,-1066.7778,0.0,0.0,0.0,0.0,2.2778,8.6667,0.0
archetype_ids,arcane,3,assassin,Assassin,18,0,0.0,29.5527,70.8986,-41.3459,-1066.7778,0.0,0.0,0.0,0.0,2.2778,8.6667,0.0
archetype_ids,devious,3,shadow,Shadow,18,0,0.0,30.1541,70.8986,-40.7445,-1025.4444,0.0,0.0,0.0,0.0,5.4444,0.0,0.0
archetype_ids,arcane,3,shadow,Shadow,18,0,0.0,30.1541,70.8986,-40.7445,-1025.4444,0.0,0.0,0.0,0.0,5.4444,0.0,0.0
archetype_ids,devious,2,thief,Thief,23,0,0.0,12.1077,51.6585,-39.5508,-1177.913,0.0,0.0,0.0,0.0,2.2609,18.3913,0.0
archetype_ids,arcane,2,thief,Thief,23,0,0.0,12.1077,51.6585,-39.5508,-1177.913,0.0,0.0,0.0,0.0,2.2609,18.3913,0.0
archetype_ids,spiteful,3,shadow,Shadow,22,0,0.0,29.8968,69.4145,-39.5177,-654.7273,0.0,0.0,0.0,0.0,5.6364,0.0,0.0
archetype_ids,hexed,3,shadow,Shadow,22,0,0.0,29.8968,69.4145,-39.5177,-654.7273,0.0,0.0,0.0,0.0,5.6364,0.0,0.0
archetype_ids,spiteful,3,assassin,Assassin,22,0,0.0,33.3021,69.4145,-36.1124,-515.3182,0.0,0.0,0.0,0.0,4.4091,0.0,0.0
archetype_ids,hexed,3,assassin,Assassin,22,0,0.0,33.3021,69.4145,-36.1124,-515.3182,0.0,0.0,0.0,0.0,4.4091,0.0,0.0
archetype_ids,hexed,3,thief,Thief,22,0,0.0,33.7141,69.4145,-35.7004,-489.3636,0.0,0.0,0.0,0.0,6.7727,0.0,0.0
archetype_ids,spiteful,3,thief,Thief,22,0,0.0,33.7141,69.4145,-35.7004,-489.3636,0.0,0.0,0.0,0.0,6.7727,0.0,0.0
archetype_ids,arcane,2,blade_dancer,Blade Dancer,23,0,0.0,23.1235,51.6585,-28.535,-688.087,0.0,0.0,0.0,0.0,9.6522,0.0,0.0
archetype_ids,devious,2,blade_dancer,Blade Dancer,23,0,0.0,23.1235,51.6585,-28.535,-688.087,0.0,0.0,0.0,0.0,9.6522,0.0,0.0
archetype_ids,hexed,2,blade_dancer,Blade Dancer,21,0,0.0,24.0268,50.8378,-26.811,-400.9524,0.0,0.0,0.0,0.0,11.1905,0.0,0.0
archetype_ids,spiteful,2,blade_dancer,Blade Dancer,21,0,0.0,24.0268,50.8378,-26.811,-400.9524,0.0,0.0,0.0,0.0,11.1905,0.0,0.0
archetype_ids,arcane,1,thief,Thief,17,0,0.0,11.6772,35.8445,-24.1673,-662.5882,0.0,0.0,0.0,0.0,2.0588,17.7647,0.0
archetype_ids,devious,1,thief,Thief,17,0,0.0,11.6772,35.8445,-24.1673,-662.5882,0.0,0.0,0.0,0.0,2.0588,17.7647,0.0
archetype_ids,devious,2,shadow,Shadow,23,0,0.0,30.6058,51.6585,-21.0527,-359.5217,0.0,0.0,0.0,0.0,5.3913,0.0,0.0
archetype_ids,arcane,2,shadow,Shadow,23,0,0.0,30.6058,51.6585,-21.0527,-359.5217,0.0,0.0,0.0,0.0,5.3913,0.0,0.0
archetype_ids,devious,2,assassin,Assassin,23,3,0.1304,30.206,51.6585,-21.4525,-367.6522,0.0,0.0,0.0,0.0,2.3913,8.3478,0.0
archetype_ids,arcane,2,assassin,Assassin,23,3,0.1304,30.206,51.6585,-21.4525,-367.6522,0.0,0.0,0.0,0.0,2.3913,8.3478,0.0
archetype_ids,arcane,1,blade_dancer,Blade Dancer,17,3,0.1765,22.8971,35.8445,-12.9474,-186.6471,0.0,0.0,0.0,0.0,9.3529,0.0,0.0
archetype_ids,devious,1,blade_dancer,Blade Dancer,17,3,0.1765,22.8971,35.8445,-12.9474,-186.6471,0.0,0.0,0.0,0.0,9.3529,0.0,0.0
archetype_ids,warded,2,assassin,Assassin,21,4,0.1905,29.5421,58.4892,-28.9471,-194.1905,0.0,230.9048,0.0,0.0,0.0,0.0,0.0
archetype_ids,nullify,2,assassin,Assassin,21,4,0.1905,29.5421,58.4892,-28.9471,-194.1905,0.0,230.9048,0.0,0.0,0.0,0.0,0.0
archetype_ids,spiteful,2,shadow,Shadow,21,8,0.381,29.5564,50.8378,-21.2814,-136.2381,0.0,0.0,0.0,0.0,6.381,0.0,0.0
archetype_ids,hexed,2,shadow,Shadow,21,8,0.381,29.5564,50.8378,-21.2814,-136.2381,0.0,0.0,0.0,0.0,6.381,0.0,0.0
archetype_ids,hexed,1,blade_dancer,Blade Dancer,19,9,0.4737,23.473,35.2719,-11.799,35.2105,0.0,0.0,0.0,0.0,9.7368,0.0,0.0
archetype_ids,spiteful,1,blade_dancer,Blade Dancer,19,9,0.4737,23.473,35.2719,-11.799,35.2105,0.0,0.0,0.0,0.0,9.7368,0.0,0.0
archetype_ids,hexed,2,thief,Thief,21,11,0.5238,33.3005,50.8378,-17.5373,34.381,0.0,0.0,0.0,0.0,7.4762,0.0,0.0
archetype_ids,spiteful,2,thief,Thief,21,11,0.5238,33.3005,50.8378,-17.5373,34.381,0.0,0.0,0.0,0.0,7.4762,0.0,0.0
archetype_ids,fortified,1,thief,Thief,24,13,0.5417,16.2587,40.7718,-24.5131,26.3333,331.6667,0.0,0.0,0.0,0.0,0.0,0.0
archetype_ids,aegis,1,thief,Thief,24,13,0.5417,16.2587,40.7718,-24.5131,26.3333,331.6667,0.0,0.0,0.0,0.0,0.0,0.0
archetype_ids,nullify,2,shadow,Shadow,21,12,0.5714,34.1817,58.4892,-24.3074,21.7619,0.0,229.619,0.0,0.0,0.0,0.0,0.0
archetype_ids,warded,2,shadow,Shadow,21,12,0.5714,34.1817,58.4892,-24.3074,21.7619,0.0,229.619,0.0,0.0,0.0,0.0,0.0
archetype_ids,fortified,2,shadow,Shadow,15,9,0.6,24.3965,60.3282,-35.9318,54.5333,274.5333,0.0,0.0,0.0,0.0,0.0,0.0
archetype_ids,aegis,2,shadow,Shadow,15,9,0.6,24.3965,60.3282,-35.9318,54.5333,274.5333,0.0,0.0,0.0,0.0,0.0,0.0
archetype_ids,hexed,2,assassin,Assassin,21,14,0.6667,34.2443,50.8378,-16.5935,97.4286,0.0,0.0,0.0,0.0,4.9048,0.0,0.0
archetype_ids,spiteful,2,assassin,Assassin,21,14,0.6667,34.2443,50.8378,-16.5935,97.4286,0.0,0.0,0.0,0.0,4.9048,0.0,0.0
archetype_ids,devious,1,assassin,Assassin,17,12,0.7059,30.4644,35.8445,-5.3801,126.0588,0.0,0.0,0.0,0.0,2.1765,7.9412,0.0
archetype_ids,arcane,1,assassin,Assassin,17,12,0.7059,30.4644,35.8445,-5.3801,126.0588,0.0,0.0,0.0,0.0,2.1765,7.9412,0.0
archetype_ids,fortified,2,blade_dancer,Blade Dancer,15,12,0.8,25.6034,60.3282,-34.7248,128.8,467.3333,0.0,0.0,0.0,0.0,0.0,0.0
archetype_ids,aegis,2,blade_dancer,Blade Dancer,15,12,0.8,25.6034,60.3282,-34.7248,128.8,467.3333,0.0,0.0,0.0,0.0,0.0,0.0
archetype_ids,warded,2,blade_dancer,Blade Dancer,21,18,0.8571,38.9455,58.4892,-19.5437,261.9524,0.0,0.0,0.0,0.0,0.0,0.0,0.0
archetype_ids,nullify,2,blade_dancer,Blade Dancer,21,18,0.8571,38.9455,58.4892,-19.5437,261.9524,0.0,0.0,0.0,0.0,0.0,0.0,0.0
archetype_ids,fortified,3,assassin,Assassin,24,24,1.0,42.8704,79.0772,-36.2068,551.625,191.4258,0.0,0.0,0.0,0.0,0.0,0.0
archetype_ids,aegis,3,assassin,Assassin,24,24,1.0,42.8704,79.0772,-36.2068,551.625,191.4258,0.0,0.0,0.0,0.0,0.0,0.0
archetype_ids,warded,2,thief,Thief,21,21,1.0,40.7634,58.4892,-17.7258,328.0476,0.0,0.0,0.0,0.0,0.0,0.0,0.0
archetype_ids,nullify,2,thief,Thief,21,21,1.0,40.7634,58.4892,-17.7258,328.0476,0.0,0.0,0.0,0.0,0.0,0.0,0.0
archetype_ids,aegis,1,shadow,Shadow,24,24,1.0,23.674,40.7718,-17.0978,378.375,286.5833,0.0,0.0,0.0,0.0,0.0,0.0
archetype_ids,fortified,1,shadow,Shadow,24,24,1.0,23.674,40.7718,-17.0978,378.375,286.5833,0.0,0.0,0.0,0.0,0.0,0.0
archetype_ids,aegis,2,assassin,Assassin,15,15,1.0,43.3244,60.3282,-17.0038,916.2,181.8413,0.0,0.0,0.0,0.0,0.0,0.0
archetype_ids,fortified,2,assassin,Assassin,15,15,1.0,43.3244,60.3282,-17.0038,916.2,181.8413,0.0,0.0,0.0,0.0,0.0,0.0
archetype_ids,fortified,1,blade_dancer,Blade Dancer,24,24,1.0,26.0618,40.7718,-14.71,480.4167,492.9167,0.0,0.0,0.0,0.0,0.0,0.0
archetype_ids,aegis,1,blade_dancer,Blade Dancer,24,24,1.0,26.0618,40.7718,-14.71,480.4167,492.9167,0.0,0.0,0.0,0.0,0.0,0.0
archetype_ids,nullify,1,assassin,Assassin,20,20,1.0,29.6412,40.4412,-10.8,249.35,0.0,204.05,0.0,0.0,0.0,0.0,0.0
archetype_ids,warded,1,assassin,Assassin,20,20,1.0,29.6412,40.4412,-10.8,249.35,0.0,204.05,0.0,0.0,0.0,0.0,0.0
archetype_ids,nullify,1,shadow,Shadow,20,20,1.0,33.5868,40.4412,-6.8543,416.9,0.0,201.3,0.0,0.0,0.0,0.0,0.0
archetype_ids,warded,1,shadow,Shadow,20,20,1.0,33.5868,40.4412,-6.8543,416.9,0.0,201.3,0.0,0.0,0.0,0.0,0.0
archetype_ids,spiteful,1,shadow,Shadow,19,19,1.0,29.4687,35.2719,-5.8032,284.0,0.0,0.0,0.0,0.0,5.6316,0.0,0.0
archetype_ids,hexed,1,shadow,Shadow,19,19,1.0,29.4687,35.2719,-5.8032,284.0,0.0,0.0,0.0,0.0,5.6316,0.0,0.0
archetype_ids,devious,1,shadow,Shadow,17,17,1.0,30.8569,35.8445,-4.9876,155.8824,0.0,0.0,0.0,0.0,5.0588,0.0,0.0
archetype_ids,arcane,1,shadow,Shadow,17,17,1.0,30.8569,35.8445,-4.9876,155.8824,0.0,0.0,0.0,0.0,5.0588,0.0,0.0
archetype_ids,warded,1,blade_dancer,Blade Dancer,20,20,1.0,37.747,40.4412,-2.6942,588.4,0.0,0.0,0.0,0.0,0.0,0.0,0.0
archetype_ids,nullify,1,blade_dancer,Blade Dancer,20,20,1.0,37.747,40.4412,-2.6942,588.4,0.0,0.0,0.0,0.0,0.0,0.0,0.0
archetype_ids,spiteful,1,thief,Thief,19,19,1.0,32.9851,35.2719,-2.2868,432.2632,0.0,0.0,0.0,0.0,6.4737,0.0,0.0
archetype_ids,hexed,1,thief,Thief,19,19,1.0,32.9851,35.2719,-2.2868,432.2632,0.0,0.0,0.0,0.0,6.4737,0.0,0.0
archetype_ids,spiteful,1,assassin,Assassin,19,19,1.0,34.2254,35.2719,-1.0465,484.4211,0.0,0.0,0.0,0.0,4.4211,0.0,0.0
archetype_ids,hexed,1,assassin,Assassin,19,19,1.0,34.2254,35.2719,-1.0465,484.4211,0.0,0.0,0.0,0.0,4.4211,0.0,0.0
archetype_ids,nullify,1,thief,Thief,20,20,1.0,39.5134,40.4412,-0.9278,661.85,0.0,0.0,0.0,0.0,0.0,0.0,0.0
archetype_ids,warded,1,thief,Thief,20,20,1.0,39.5134,40.4412,-0.9278,661.85,0.0,0.0,0.0,0.0,0.0,0.0,0.0
archetype_ids,aegis,1,assassin,Assassin,24,24,1.0,43.0493,40.7718,2.2775,1248.5833,189.3262,0.0,0.0,0.0,0.0,0.0,0.0
archetype_ids,fortified,1,assassin,Assassin,24,24,1.0,43.0493,40.7718,2.2775,1248.5833,189.3262,0.0,0.0,0.0,0.0,0.0,0.0