contract_number,completed_contract_count,seed,template_id,node_depth,boss_variant_id,boss_variant_label,monster_name,hp,base_hp_before_contract_scaling,contract_hp_multiplier,contract_dps_multiplier,duration_sec,hp_budget_duration_sec,target_dps,required_dps,effective_hp,mitigation_multiplier,pressure_status,archetype_ids,mechanic_ids,defense_overrides,budget,total_cost,budget_delta,major_defense_count
1,0,91001,hourglass_detour,4,chrono_tyrant,Chrono Tyrant,Devious Enemy,1125,1125,1.0,1.0,48.0,48.0,24.4735,30.6875,1473,1.309,slightly_over,devious;arcane,cleanse_threshold;interrupt_skip_count;slow,"{""cleanse_threshold"":4.0,""interrupt_skip_count"":2.0,""slow"":0.25}",228,282,54,2
1,0,91002,elite_orbit,4,apex_bulwark,Apex Bulwark,Shielded Gatekeeper,539,539,1.0,1.0,37.0,37.0,26.8589,38.4595,1423,2.64,over_band,aegis;fortified,block;armor,"{""armor"":120.0,""block"":10.0}",228,176,-52,1
1,0,91003,elite_orbit,4,plague_court,Plague Court,Spiteful Threat,634,634,1.0,1.0,31.0,31.0,25.028,30.871,957,1.51,slightly_over,spiteful;hexed,cleanse_threshold;suppress;slow,"{""cleanse_threshold"":5.0,""slow"":0.15,""suppress"":0.45}",228,200,-28,2
1,0,91004,elite_orbit,4,void_regent,Void Regent,Dimming Vessel,1218,1218,1.0,1.0,49.0,49.0,31.2393,44.3469,2173,1.784,over_band,nullify;warded,absorb;poison_resistance;suppress,"{""absorb"":7.0,""poison_resistance"":0.35,""suppress"":0.44}",228,264,36,1
1,0,91005,elite_orbit,4,chrono_tyrant,Chrono Tyrant,Arcane Monster,1808,1808,1.0,1.0,59.0,59.0,32.4218,40.661,2399,1.327,slightly_over,devious;arcane,cleanse_threshold;interrupt_skip_count;slow,"{""cleanse_threshold"":4.0,""interrupt_skip_count"":3.0,""slow"":0.25}",228,385,157,2
1,0,91006,braided_sideboard,4,apex_bulwark,Apex Bulwark,Braced Enemy,573,573,1.0,1.0,36.0,36.0,29.1121,41.6944,1501,2.62,over_band,aegis;fortified,block;armor,"{""armor"":120.0,""block"":9.0}",228,178,-50,1
1,0,91007,five_way_market,3,apex_bulwark,Apex Bulwark,Fortified Sentinel,838,838,1.0,1.0,57.0,57.0,26.2693,37.6316,2145,2.56,over_band,aegis;fortified,block;armor,"{""armor"":120.0,""block"":6.0}",228,202,-26,1
1,0,91008,split_spill_rejoin,4,void_regent,Void Regent,Hollow Threat,736,736,1.0,1.0,31.0,31.0,28.0077,39.7742,1233,1.675,over_band,nullify;warded,absorb;poison_resistance;suppress,"{""absorb"":6.0,""poison_resistance"":0.35,""suppress"":0.31}",228,191,-37,0
1,0,91009,split_spill_rejoin,4,chrono_tyrant,Chrono Tyrant,Devious Threat,1023,1023,1.0,1.0,39.0,39.0,28.0016,35.1282,1370,1.339,slightly_over,devious;arcane,interrupt_skip_count;cleanse_threshold;slow,"{""cleanse_threshold"":5.0,""interrupt_skip_count"":3.0,""slow"":0.25}",228,282,54,2
1,0,91010,braided_sideboard,4,apex_bulwark,Apex Bulwark,Fortified Gatekeeper,968,968,1.0,1.0,57.0,57.0,30.8355,44.1579,2517,2.6,over_band,aegis;fortified,block;armor,"{""armor"":120.0,""block"":8.0}",228,224,-4,1
1,0,91011,hourglass_detour,4,plague_court,Plague Court,Spiteful Threat,860,860,1.0,1.0,35.0,35.0,29.9909,37.0286,1296,1.507,slightly_over,spiteful;hexed,cleanse_threshold;suppress;slow,"{""cleanse_threshold"":4.0,""slow"":0.16,""suppress"":0.45}",228,234,6,2
1,0,91012,woven_boss_approach,3,plague_court,Plague Court,Withering Monster,829,829,1.0,1.0,34.0,34.0,31.0337,38.2941,1302,1.57,slightly_over,spiteful;hexed,cleanse_threshold;suppress;slow,"{""cleanse_threshold"":4.0,""slow"":0.23,""suppress"":0.45}",228,237,9,2
1,0,91013,hourglass_detour,4,plague_court,Plague Court,Hexed Seer,602,602,1.0,1.0,30.0,30.0,25.8117,31.8667,956,1.588,slightly_over,spiteful;hexed,cleanse_threshold;suppress;slow,"{""cleanse_threshold"":4.0,""slow"":0.25,""suppress"":0.45}",228,210,-18,2
1,0,91014,elite_orbit,4,chrono_tyrant,Chrono Tyrant,Arcane Enemy,833,833,1.0,1.0,36.0,36.0,24.6985,30.9722,1115,1.339,slightly_over,devious;arcane,slow;cleanse_threshold;interrupt_skip_count,"{""cleanse_threshold"":5.0,""interrupt_skip_count"":3.0,""slow"":0.25}",228,258,30,2
1,0,91015,five_way_market,3,void_regent,Void Regent,Nullifying Threat,776,776,1.0,1.0,31.0,31.0,29.7938,42.2903,1311,1.69,over_band,nullify;warded,absorb;poison_resistance;suppress,"{""absorb"":7.0,""poison_resistance"":0.34,""suppress"":0.32}",228,199,-29,0
1,0,91016,woven_boss_approach,3,plague_court,Plague Court,Withering Monster,991,991,1.0,1.0,49.0,49.0,25.5734,31.5714,1547,1.561,slightly_over,spiteful;hexed,cleanse_threshold;slow;suppress,"{""cleanse_threshold"":4.0,""slow"":0.22,""suppress"":0.45}",228,256,28,2
1,0,91017,split_spill_rejoin,4,void_regent,Void Regent,Hollow Vessel,726,726,1.0,1.0,31.0,31.0,28.9329,41.0323,1272,1.752,over_band,nullify;warded,absorb;poison_resistance;suppress,"{""absorb"":6.0,""poison_resistance"":0.35,""suppress"":0.42}",228,199,-29,1
1,0,91018,woven_boss_approach,3,plague_court,Plague Court,Spiteful Threat,1242,1242,1.0,1.0,50.0,50.0,32.0186,39.52,1976,1.591,slightly_over,spiteful;hexed,cleanse_threshold;suppress;slow,"{""cleanse_threshold"":5.0,""slow"":0.24,""suppress"":0.45}",228,284,56,2
1,0,91019,woven_boss_approach,3,chrono_tyrant,Chrono Tyrant,Devious Threat,893,893,1.0,1.0,31.0,31.0,30.3346,38.0645,1180,1.321,slightly_over,devious;arcane,cleanse_threshold;interrupt_skip_count;slow,"{""cleanse_threshold"":5.0,""interrupt_skip_count"":2.0,""slow"":0.25}",228,248,20,2
1,0,91020,five_way_market,3,apex_bulwark,Apex Bulwark,Braced Threat,720,720,1.0,1.0,48.0,48.0,27.2331,39.0,1872,2.6,over_band,aegis;fortified,block;armor,"{""armor"":120.0,""block"":8.0}",228,193,-35,1
1,0,91021,split_spill_rejoin,4,plague_court,Plague Court,Hexed Threat,647,647,1.0,1.0,30.0,30.0,26.7944,33.0667,992,1.534,slightly_over,spiteful;hexed,cleanse_threshold;suppress;slow,"{""cleanse_threshold"":4.0,""slow"":0.19,""suppress"":0.45}",228,210,-18,2
1,0,91022,hourglass_detour,4,plague_court,Plague Court,Hexed Hexbearer,911,911,1.0,1.0,48.0,48.0,24.4149,30.1458,1447,1.588,slightly_over,spiteful;hexed,cleanse_threshold;suppress;slow,"{""cleanse_threshold"":4.0,""slow"":0.25,""suppress"":0.45}",228,249,21,2
1,0,91023,split_spill_rejoin,4,apex_bulwark,Apex Bulwark,Shielded Sentinel,984,984,1.0,1.0,56.0,56.0,32.1512,46.0357,2578,2.62,over_band,aegis;fortified,block;armor,"{""armor"":120.0,""block"":9.0}",228,229,1,1
1,0,91024,five_way_market,3,chrono_tyrant,Chrono Tyrant,Devious Monster,1011,1011,1.0,1.0,39.0,39.0,27.0692,33.9231,1323,1.309,slightly_over,devious;arcane,slow;interrupt_skip_count;cleanse_threshold,"{""cleanse_threshold"":4.0,""interrupt_skip_count"":2.0,""slow"":0.25}",228,267,39,2
1,0,91025,woven_boss_approach,3,void_regent,Void Regent,Warded Monster,883,883,1.0,1.0,38.0,38.0,28.5844,40.5526,1541,1.745,over_band,nullify;warded,absorb;poison_resistance;suppress,"{""absorb"":6.0,""poison_resistance"":0.35,""suppress"":0.41}",228,217,-11,1
1,0,91026,braided_sideboard,4,void_regent,Void Regent,Nullifying Threat,837,837,1.0,1.0,37.0,37.0,27.557,39.0811,1446,1.728,over_band,nullify;warded,absorb;poison_resistance;suppress,"{""absorb"":7.0,""poison_resistance"":0.35,""suppress"":0.36}",228,211,-17,0
1,0,91027,elite_orbit,4,apex_bulwark,Apex Bulwark,Shielded Sentinel,923,923,1.0,1.0,60.0,60.0,28.3414,40.6167,2437,2.64,over_band,aegis;fortified,block;armor,"{""armor"":120.0,""block"":10.0}",228,224,-4,1
1,0,91028,elite_orbit,4,chrono_tyrant,Chrono Tyrant,Arcane Monster,835,835,1.0,1.0,36.0,36.0,24.5442,30.7778,1108,1.327,slightly_over,devious;arcane,cleanse_threshold;interrupt_skip_count;slow,"{""cleanse_threshold"":4.0,""interrupt_skip_count"":3.0,""slow"":0.25}",228,263,35,2
1,0,91029,woven_boss_approach,3,void_regent,Void Regent,Hollow Keeper,765,765,1.0,1.0,39.0,39.0,24.7485,35.1282,1370,1.791,over_band,nullify;warded,absorb;poison_resistance;suppress,"{""absorb"":7.0,""poison_resistance"":0.35,""suppress"":0.45}",228,209,-19,1
1,0,91030,elite_orbit,4,chrono_tyrant,Chrono Tyrant,Devious Threat,1203,1203,1.0,1.0,45.0,45.0,28.5431,35.8,1611,1.339,slightly_over,devious;arcane,interrupt_skip_count;cleanse_threshold;slow,"{""cleanse_threshold"":5.0,""interrupt_skip_count"":3.0,""slow"":0.25}",228,304,76,2
1,0,91031,elite_orbit,4,chrono_tyrant,Chrono Tyrant,Arcane Threat,1503,1503,1.0,1.0,52.0,52.0,30.1723,37.8269,1967,1.309,slightly_over,devious;arcane,slow;cleanse_threshold;interrupt_skip_count,"{""cleanse_threshold"":4.0,""interrupt_skip_count"":2.0,""slow"":0.25}",228,329,101,2
1,0,91032,braided_sideboard,4,void_regent,Void Regent,Dimming Vessel,1317,1317,1.0,1.0,51.0,51.0,30.6848,43.5294,2220,1.686,over_band,nullify;warded,absorb;poison_resistance;suppress,"{""absorb"":7.0,""poison_resistance"":0.35,""suppress"":0.3}",228,266,38,0
1,0,91033,woven_boss_approach,3,apex_bulwark,Apex Bulwark,Bulwark Sentinel,853,853,1.0,1.0,55.0,55.0,28.3566,40.6364,2235,2.62,over_band,aegis;fortified,block;armor,"{""armor"":120.0,""block"":9.0}",228,213,-15,1
1,0,91034,woven_boss_approach,3,apex_bulwark,Apex Bulwark,Shielded Monster,513,513,1.0,1.0,32.0,32.0,29.3317,42.0,1344,2.62,over_band,aegis;fortified,block;armor,"{""armor"":120.0,""block"":9.0}",228,170,-58,1
1,0,91035,woven_boss_approach,3,apex_bulwark,Apex Bulwark,Fortified Monster,900,900,1.0,1.0,58.0,58.0,27.7292,39.7241,2304,2.56,over_band,aegis;fortified,block;armor,"{""armor"":120.0,""block"":6.0}",228,210,-18,1
1,0,91036,five_way_market,3,void_regent,Void Regent,Dimming Keeper,768,768,1.0,1.0,32.0,32.0,27.8227,39.5,1264,1.646,over_band,nullify;warded,absorb;poison_resistance;suppress,"{""absorb"":7.0,""poison_resistance"":0.31,""suppress"":0.3}",228,195,-33,0
1,0,91037,split_spill_rejoin,4,void_regent,Void Regent,Hollow Enemy,867,867,1.0,1.0,35.0,35.0,29.9937,42.5714,1490,1.718,over_band,nullify;warded,absorb;poison_resistance;suppress,"{""absorb"":7.0,""poison_resistance"":0.34,""suppress"":0.36}",228,213,-15,0
1,0,91038,elite_orbit,4,chrono_tyrant,Chrono Tyrant,Devious Monster,1730,1730,1.0,1.0,59.0,59.0,30.6127,38.3898,2265,1.309,slightly_over,devious;arcane,cleanse_threshold;interrupt_skip_count;slow,"{""cleanse_threshold"":4.0,""interrupt_skip_count"":2.0,""slow"":0.25}",228,357,129,2
1,0,91039,hourglass_detour,4,chrono_tyrant,Chrono Tyrant,Arcane Threat,1313,1313,1.0,1.0,45.0,45.0,30.4531,38.2,1719,1.309,slightly_over,devious;arcane,interrupt_skip_count;slow;cleanse_threshold,"{""cleanse_threshold"":4.0,""interrupt_skip_count"":2.0,""slow"":0.25}",228,305,77,2
1,0,91040,split_spill_rejoin,4,void_regent,Void Regent,Hollow Enemy,724,724,1.0,1.0,30.0,30.0,28.9527,41.0667,1232,1.702,over_band,nullify;warded,absorb;poison_resistance;suppress,"{""absorb"":7.0,""poison_resistance"":0.31,""suppress"":0.38}",228,197,-31,0
1,0,91041,split_spill_rejoin,4,apex_bulwark,Apex Bulwark,Shielded Sentinel,862,862,1.0,1.0,53.0,53.0,29.5229,42.283,2241,2.6,over_band,aegis;fortified,block;armor,"{""armor"":120.0,""block"":8.0}",228,211,-17,1
1,0,91042,braided_sideboard,4,plague_court,Plague Court,Hexed Enemy,918,918,1.0,1.0,37.0,37.0,31.5699,38.9459,1441,1.57,slightly_over,spiteful;hexed,cleanse_threshold;suppress;slow,"{""cleanse_threshold"":4.0,""slow"":0.23,""suppress"":0.45}",228,248,20,2
1,0,91043,split_spill_rejoin,4,void_regent,Void Regent,Nullifying Keeper,1175,1175,1.0,1.0,53.0,53.0,27.1096,38.4717,2039,1.735,over_band,nullify;warded,absorb;poison_resistance;suppress,"{""absorb"":7.0,""poison_resistance"":0.35,""suppress"":0.37}",228,254,26,0
1,0,91044,five_way_market,3,void_regent,Void Regent,Nullifying Keeper,829,829,1.0,1.0,34.0,34.0,29.4561,41.7941,1421,1.714,over_band,nullify;warded,absorb;poison_resistance;suppress,"{""absorb"":7.0,""poison_resistance"":0.35,""suppress"":0.34}",228,209,-19,0
1,0,91045,elite_orbit,4,chrono_tyrant,Chrono Tyrant,Arcane Monster,918,918,1.0,1.0,32.0,32.0,30.6379,38.4063,1229,1.339,slightly_over,devious;arcane,slow;cleanse_threshold;interrupt_skip_count,"{""cleanse_threshold"":5.0,""interrupt_skip_count"":3.0,""slow"":0.25}",228,269,41,2
1,0,91046,split_spill_rejoin,4,plague_court,Plague Court,Hexed Monster,1246,1246,1.0,1.0,51.0,51.0,31.0824,38.3529,1956,1.57,slightly_over,spiteful;hexed,cleanse_threshold;suppress;slow,"{""cleanse_threshold"":4.0,""slow"":0.23,""suppress"":0.45}",228,289,61,2
1,0,91047,braided_sideboard,4,plague_court,Plague Court,Spiteful Monster,850,850,1.0,1.0,35.0,35.0,31.2436,38.5714,1350,1.588,slightly_over,spiteful;hexed,cleanse_threshold;slow;suppress,"{""cleanse_threshold"":4.0,""slow"":0.25,""suppress"":0.45}",228,241,13,2
1,0,91048,split_spill_rejoin,4,plague_court,Plague Court,Bitter Monster,692,692,1.0,1.0,30.0,30.0,29.3233,36.2,1086,1.57,slightly_over,spiteful;hexed,cleanse_threshold;suppress;slow,"{""cleanse_threshold"":4.0,""slow"":0.23,""suppress"":0.45}",228,220,-8,2
1,0,91049,elite_orbit,4,plague_court,Plague Court,Bitter Enemy,1151,1151,1.0,1.0,55.0,55.0,25.2369,31.1636,1714,1.489,slightly_over,spiteful;hexed,cleanse_threshold;suppress;slow,"{""cleanse_threshold"":4.0,""slow"":0.14,""suppress"":0.45}",228,269,41,2
1,0,91050,braided_sideboard,4,apex_bulwark,Apex Bulwark,Fortified Guard,758,758,1.0,1.0,44.0,44.0,31.0535,44.4545,1956,2.58,over_band,aegis;fortified,block;armor,"{""armor"":120.0,""block"":7.0}",228,195,-33,1
1,0,91051,elite_orbit,4,apex_bulwark,Apex Bulwark,Braced Enemy,590,590,1.0,1.0,37.0,37.0,29.406,42.1081,1558,2.64,over_band,aegis;fortified,block;armor,"{""armor"":120.0,""block"":10.0}",228,183,-45,1
1,0,91052,elite_orbit,4,void_regent,Void Regent,Nullifying Acolyte,788,788,1.0,1.0,36.0,36.0,26.7615,37.9722,1367,1.735,over_band,nullify;warded,absorb;poison_resistance;suppress,"{""absorb"":7.0,""poison_resistance"":0.35,""suppress"":0.37}",228,206,-22,0
1,0,91053,five_way_market,3,chrono_tyrant,Chrono Tyrant,Arcane Threat,1074,1074,1.0,1.0,39.0,39.0,29.0125,36.3846,1419,1.321,slightly_over,devious;arcane,interrupt_skip_count;cleanse_threshold;slow,"{""cleanse_threshold"":5.0,""interrupt_skip_count"":2.0,""slow"":0.25}",228,270,42,2
1,0,91054,elite_orbit,4,plague_court,Plague Court,Spiteful Bloom,906,906,1.0,1.0,45.0,45.0,25.8995,31.9778,1439,1.588,slightly_over,spiteful;hexed,cleanse_threshold;suppress;slow,"{""cleanse_threshold"":4.0,""slow"":0.25,""suppress"":0.45}",228,248,20,2
1,0,91055,woven_boss_approach,3,void_regent,Void Regent,Nullifying Acolyte,1488,1488,1.0,1.0,58.0,58.0,32.1172,45.5862,2644,1.777,over_band,nullify;warded,absorb;poison_resistance;suppress,"{""absorb"":7.0,""poison_resistance"":0.35,""suppress"":0.43}",228,298,70,1
1,0,91056,split_spill_rejoin,4,void_regent,Void Regent,Warded Acolyte,959,959,1.0,1.0,46.0,46.0,24.75,35.1087,1615,1.684,over_band,nullify;warded,absorb;poison_resistance;suppress,"{""absorb"":7.0,""poison_resistance"":0.32,""suppress"":0.34}",228,223,-5,0
1,0,91057,split_spill_rejoin,4,plague_court,Plague Court,Withering Hexbearer,1136,1136,1.0,1.0,48.0,48.0,30.692,37.875,1818,1.6,slightly_over,spiteful;hexed,cleanse_threshold;suppress;slow,"{""cleanse_threshold"":5.0,""slow"":0.25,""suppress"":0.45}",228,272,44,2
1,0,91058,braided_sideboard,4,apex_bulwark,Apex Bulwark,Braced Sentinel,449,449,1.0,1.0,32.0,32.0,25.6789,36.75,1176,2.62,over_band,aegis;fortified,block;armor,"{""armor"":120.0,""block"":9.0}",228,162,-66,1
1,0,91059,hourglass_detour,4,void_regent,Void Regent,Nullifying Enemy,1083,1083,1.0,1.0,48.0,48.0,26.5826,37.7292,1811,1.672,over_band,nullify;warded,absorb;poison_resistance;suppress,"{""absorb"":7.0,""poison_resistance"":0.35,""suppress"":0.28}",228,235,7,0
1,0,91060,split_spill_rejoin,4,apex_bulwark,Apex Bulwark,Fortified Sentinel,558,558,1.0,1.0,36.0,36.0,28.3382,40.6111,1462,2.62,over_band,aegis;fortified,block;armor,"{""armor"":120.0,""block"":9.0}",228,176,-52,1
1,0,91061,woven_boss_approach,3,chrono_tyrant,Chrono Tyrant,Arcane Enemy,1485,1485,1.0,1.0,50.0,50.0,31.7204,39.76,1988,1.339,slightly_over,devious;arcane,interrupt_skip_count;cleanse_threshold;slow,"{""cleanse_threshold"":5.0,""interrupt_skip_count"":3.0,""slow"":0.25}",228,340,112,2
1,0,91062,braided_sideboard,4,apex_bulwark,Apex Bulwark,Braced Threat,566,566,1.0,1.0,35.0,35.0,29.8278,42.6857,1494,2.64,over_band,aegis;fortified,block;armor,"{""armor"":120.0,""block"":10.0}",228,180,-48,1
1,0,91063,hourglass_detour,4,apex_bulwark,Apex Bulwark,Shielded Sentinel,548,548,1.0,1.0,32.0,32.0,31.5797,45.2188,1447,2.64,over_band,aegis;fortified,block;armor,"{""armor"":120.0,""block"":10.0}",228,178,-50,1
1,0,91064,five_way_market,3,apex_bulwark,Apex Bulwark,Fortified Guard,724,724,1.0,1.0,51.0,51.0,26.1624,37.4706,1911,2.64,over_band,aegis;fortified,block;armor,"{""armor"":120.0,""block"":10.0}",228,200,-28,1
1,0,91065,elite_orbit,4,chrono_tyrant,Chrono Tyrant,Arcane Monster,1260,1260,1.0,1.0,51.0,51.0,26.0248,32.6275,1664,1.321,slightly_over,devious;arcane,slow;cleanse_threshold;interrupt_skip_count,"{""cleanse_threshold"":5.0,""interrupt_skip_count"":2.0,""slow"":0.25}",228,294,66,2
1,0,91066,woven_boss_approach,3,void_regent,Void Regent,Nullifying Acolyte,983,983,1.0,1.0,48.0,48.0,24.8421,35.25,1692,1.721,over_band,nullify;warded,absorb;poison_resistance;suppress,"{""absorb"":7.0,""poison_resistance"":0.35,""suppress"":0.35}",228,228,0,0
1,0,91067,woven_boss_approach,3,plague_court,Plague Court,Bitter Threat,1097,1097,1.0,1.0,45.0,45.0,30.8286,38.0444,1712,1.561,slightly_over,spiteful;hexed,cleanse_threshold;suppress;slow,"{""cleanse_threshold"":4.0,""slow"":0.22,""suppress"":0.45}",228,269,41,2
1,0,91068,woven_boss_approach,3,chrono_tyrant,Chrono Tyrant,Devious Monster,762,762,1.0,1.0,31.0,31.0,26.2568,32.9032,1020,1.339,slightly_over,devious;arcane,interrupt_skip_count;cleanse_threshold;slow,"{""cleanse_threshold"":5.0,""interrupt_skip_count"":3.0,""slow"":0.25}",228,249,21,2
1,0,91069,hourglass_detour,4,apex_bulwark,Apex Bulwark,Shielded Monster,903,903,1.0,1.0,60.0,60.0,27.7305,39.7333,2384,2.64,over_band,aegis;fortified,block;armor,"{""armor"":120.0,""block"":10.0}",228,222,-6,1
1,0,91070,woven_boss_approach,3,plague_court,Plague Court,Hexed Threat,725,725,1.0,1.0,34.0,34.0,27.1397,33.4706,1138,1.57,slightly_over,spiteful;hexed,cleanse_threshold;suppress;slow,"{""cleanse_threshold"":4.0,""slow"":0.23,""suppress"":0.45}",228,224,-4,2
1,0,91071,woven_boss_approach,3,chrono_tyrant,Chrono Tyrant,Arcane Threat,928,928,1.0,1.0,32.0,32.0,30.9667,38.8438,1243,1.339,slightly_over,devious;arcane,cleanse_threshold;slow;interrupt_skip_count,"{""cleanse_threshold"":5.0,""interrupt_skip_count"":3.0,""slow"":0.25}",228,270,42,2
1,0,91072,split_spill_rejoin,4,apex_bulwark,Apex Bulwark,Braced Guard,441,441,1.0,1.0,31.0,31.0,25.4309,36.4194,1129,2.56,over_band,aegis;fortified,block;armor,"{""armor"":120.0,""block"":6.0}",228,152,-76,1
1,0,91073,five_way_market,3,apex_bulwark,Apex Bulwark,Fortified Gatekeeper,869,869,1.0,1.0,55.0,55.0,29.1272,41.7091,2294,2.64,over_band,aegis;fortified,block;armor,"{""armor"":120.0,""block"":10.0}",228,218,-10,1
1,0,91074,five_way_market,3,apex_bulwark,Apex Bulwark,Shielded Enemy,953,953,1.0,1.0,58.0,58.0,29.6019,42.3966,2459,2.58,over_band,aegis;fortified,block;armor,"{""armor"":120.0,""block"":7.0}",228,219,-9,1
1,0,91075,braided_sideboard,4,plague_court,Plague Court,Spiteful Threat,1327,1327,1.0,1.0,59.0,59.0,28.2752,34.9153,2060,1.552,slightly_over,spiteful;hexed,cleanse_threshold;suppress;slow,"{""cleanse_threshold"":4.0,""slow"":0.21,""suppress"":0.45}",228,297,69,2
1,0,91076,elite_orbit,4,void_regent,Void Regent,Dimming Monster,1379,1379,1.0,1.0,53.0,53.0,30.8701,43.8113,2322,1.684,over_band,nullify;warded,absorb;poison_resistance;suppress,"{""absorb"":7.0,""poison_resistance"":0.32,""suppress"":0.34}",228,275,47,0
1,0,91077,split_spill_rejoin,4,apex_bulwark,Apex Bulwark,Braced Gatekeeper,538,538,1.0,1.0,34.0,34.0,28.9592,41.4706,1410,2.62,over_band,aegis;fortified,block;armor,"{""armor"":120.0,""block"":9.0}",228,173,-55,1
1,0,91078,braided_sideboard,4,void_regent,Void Regent,Dimming Keeper,1116,1116,1.0,1.0,44.0,44.0,31.1866,44.2273,1946,1.744,over_band,nullify;warded,absorb;poison_resistance;suppress,"{""absorb"":7.0,""poison_resistance"":0.31,""suppress"":0.44}",228,250,22,1
1,0,91079,five_way_market,3,plague_court,Plague Court,Withering Monster,879,879,1.0,1.0,35.0,35.0,31.0283,38.2857,1340,1.525,slightly_over,spiteful;hexed,cleanse_threshold;slow;suppress,"{""cleanse_threshold"":4.0,""slow"":0.18,""suppress"":0.45}",228,238,10,2
1,0,91080,woven_boss_approach,3,apex_bulwark,Apex Bulwark,Braced Monster,529,529,1.0,1.0,39.0,39.0,24.6122,35.2564,1375,2.6,over_band,aegis;fortified,block;armor,"{""armor"":120.0,""block"":8.0}",228,169,-59,1
2,1,101001,five_way_market,3,plague_court,Plague Court,Hexed Enemy,1342,1193,1.125,1.3,36.0,36.0,41.9852,58.3056,2099,1.564,over_band,spiteful;hexed,cleanse_threshold;suppress;slow,"{""cleanse_threshold"":5.0,""slow"":0.21,""suppress"":0.45}",228,294,66,2
2,1,101002,woven_boss_approach,3,chrono_tyrant,Chrono Tyrant,Arcane Threat,1752,1557,1.125,1.3,45.0,45.0,36.9391,52.1333,2346,1.339,over_band,devious;arcane,cleanse_threshold;interrupt_skip_count;slow,"{""cleanse_threshold"":5.0,""interrupt_skip_count"":3.0,""slow"":0.25}",228,373,145,2
2,1,101003,split_spill_rejoin,4,chrono_tyrant,Chrono Tyrant,Devious Monster,1717,1526,1.125,1.3,48.0,48.0,33.5004,47.25,2268,1.321,over_band,devious;arcane,cleanse_threshold;interrupt_skip_count;slow,"{""cleanse_threshold"":5.0,""interrupt_skip_count"":2.0,""slow"":0.25}",228,351,123,2
2,1,101004,woven_boss_approach,3,chrono_tyrant,Chrono Tyrant,Arcane Threat,1419,1261,1.125,1.3,38.0,38.0,35.1225,49.5526,1883,1.327,over_band,devious;arcane,cleanse_threshold;interrupt_skip_count;slow,"{""cleanse_threshold"":4.0,""interrupt_skip_count"":3.0,""slow"":0.25}",228,336,108,2
2,1,101005,braided_sideboard,4,chrono_tyrant,Chrono Tyrant,Devious Monster,1648,1465,1.125,1.3,45.0,45.0,34.7637,49.0444,2207,1.339,over_band,devious;arcane,slow;interrupt_skip_count;cleanse_threshold,"{""cleanse_threshold"":5.0,""interrupt_skip_count"":3.0,""slow"":0.25}",228,360,132,2
2,1,101006,braided_sideboard,4,chrono_tyrant,Chrono Tyrant,Arcane Enemy,1405,1249,1.125,1.3,32.0,32.0,40.7421,57.4688,1839,1.309,over_band,devious;arcane,cleanse_threshold;slow;interrupt_skip_count,"{""cleanse_threshold"":4.0,""interrupt_skip_count"":2.0,""slow"":0.25}",228,317,89,2
2,1,101007,split_spill_rejoin,4,apex_bulwark,Apex Bulwark,Fortified Enemy,1357,1206,1.125,1.3,53.0,53.0,41.3027,66.566,3528,2.6,over_band,aegis;fortified,block;armor,"{""armor"":120.0,""block"":8.0}",228,273,45,1
2,1,101008,five_way_market,3,chrono_tyrant,Chrono Tyrant,Arcane Threat,2176,1934,1.125,1.3,53.0,53.0,38.0899,53.7358,2848,1.309,over_band,devious;arcane,interrupt_skip_count;slow;cleanse_threshold,"{""cleanse_threshold"":4.0,""interrupt_skip_count"":2.0,""slow"":0.25}",228,413,185,2
2,1,101009,split_spill_rejoin,4,apex_bulwark,Apex Bulwark,Shielded Guard,946,841,1.125,1.3,45.0,45.0,33.9218,54.6667,2460,2.6,over_band,aegis;fortified,block;armor,"{""armor"":120.0,""block"":8.0}",228,221,-7,1
2,1,101010,woven_boss_approach,3,chrono_tyrant,Chrono Tyrant,Devious Enemy,1521,1352,1.125,1.3,39.0,39.0,37.0048,52.2308,2037,1.339,over_band,devious;arcane,slow;interrupt_skip_count;cleanse_threshold,"{""cleanse_threshold"":5.0,""interrupt_skip_count"":3.0,""slow"":0.25}",228,344,116,2
2,1,101011,split_spill_rejoin,4,chrono_tyrant,Chrono Tyrant,Arcane Threat,1341,1192,1.125,1.3,34.0,34.0,37.4378,52.8235,1796,1.339,over_band,devious;arcane,cleanse_threshold;slow;interrupt_skip_count,"{""cleanse_threshold"":5.0,""interrupt_skip_count"":3.0,""slow"":0.25}",228,322,94,2
2,1,101012,braided_sideboard,4,void_regent,Void Regent,Warded Vessel,2171,1930,1.125,1.3,59.0,59.0,39.2096,62.5932,3693,1.701,over_band,nullify;warded,absorb;poison_resistance;suppress,"{""absorb"":6.0,""poison_resistance"":0.32,""suppress"":0.39}",228,374,146,0
2,1,101013,braided_sideboard,4,void_regent,Void Regent,Nullifying Vessel,1339,1190,1.125,1.3,38.0,38.0,37.9272,60.5789,2302,1.719,over_band,nullify;warded,absorb;poison_resistance;suppress,"{""absorb"":7.0,""poison_resistance"":0.32,""suppress"":0.39}",228,273,45,0
2,1,101014,braided_sideboard,4,plague_court,Plague Court,Hexed Bloom,1914,1701,1.125,1.3,55.0,55.0,39.8005,55.2545,3039,1.588,over_band,spiteful;hexed,cleanse_threshold;suppress;slow,"{""cleanse_threshold"":4.0,""slow"":0.25,""suppress"":0.45}",228,374,146,2
2,1,101015,five_way_market,3,apex_bulwark,Apex Bulwark,Fortified Enemy,1004,892,1.125,1.3,39.0,39.0,41.8225,67.4359,2630,2.62,over_band,aegis;fortified,block;armor,"{""armor"":120.0,""block"":9.0}",228,232,4,1
2,1,101016,woven_boss_approach,3,plague_court,Plague Court,Spiteful Bloom,1677,1491,1.125,1.3,52.0,52.0,34.5894,48.0192,2497,1.489,over_band,spiteful;hexed,cleanse_threshold;slow;suppress,"{""cleanse_threshold"":4.0,""slow"":0.14,""suppress"":0.45}",228,335,107,2
2,1,101017,braided_sideboard,4,plague_court,Plague Court,Withering Monster,1385,1231,1.125,1.3,48.0,48.0,31.8711,44.2708,2125,1.534,over_band,spiteful;hexed,cleanse_threshold;suppress;slow,"{""cleanse_threshold"":4.0,""slow"":0.19,""suppress"":0.45}",228,302,74,2
2,1,101018,braided_sideboard,4,chrono_tyrant,Chrono Tyrant,Devious Enemy,1598,1420,1.125,1.3,39.0,39.0,38.5211,54.3846,2121,1.327,over_band,devious;arcane,interrupt_skip_count;slow;cleanse_threshold,"{""cleanse_threshold"":4.0,""interrupt_skip_count"":3.0,""slow"":0.25}",228,359,131,2
2,1,101019,braided_sideboard,4,plague_court,Plague Court,Bitter Enemy,1575,1400,1.125,1.3,45.0,45.0,38.6814,53.6889,2416,1.534,over_band,spiteful;hexed,cleanse_threshold;suppress;slow,"{""cleanse_threshold"":4.0,""slow"":0.19,""suppress"":0.45}",228,326,98,2
2,1,101020,five_way_market,3,plague_court,Plague Court,Bitter Hexbearer,1686,1499,1.125,1.3,58.0,58.0,32.5036,45.1207,2617,1.552,over_band,spiteful;hexed,cleanse_threshold;suppress;slow,"{""cleanse_threshold"":4.0,""slow"":0.21,""suppress"":0.45}",228,342,114,2
2,1,101021,split_spill_rejoin,4,plague_court,Plague Court,Bitter Bloom,1600,1422,1.125,1.3,52.0,52.0,33.9915,47.1923,2454,1.534,over_band,spiteful;hexed,cleanse_threshold;suppress;slow,"{""cleanse_threshold"":4.0,""slow"":0.19,""suppress"":0.45}",228,329,101,2
2,1,101022,split_spill_rejoin,4,apex_bulwark,Apex Bulwark,Bulwark Sentinel,1295,1151,1.125,1.3,52.0,52.0,40.5089,65.25,3393,2.62,over_band,aegis;fortified,block;armor,"{""armor"":120.0,""block"":9.0}",228,268,40,1
2,1,101023,braided_sideboard,4,plague_court,Plague Court,Spiteful Bloom,1841,1636,1.125,1.3,50.0,50.0,41.3804,57.48,2874,1.561,over_band,spiteful;hexed,cleanse_threshold;suppress;slow,"{""cleanse_threshold"":4.0,""slow"":0.22,""suppress"":0.45}",228,362,134,2
2,1,101024,elite_orbit,4,apex_bulwark,Apex Bulwark,Braced Sentinel,741,659,1.125,1.3,32.0,32.0,37.9587,61.125,1956,2.64,over_band,aegis;fortified,block;armor,"{""armor"":120.0,""block"":10.0}",228,202,-26,1
2,1,101025,woven_boss_approach,3,apex_bulwark,Apex Bulwark,Shielded Monster,801,712,1.125,1.3,37.0,37.0,34.6864,55.8649,2067,2.58,over_band,aegis;fortified,block;armor,"{""armor"":120.0,""block"":7.0}",228,200,-28,1
2,1,101026,hourglass_detour,4,chrono_tyrant,Chrono Tyrant,Devious Threat,1842,1637,1.125,1.3,48.0,48.0,36.4251,51.375,2466,1.339,over_band,devious;arcane,cleanse_threshold;slow;interrupt_skip_count,"{""cleanse_threshold"":5.0,""interrupt_skip_count"":3.0,""slow"":0.25}",228,384,156,2
2,1,101027,split_spill_rejoin,4,apex_bulwark,Apex Bulwark,Braced Enemy,659,586,1.125,1.3,32.0,32.0,33.227,53.5313,1713,2.6,over_band,aegis;fortified,block;armor,"{""armor"":120.0,""block"":8.0}",228,185,-43,1
2,1,101028,split_spill_rejoin,4,void_regent,Void Regent,Nullifying Acolyte,1289,1146,1.125,1.3,38.0,38.0,36.08,57.6053,2189,1.698,over_band,nullify;warded,absorb;poison_resistance;suppress,"{""absorb"":7.0,""poison_resistance"":0.32,""suppress"":0.36}",228,265,37,0
2,1,101029,woven_boss_approach,3,chrono_tyrant,Chrono Tyrant,Arcane Monster,1288,1145,1.125,1.3,31.0,31.0,39.4401,55.6452,1725,1.339,over_band,devious;arcane,interrupt_skip_count;slow;cleanse_threshold,"{""cleanse_threshold"":5.0,""interrupt_skip_count"":3.0,""slow"":0.25}",228,315,87,2
2,1,101030,split_spill_rejoin,4,void_regent,Void Regent,Nullifying Acolyte,1062,944,1.125,1.3,35.0,35.0,33.0316,52.7143,1845,1.737,over_band,nullify;warded,absorb;poison_resistance;suppress,"{""absorb"":7.0,""poison_resistance"":0.31,""suppress"":0.43}",228,243,15,1
2,1,101031,elite_orbit,4,plague_court,Plague Court,Spiteful Enemy,1071,952,1.125,1.3,38.0,38.0,32.2508,44.7632,1701,1.588,over_band,spiteful;hexed,cleanse_threshold;suppress;slow,"{""cleanse_threshold"":4.0,""slow"":0.25,""suppress"":0.45}",228,269,41,2
2,1,101032,five_way_market,3,plague_court,Plague Court,Withering Bloom,1610,1431,1.125,1.3,51.0,51.0,34.4606,47.8627,2441,1.516,over_band,spiteful;hexed,cleanse_threshold;suppress;slow,"{""cleanse_threshold"":4.0,""slow"":0.17,""suppress"":0.45}",228,328,100,2
2,1,101033,woven_boss_approach,3,void_regent,Void Regent,Warded Vessel,1029,915,1.125,1.3,35.0,35.0,33.0012,52.6571,1843,1.791,over_band,nullify;warded,absorb;poison_resistance;suppress,"{""absorb"":7.0,""poison_resistance"":0.35,""suppress"":0.45}",228,242,14,1
2,1,101034,woven_boss_approach,3,void_regent,Void Regent,Dimming Keeper,1708,1518,1.125,1.3,48.0,48.0,38.3477,61.2292,2939,1.721,over_band,nullify;warded,absorb;poison_resistance;suppress,"{""absorb"":7.0,""poison_resistance"":0.35,""suppress"":0.35}",228,319,91,0
2,1,101035,hourglass_detour,4,apex_bulwark,Apex Bulwark,Bulwark Sentinel,1217,1082,1.125,1.3,55.0,55.0,36.2524,58.4182,3213,2.64,over_band,aegis;fortified,block;armor,"{""armor"":120.0,""block"":10.0}",228,261,33,1
2,1,101036,split_spill_rejoin,4,void_regent,Void Regent,Dimming Enemy,1182,1051,1.125,1.3,34.0,34.0,38.0973,60.7941,2067,1.749,over_band,nullify;warded,absorb;poison_resistance;suppress,"{""absorb"":7.0,""poison_resistance"":0.35,""suppress"":0.39}",228,256,28,0
2,1,101037,hourglass_detour,4,chrono_tyrant,Chrono Tyrant,Devious Enemy,1280,1138,1.125,1.3,32.0,32.0,37.9755,53.5625,1714,1.339,over_band,devious;arcane,slow;cleanse_threshold;interrupt_skip_count,"{""cleanse_threshold"":5.0,""interrupt_skip_count"":3.0,""slow"":0.25}",228,314,86,2
2,1,101038,elite_orbit,4,plague_court,Plague Court,Spiteful Bloom,1783,1585,1.125,1.3,49.0,49.0,41.611,57.7755,2831,1.588,over_band,spiteful;hexed,cleanse_threshold;suppress;slow,"{""cleanse_threshold"":4.0,""slow"":0.25,""suppress"":0.45}",228,358,130,2
2,1,101039,split_spill_rejoin,4,void_regent,Void Regent,Hollow Enemy,1385,1231,1.125,1.3,37.0,37.0,41.1879,65.7297,2432,1.756,over_band,nullify;warded,absorb;poison_resistance;suppress,"{""absorb"":7.0,""poison_resistance"":0.35,""suppress"":0.4}",228,282,54,1
2,1,101040,braided_sideboard,4,chrono_tyrant,Chrono Tyrant,Arcane Enemy,2405,2138,1.125,1.3,58.0,58.0,38.4831,54.2759,3148,1.309,over_band,devious;arcane,cleanse_threshold;interrupt_skip_count;slow,"{""cleanse_threshold"":4.0,""interrupt_skip_count"":2.0,""slow"":0.25}",228,442,214,2
2,1,101041,five_way_market,3,plague_court,Plague Court,Withering Threat,1625,1444,1.125,1.3,56.0,56.0,32.2276,44.7679,2507,1.543,over_band,spiteful;hexed,cleanse_threshold;suppress;slow,"{""cleanse_threshold"":4.0,""slow"":0.2,""suppress"":0.45}",228,333,105,2
2,1,101042,five_way_market,3,chrono_tyrant,Chrono Tyrant,Devious Enemy,2196,1952,1.125,1.3,59.0,59.0,35.3314,49.8305,2940,1.339,over_band,devious;arcane,cleanse_threshold;interrupt_skip_count;slow,"{""cleanse_threshold"":5.0,""interrupt_skip_count"":3.0,""slow"":0.25}",228,429,201,2
2,1,101043,elite_orbit,4,chrono_tyrant,Chrono Tyrant,Arcane Threat,1575,1400,1.125,1.3,45.0,45.0,32.9303,46.4444,2090,1.327,over_band,devious;arcane,interrupt_skip_count;cleanse_threshold;slow,"{""cleanse_threshold"":4.0,""interrupt_skip_count"":3.0,""slow"":0.25}",228,356,128,2
2,1,101044,woven_boss_approach,3,plague_court,Plague Court,Hexed Threat,1024,910,1.125,1.3,32.0,32.0,36.0221,50.0625,1602,1.564,over_band,spiteful;hexed,cleanse_threshold;suppress;slow,"{""cleanse_threshold"":5.0,""slow"":0.21,""suppress"":0.45}",228,254,26,2
2,1,101045,split_spill_rejoin,4,apex_bulwark,Apex Bulwark,Fortified Enemy,1188,1056,1.125,1.3,49.0,49.0,38.5218,62.0612,3041,2.56,over_band,aegis;fortified,block;armor,"{""armor"":120.0,""block"":6.0}",228,246,18,1
2,1,101046,split_spill_rejoin,4,void_regent,Void Regent,Dimming Monster,1739,1546,1.125,1.3,58.0,58.0,33.5078,53.4828,3102,1.784,over_band,nullify;warded,absorb;poison_resistance;suppress,"{""absorb"":7.0,""poison_resistance"":0.35,""suppress"":0.44}",228,329,101,1
2,1,101047,hourglass_detour,4,plague_court,Plague Court,Withering Hexbearer,1737,1544,1.125,1.3,49.0,49.0,39.3856,54.6939,2680,1.543,over_band,spiteful;hexed,cleanse_threshold;suppress;slow,"{""cleanse_threshold"":4.0,""slow"":0.2,""suppress"":0.45}",228,347,119,2
2,1,101048,split_spill_rejoin,4,apex_bulwark,Apex Bulwark,Shielded Guard,1186,1054,1.125,1.3,53.0,53.0,35.8415,57.7358,3060,2.58,over_band,aegis;fortified,block;armor,"{""armor"":120.0,""block"":7.0}",228,248,20,1
2,1,101049,hourglass_detour,4,chrono_tyrant,Chrono Tyrant,Arcane Monster,1716,1525,1.125,1.3,49.0,49.0,32.9271,46.4694,2277,1.327,over_band,devious;arcane,interrupt_skip_count;slow;cleanse_threshold,"{""cleanse_threshold"":4.0,""interrupt_skip_count"":3.0,""slow"":0.25}",228,374,146,2
2,1,101050,braided_sideboard,4,chrono_tyrant,Chrono Tyrant,Arcane Threat,2379,2115,1.125,1.3,60.0,60.0,37.1346,52.3833,3143,1.321,over_band,devious;arcane,interrupt_skip_count;cleanse_threshold;slow,"{""cleanse_threshold"":5.0,""interrupt_skip_count"":2.0,""slow"":0.25}",228,433,205,2
2,1,101051,braided_sideboard,4,chrono_tyrant,Chrono Tyrant,Devious Enemy,1523,1354,1.125,1.3,37.0,37.0,38.5596,54.3784,2012,1.321,over_band,devious;arcane,cleanse_threshold;interrupt_skip_count;slow,"{""cleanse_threshold"":5.0,""interrupt_skip_count"":2.0,""slow"":0.25}",228,326,98,2
2,1,101052,split_spill_rejoin,4,void_regent,Void Regent,Hollow Threat,1143,1016,1.125,1.3,35.0,35.0,34.0457,54.3714,1903,1.665,over_band,nullify;warded,absorb;poison_resistance;suppress,"{""absorb"":7.0,""poison_resistance"":0.35,""suppress"":0.27}",228,242,14,0
2,1,101053,split_spill_rejoin,4,chrono_tyrant,Chrono Tyrant,Arcane Enemy,2062,1833,1.125,1.3,58.0,58.0,32.9966,46.5345,2699,1.309,over_band,devious;arcane,interrupt_skip_count;cleanse_threshold;slow,"{""cleanse_threshold"":4.0,""interrupt_skip_count"":2.0,""slow"":0.25}",228,399,171,2
2,1,101054,elite_orbit,4,apex_bulwark,Apex Bulwark,Shielded Threat,736,654,1.125,1.3,32.0,32.0,37.0891,59.8125,1914,2.6,over_band,aegis;fortified,block;armor,"{""armor"":120.0,""block"":8.0}",228,195,-33,1
2,1,101055,elite_orbit,4,chrono_tyrant,Chrono Tyrant,Devious Threat,1323,1176,1.125,1.3,31.0,31.0,40.1484,56.6452,1756,1.327,over_band,devious;arcane,cleanse_threshold;slow;interrupt_skip_count,"{""cleanse_threshold"":4.0,""interrupt_skip_count"":3.0,""slow"":0.25}",228,324,96,2
2,1,101056,woven_boss_approach,3,void_regent,Void Regent,Nullifying Monster,1262,1122,1.125,1.3,37.0,37.0,37.6654,60.1351,2225,1.763,over_band,nullify;warded,absorb;poison_resistance;suppress,"{""absorb"":7.0,""poison_resistance"":0.35,""suppress"":0.41}",228,268,40,1
2,1,101057,hourglass_detour,4,void_regent,Void Regent,Warded Acolyte,1344,1195,1.125,1.3,46.0,46.0,32.0294,51.1087,2351,1.749,over_band,nullify;warded,absorb;poison_resistance;suppress,"{""absorb"":7.0,""poison_resistance"":0.35,""suppress"":0.39}",228,276,48,0
2,1,101058,woven_boss_approach,3,void_regent,Void Regent,Dimming Monster,2021,1796,1.125,1.3,56.0,56.0,38.254,61.1071,3422,1.693,over_band,nullify;warded,absorb;poison_resistance;suppress,"{""absorb"":7.0,""poison_resistance"":0.35,""suppress"":0.31}",228,355,127,0
2,1,101059,split_spill_rejoin,4,plague_court,Plague Court,Bitter Bloom,1474,1310,1.125,1.3,53.0,53.0,31.7939,44.1698,2341,1.588,over_band,spiteful;hexed,cleanse_threshold;suppress;slow,"{""cleanse_threshold"":4.0,""slow"":0.25,""suppress"":0.45}",228,319,91,2
2,1,101060,woven_boss_approach,3,void_regent,Void Regent,Hollow Vessel,2177,1935,1.125,1.3,60.0,60.0,40.2233,64.2167,3853,1.77,over_band,nullify;warded,absorb;poison_resistance;suppress,"{""absorb"":7.0,""poison_resistance"":0.35,""suppress"":0.42}",228,383,155,1
2,1,101061,woven_boss_approach,3,void_regent,Void Regent,Warded Threat,1680,1493,1.125,1.3,52.0,52.0,35.2477,56.2885,2927,1.742,over_band,nullify;warded,absorb;poison_resistance;suppress,"{""absorb"":7.0,""poison_resistance"":0.35,""suppress"":0.38}",228,318,90,0
2,1,101062,braided_sideboard,4,plague_court,Plague Court,Hexed Hexbearer,1071,952,1.125,1.3,31.0,31.0,39.824,55.2903,1714,1.6,over_band,spiteful;hexed,cleanse_threshold;suppress;slow,"{""cleanse_threshold"":5.0,""slow"":0.25,""suppress"":0.45}",228,264,36,2
2,1,101063,elite_orbit,4,void_regent,Void Regent,Hollow Threat,1859,1652,1.125,1.3,50.0,50.0,38.8567,62.06,3103,1.669,over_band,nullify;warded,absorb;poison_resistance;suppress,"{""absorb"":6.0,""poison_resistance"":0.33,""suppress"":0.33}",228,332,104,0
2,1,101064,elite_orbit,4,plague_court,Plague Court,Bitter Enemy,1481,1316,1.125,1.3,45.0,45.0,35.5055,49.3111,2219,1.498,over_band,spiteful;hexed,cleanse_threshold;suppress;slow,"{""cleanse_threshold"":4.0,""slow"":0.15,""suppress"":0.45}",228,311,83,2
2,1,101065,hourglass_detour,4,void_regent,Void Regent,Hollow Enemy,1874,1666,1.125,1.3,59.0,59.0,34.8795,55.678,3285,1.753,over_band,nullify;warded,absorb;poison_resistance;suppress,"{""absorb"":7.0,""poison_resistance"":0.34,""suppress"":0.41}",228,343,115,1
2,1,101066,five_way_market,3,void_regent,Void Regent,Hollow Vessel,2145,1907,1.125,1.3,59.0,59.0,39.206,62.5763,3692,1.721,over_band,nullify;warded,absorb;poison_resistance;suppress,"{""absorb"":7.0,""poison_resistance"":0.35,""suppress"":0.35}",228,373,145,0
2,1,101067,woven_boss_approach,3,apex_bulwark,Apex Bulwark,Shielded Enemy,1034,919,1.125,1.3,49.0,49.0,34.0515,54.8571,2688,2.6,over_band,aegis;fortified,block;armor,"{""armor"":120.0,""block"":8.0}",228,232,4,1
2,1,101068,elite_orbit,4,apex_bulwark,Apex Bulwark,Shielded Enemy,960,853,1.125,1.3,46.0,46.0,33.6514,54.2609,2496,2.6,over_band,aegis;fortified,block;armor,"{""armor"":120.0,""block"":8.0}",228,223,-5,1
2,1,101069,split_spill_rejoin,4,chrono_tyrant,Chrono Tyrant,Arcane Monster,1955,1738,1.125,1.3,53.0,53.0,34.5417,48.7358,2583,1.321,over_band,devious;arcane,cleanse_threshold;slow;interrupt_skip_count,"{""cleanse_threshold"":5.0,""interrupt_skip_count"":2.0,""slow"":0.25}",228,380,152,2
2,1,101070,five_way_market,3,plague_court,Plague Court,Bitter Bloom,1121,996,1.125,1.3,30.0,30.0,41.7317,58.0,1740,1.552,over_band,spiteful;hexed,cleanse_threshold;suppress;slow,"{""cleanse_threshold"":4.0,""slow"":0.21,""suppress"":0.45}",228,271,43,2
2,1,101071,split_spill_rejoin,4,plague_court,Plague Court,Bitter Threat,920,818,1.125,1.3,32.0,32.0,31.7848,44.0938,1411,1.534,over_band,spiteful;hexed,cleanse_threshold;suppress;slow,"{""cleanse_threshold"":4.0,""slow"":0.19,""suppress"":0.45}",228,244,16,2
2,1,101072,braided_sideboard,4,void_regent,Void Regent,Warded Vessel,1753,1558,1.125,1.3,58.0,58.0,32.1187,51.2931,2975,1.697,over_band,nullify;warded,absorb;poison_resistance;suppress,"{""absorb"":7.0,""poison_resistance"":0.34,""suppress"":0.33}",228,322,94,0
2,1,101073,woven_boss_approach,3,chrono_tyrant,Chrono Tyrant,Devious Monster,1953,1736,1.125,1.3,52.0,52.0,34.8395,49.1538,2556,1.309,over_band,devious;arcane,interrupt_skip_count;cleanse_threshold;slow,"{""cleanse_threshold"":4.0,""interrupt_skip_count"":2.0,""slow"":0.25}",228,385,157,2
2,1,101074,split_spill_rejoin,4,void_regent,Void Regent,Dimming Threat,1740,1547,1.125,1.3,48.0,48.0,40.3705,64.4167,3092,1.777,over_band,nullify;warded,absorb;poison_resistance;suppress,"{""absorb"":7.0,""poison_resistance"":0.35,""suppress"":0.43}",228,330,102,1
2,1,101075,braided_sideboard,4,plague_court,Plague Court,Bitter Enemy,1726,1534,1.125,1.3,50.0,50.0,39.7719,55.24,2762,1.6,over_band,spiteful;hexed,cleanse_threshold;suppress;slow,"{""cleanse_threshold"":5.0,""slow"":0.25,""suppress"":0.45}",228,346,118,2
2,1,101076,woven_boss_approach,3,plague_court,Plague Court,Bitter Hexbearer,1874,1666,1.125,1.3,56.0,56.0,37.6358,52.2321,2925,1.561,over_band,spiteful;hexed,cleanse_threshold;suppress;slow,"{""cleanse_threshold"":4.0,""slow"":0.22,""suppress"":0.45}",228,366,138,2
2,1,101077,hourglass_detour,4,void_regent,Void Regent,Hollow Keeper,1456,1294,1.125,1.3,44.0,44.0,36.1065,57.6364,2536,1.742,over_band,nullify;warded,absorb;poison_resistance;suppress,"{""absorb"":7.0,""poison_resistance"":0.35,""suppress"":0.38}",228,290,62,0
2,1,101078,braided_sideboard,4,apex_bulwark,Apex Bulwark,Shielded Gatekeeper,1420,1262,1.125,1.3,57.0,57.0,40.7983,65.7719,3749,2.64,over_band,aegis;fortified,block;armor,"{""armor"":120.0,""block"":10.0}",228,287,59,1
2,1,101079,hourglass_detour,4,chrono_tyrant,Chrono Tyrant,Arcane Threat,1405,1249,1.125,1.3,34.0,34.0,38.3366,54.0882,1839,1.309,over_band,devious;arcane,slow;interrupt_skip_count;cleanse_threshold,"{""cleanse_threshold"":4.0,""interrupt_skip_count"":2.0,""slow"":0.25}",228,317,89,2
2,1,101080,split_spill_rejoin,4,apex_bulwark,Apex Bulwark,Bulwark Monster,1388,1234,1.125,1.3,53.0,53.0,41.9436,67.566,3581,2.58,over_band,aegis;fortified,block;armor,"{""armor"":120.0,""block"":7.0}",228,274,46,1
3,2,111001,braided_sideboard,4,void_regent,Void Regent,Warded Acolyte,1830,1464,1.25,1.6,37.0,37.0,49.7363,88.2432,3265,1.784,over_band,nullify;warded,absorb;poison_resistance;suppress,"{""absorb"":7.0,""poison_resistance"":0.35,""suppress"":0.44}",228,341,113,1
3,2,111002,braided_sideboard,4,plague_court,Plague Court,Bitter Seer,1491,1193,1.25,1.6,32.0,32.0,47.2311,72.875,2332,1.564,over_band,spiteful;hexed,cleanse_threshold;suppress;slow,"{""cleanse_threshold"":5.0,""slow"":0.21,""suppress"":0.45}",228,312,84,2
3,2,111003,five_way_market,3,chrono_tyrant,Chrono Tyrant,Devious Enemy,1461,1169,1.25,1.6,31.0,31.0,40.2673,63.0968,1956,1.339,over_band,devious;arcane,slow;cleanse_threshold;interrupt_skip_count,"{""cleanse_threshold"":5.0,""interrupt_skip_count"":3.0,""slow"":0.25}",228,337,109,2
3,2,111004,woven_boss_approach,3,apex_bulwark,Apex Bulwark,Bulwark Threat,1375,1100,1.25,1.6,46.0,46.0,44.0931,78.913,3630,2.64,over_band,aegis;fortified,block;armor,"{""armor"":120.0,""block"":10.0}",228,281,53,1
3,2,111005,elite_orbit,4,plague_court,Plague Court,Spiteful Bloom,1215,972,1.25,1.6,30.0,30.0,40.2711,62.1333,1864,1.534,over_band,spiteful;hexed,cleanse_threshold;suppress;slow,"{""cleanse_threshold"":4.0,""slow"":0.19,""suppress"":0.45}",228,281,53,2
3,2,111006,woven_boss_approach,3,plague_court,Plague Court,Bitter Hexbearer,1734,1387,1.25,1.6,45.0,45.0,39.2907,60.6222,2728,1.573,over_band,spiteful;hexed,cleanse_threshold;suppress;slow,"{""cleanse_threshold"":5.0,""slow"":0.22,""suppress"":0.45}",228,344,116,2
3,2,111007,split_spill_rejoin,4,plague_court,Plague Court,Hexed Enemy,2360,1888,1.25,1.6,56.0,56.0,41.8954,64.6429,3620,1.534,over_band,spiteful;hexed,cleanse_threshold;suppress;slow,"{""cleanse_threshold"":4.0,""slow"":0.19,""suppress"":0.45}",228,424,196,2
3,2,111008,hourglass_detour,4,plague_court,Plague Court,Bitter Bloom,1474,1179,1.25,1.6,32.0,32.0,45.5086,70.25,2248,1.525,over_band,spiteful;hexed,cleanse_threshold;suppress;slow,"{""cleanse_threshold"":4.0,""slow"":0.18,""suppress"":0.45}",228,312,84,2
3,2,111009,woven_boss_approach,3,chrono_tyrant,Chrono Tyrant,Devious Monster,1834,1467,1.25,1.6,32.0,32.0,47.8432,75.0313,2401,1.309,over_band,devious;arcane,cleanse_threshold;interrupt_skip_count;slow,"{""cleanse_threshold"":4.0,""interrupt_skip_count"":2.0,""slow"":0.25}",228,370,142,2
3,2,111010,five_way_market,3,apex_bulwark,Apex Bulwark,Shielded Threat,1330,1064,1.25,1.6,46.0,46.0,41.9736,75.1739,3458,2.6,over_band,aegis;fortified,block;armor,"{""armor"":120.0,""block"":8.0}",228,269,41,1
3,2,111011,braided_sideboard,4,apex_bulwark,Apex Bulwark,Fortified Guard,851,681,1.25,1.6,31.0,31.0,39.599,70.8387,2196,2.58,over_band,aegis;fortified,block;armor,"{""armor"":120.0,""block"":7.0}",228,206,-22,1
3,2,111012,braided_sideboard,4,void_regent,Void Regent,Nullifying Monster,2000,1600,1.25,1.6,38.0,38.0,50.0396,88.7368,3372,1.686,over_band,nullify;warded,absorb;poison_resistance;suppress,"{""absorb"":7.0,""poison_resistance"":0.35,""suppress"":0.3}",228,351,123,0
3,2,111013,five_way_market,3,apex_bulwark,Apex Bulwark,Shielded Threat,994,795,1.25,1.6,34.0,34.0,43.0912,77.1765,2624,2.64,over_band,aegis;fortified,block;armor,"{""armor"":120.0,""block"":10.0}",228,233,5,1
3,2,111014,five_way_market,3,chrono_tyrant,Chrono Tyrant,Devious Enemy,2199,1759,1.25,1.6,38.0,38.0,48.9749,76.7895,2918,1.327,over_band,devious;arcane,slow;interrupt_skip_count;cleanse_threshold,"{""cleanse_threshold"":4.0,""interrupt_skip_count"":3.0,""slow"":0.25}",228,434,206,2
3,2,111015,elite_orbit,4,apex_bulwark,Apex Bulwark,Fortified Enemy,926,741,1.25,1.6,31.0,31.0,43.0806,77.0645,2389,2.58,over_band,aegis;fortified,block;armor,"{""armor"":120.0,""block"":7.0}",228,216,-12,1
3,2,111016,split_spill_rejoin,4,chrono_tyrant,Chrono Tyrant,Devious Monster,2785,2228,1.25,1.6,49.0,49.0,47.4713,74.4082,3646,1.309,over_band,devious;arcane,cleanse_threshold;slow;interrupt_skip_count,"{""cleanse_threshold"":4.0,""interrupt_skip_count"":2.0,""slow"":0.25}",228,489,261,2
3,2,111017,hourglass_detour,4,apex_bulwark,Apex Bulwark,Bulwark Guard,1049,839,1.25,1.6,36.0,36.0,42.3252,75.75,2727,2.6,over_band,aegis;fortified,block;armor,"{""armor"":120.0,""block"":8.0}",228,234,6,1
3,2,111018,split_spill_rejoin,4,plague_court,Plague Court,Bitter Hexbearer,2608,2086,1.25,1.6,57.0,57.0,47.1791,72.7895,4149,1.591,over_band,spiteful;hexed,cleanse_threshold;suppress;slow,"{""cleanse_threshold"":5.0,""slow"":0.24,""suppress"":0.45}",228,455,227,2
3,2,111019,woven_boss_approach,3,apex_bulwark,Apex Bulwark,Bulwark Guard,1613,1290,1.25,1.6,51.0,51.0,45.9057,82.2353,4194,2.6,over_band,aegis;fortified,block;armor,"{""armor"":120.0,""block"":8.0}",228,305,77,1
3,2,111020,hourglass_detour,4,plague_court,Plague Court,Hexed Monster,2189,1751,1.25,1.6,50.0,50.0,43.2774,66.76,3338,1.525,over_band,spiteful;hexed,cleanse_threshold;suppress;slow,"{""cleanse_threshold"":4.0,""slow"":0.18,""suppress"":0.45}",228,402,174,2
3,2,111021,five_way_market,3,chrono_tyrant,Chrono Tyrant,Arcane Monster,2623,2098,1.25,1.6,55.0,55.0,40.7321,63.8545,3512,1.339,over_band,devious;arcane,cleanse_threshold;slow;interrupt_skip_count,"{""cleanse_threshold"":5.0,""interrupt_skip_count"":3.0,""slow"":0.25}",228,482,254,2
3,2,111022,five_way_market,3,apex_bulwark,Apex Bulwark,Braced Gatekeeper,1344,1075,1.25,1.6,50.0,50.0,39.631,70.96,3548,2.64,over_band,aegis;fortified,block;armor,"{""armor"":120.0,""block"":10.0}",228,277,49,1
3,2,111023,braided_sideboard,4,chrono_tyrant,Chrono Tyrant,Devious Monster,1509,1207,1.25,1.6,30.0,30.0,42.5636,66.7333,2002,1.327,over_band,devious;arcane,slow;interrupt_skip_count;cleanse_threshold,"{""cleanse_threshold"":4.0,""interrupt_skip_count"":3.0,""slow"":0.25}",228,348,120,2
3,2,111024,five_way_market,3,apex_bulwark,Apex Bulwark,Braced Enemy,1806,1445,1.25,1.6,56.0,56.0,47.5677,85.1429,4768,2.64,over_band,aegis;fortified,block;armor,"{""armor"":120.0,""block"":10.0}",228,335,107,1
3,2,111025,elite_orbit,4,void_regent,Void Regent,Warded Vessel,1389,1111,1.25,1.6,31.0,31.0,43.5442,77.2581,2395,1.724,over_band,nullify;warded,absorb;poison_resistance;suppress,"{""absorb"":6.0,""poison_resistance"":0.35,""suppress"":0.38}",228,279,51,0
3,2,111026,split_spill_rejoin,4,chrono_tyrant,Chrono Tyrant,Devious Enemy,2054,1643,1.25,1.6,38.0,38.0,45.1379,70.7632,2689,1.309,over_band,devious;arcane,interrupt_skip_count;cleanse_threshold;slow,"{""cleanse_threshold"":4.0,""interrupt_skip_count"":2.0,""slow"":0.25}",228,398,170,2
3,2,111027,braided_sideboard,4,plague_court,Plague Court,Withering Enemy,2271,1817,1.25,1.6,57.0,57.0,40.7741,62.9123,3586,1.579,over_band,spiteful;hexed,cleanse_threshold;suppress;slow,"{""cleanse_threshold"":4.0,""slow"":0.24,""suppress"":0.45}",228,418,190,2
3,2,111028,five_way_market,3,chrono_tyrant,Chrono Tyrant,Devious Monster,1681,1345,1.25,1.6,34.0,34.0,41.2961,64.7059,2200,1.309,over_band,devious;arcane,interrupt_skip_count;slow;cleanse_threshold,"{""cleanse_threshold"":4.0,""interrupt_skip_count"":2.0,""slow"":0.25}",228,351,123,2
3,2,111029,five_way_market,3,apex_bulwark,Apex Bulwark,Braced Sentinel,946,757,1.25,1.6,35.0,35.0,39.8698,71.3429,2497,2.64,over_band,aegis;fortified,block;armor,"{""armor"":120.0,""block"":10.0}",228,227,-1,1
3,2,111030,five_way_market,3,apex_bulwark,Apex Bulwark,Shielded Enemy,1908,1526,1.25,1.6,56.0,56.0,50.2193,89.9464,5037,2.64,over_band,aegis;fortified,block;armor,"{""armor"":120.0,""block"":10.0}",228,348,120,1
3,2,111031,split_spill_rejoin,4,apex_bulwark,Apex Bulwark,Shielded Gatekeeper,1779,1423,1.25,1.6,52.0,52.0,50.4538,90.3269,4697,2.64,over_band,aegis;fortified,block;armor,"{""armor"":120.0,""block"":10.0}",228,331,103,1
3,2,111032,braided_sideboard,4,void_regent,Void Regent,Warded Keeper,2778,2222,1.25,1.6,55.0,55.0,49.3114,87.4727,4811,1.732,over_band,nullify;warded,absorb;poison_resistance;suppress,"{""absorb"":7.0,""poison_resistance"":0.34,""suppress"":0.38}",228,454,226,0
3,2,111033,woven_boss_approach,3,apex_bulwark,Apex Bulwark,Bulwark Monster,1408,1126,1.25,1.6,48.0,48.0,42.2695,75.6875,3633,2.58,over_band,aegis;fortified,block;armor,"{""armor"":120.0,""block"":7.0}",228,276,48,1
3,2,111034,five_way_market,3,plague_court,Plague Court,Hexed Bloom,1998,1598,1.25,1.6,46.0,46.0,44.7097,68.9783,3173,1.588,over_band,spiteful;hexed,cleanse_threshold;suppress;slow,"{""cleanse_threshold"":4.0,""slow"":0.25,""suppress"":0.45}",228,385,157,2
3,2,111035,hourglass_detour,4,apex_bulwark,Apex Bulwark,Bulwark Monster,1125,900,1.25,1.6,37.0,37.0,44.8129,80.2703,2970,2.64,over_band,aegis;fortified,block;armor,"{""armor"":120.0,""block"":10.0}",228,250,22,1
3,2,111036,five_way_market,3,void_regent,Void Regent,Dimming Acolyte,1331,1065,1.25,1.6,31.0,31.0,42.357,75.0968,2328,1.749,over_band,nullify;warded,absorb;poison_resistance;suppress,"{""absorb"":6.0,""poison_resistance"":0.34,""suppress"":0.43}",228,274,46,1
3,2,111037,braided_sideboard,4,void_regent,Void Regent,Hollow Threat,1670,1336,1.25,1.6,37.0,37.0,42.561,75.4595,2792,1.672,over_band,nullify;warded,absorb;poison_resistance;suppress,"{""absorb"":7.0,""poison_resistance"":0.35,""suppress"":0.28}",228,309,81,0
3,2,111038,split_spill_rejoin,4,void_regent,Void Regent,Warded Acolyte,1643,1314,1.25,1.6,36.0,36.0,43.1894,76.6389,2759,1.679,over_band,nullify;warded,absorb;poison_resistance;suppress,"{""absorb"":7.0,""poison_resistance"":0.35,""suppress"":0.29}",228,306,78,0
3,2,111039,hourglass_detour,4,apex_bulwark,Apex Bulwark,Shielded Enemy,983,786,1.25,1.6,35.0,35.0,41.4076,74.1429,2595,2.64,over_band,aegis;fortified,block;armor,"{""armor"":120.0,""block"":10.0}",228,232,4,1
3,2,111040,five_way_market,3,void_regent,Void Regent,Warded Enemy,1230,984,1.25,1.6,30.0,30.0,39.7186,70.4333,2113,1.718,over_band,nullify;warded,absorb;poison_resistance;suppress,"{""absorb"":7.0,""poison_resistance"":0.34,""suppress"":0.36}",228,259,31,0
3,2,111041,five_way_market,3,plague_court,Plague Court,Withering Threat,1743,1394,1.25,1.6,35.0,35.0,51.2424,79.0857,2768,1.588,over_band,spiteful;hexed,cleanse_threshold;suppress;slow,"{""cleanse_threshold"":4.0,""slow"":0.25,""suppress"":0.45}",228,353,125,2
3,2,111042,hourglass_detour,4,apex_bulwark,Apex Bulwark,Shielded Enemy,1310,1048,1.25,1.6,39.0,39.0,49.522,88.6667,3458,2.64,over_band,aegis;fortified,block;armor,"{""armor"":120.0,""block"":10.0}",228,273,45,1
3,2,111043,elite_orbit,4,plague_court,Plague Court,Spiteful Enemy,1918,1534,1.25,1.6,37.0,37.0,51.5299,79.5135,2942,1.534,over_band,spiteful;hexed,cleanse_threshold;suppress;slow,"{""cleanse_threshold"":4.0,""slow"":0.19,""suppress"":0.45}",228,369,141,2
3,2,111044,woven_boss_approach,3,chrono_tyrant,Chrono Tyrant,Arcane Threat,3300,2640,1.25,1.6,60.0,60.0,45.9346,72.0,4320,1.309,over_band,devious;arcane,interrupt_skip_count;cleanse_threshold;slow,"{""cleanse_threshold"":4.0,""interrupt_skip_count"":2.0,""slow"":0.25}",228,554,326,2
3,2,111045,woven_boss_approach,3,void_regent,Void Regent,Nullifying Acolyte,1765,1412,1.25,1.6,35.0,35.0,49.9355,88.5429,3099,1.756,over_band,nullify;warded,absorb;poison_resistance;suppress,"{""absorb"":7.0,""poison_resistance"":0.35,""suppress"":0.4}",228,330,102,1
3,2,111046,elite_orbit,4,chrono_tyrant,Chrono Tyrant,Devious Threat,2895,2316,1.25,1.6,57.0,57.0,42.9911,67.4035,3842,1.327,over_band,devious;arcane,slow;cleanse_threshold;interrupt_skip_count,"{""cleanse_threshold"":4.0,""interrupt_skip_count"":3.0,""slow"":0.25}",228,521,293,2
3,2,111047,hourglass_detour,4,chrono_tyrant,Chrono Tyrant,Devious Threat,1831,1465,1.25,1.6,36.0,36.0,42.88,67.1944,2419,1.321,over_band,devious;arcane,cleanse_threshold;interrupt_skip_count;slow,"{""cleanse_threshold"":5.0,""interrupt_skip_count"":2.0,""slow"":0.25}",228,365,137,2
3,2,111048,hourglass_detour,4,void_regent,Void Regent,Warded Keeper,3016,2413,1.25,1.6,58.0,58.0,49.2199,87.3103,5064,1.679,over_band,nullify;warded,absorb;poison_resistance;suppress,"{""absorb"":7.0,""poison_resistance"":0.35,""suppress"":0.29}",228,478,250,0
3,2,111049,five_way_market,3,plague_court,Plague Court,Spiteful Threat,2429,1943,1.25,1.6,50.0,50.0,49.9875,77.14,3857,1.588,over_band,spiteful;hexed,cleanse_threshold;suppress;slow,"{""cleanse_threshold"":4.0,""slow"":0.25,""suppress"":0.45}",228,439,211,2
3,2,111050,woven_boss_approach,3,void_regent,Void Regent,Nullifying Keeper,2238,1790,1.25,1.6,45.0,45.0,45.9206,81.4667,3666,1.638,over_band,nullify;warded,absorb;poison_resistance;suppress,"{""absorb"":6.0,""poison_resistance"":0.32,""suppress"":0.3}",228,376,148,0
3,2,111051,hourglass_detour,4,chrono_tyrant,Chrono Tyrant,Arcane Enemy,3156,2525,1.25,1.6,55.0,55.0,49.0276,76.8364,4226,1.339,over_band,devious;arcane,slow;cleanse_threshold;interrupt_skip_count,"{""cleanse_threshold"":5.0,""interrupt_skip_count"":3.0,""slow"":0.25}",228,549,321,2
3,2,111052,elite_orbit,4,apex_bulwark,Apex Bulwark,Shielded Monster,1833,1466,1.25,1.6,56.0,56.0,47.8913,85.75,4802,2.62,over_band,aegis;fortified,block;armor,"{""armor"":120.0,""block"":9.0}",228,335,107,1
3,2,111053,woven_boss_approach,3,void_regent,Void Regent,Hollow Enemy,1708,1366,1.25,1.6,34.0,34.0,50.2956,89.2647,3035,1.777,over_band,nullify;warded,absorb;poison_resistance;suppress,"{""absorb"":7.0,""poison_resistance"":0.35,""suppress"":0.43}",228,326,98,1
3,2,111054,hourglass_detour,4,void_regent,Void Regent,Nullifying Enemy,1831,1465,1.25,1.6,45.0,45.0,40.2962,71.4444,3215,1.756,over_band,nullify;warded,absorb;poison_resistance;suppress,"{""absorb"":7.0,""poison_resistance"":0.35,""suppress"":0.4}",228,338,110,1
3,2,111055,woven_boss_approach,3,chrono_tyrant,Chrono Tyrant,Arcane Enemy,3041,2433,1.25,1.6,51.0,51.0,50.9494,79.8431,4072,1.339,over_band,devious;arcane,cleanse_threshold;interrupt_skip_count;slow,"{""cleanse_threshold"":5.0,""interrupt_skip_count"":3.0,""slow"":0.25}",228,534,306,2
3,2,111056,split_spill_rejoin,4,apex_bulwark,Apex Bulwark,Braced Guard,2028,1622,1.25,1.6,59.0,59.0,49.9154,89.3729,5273,2.6,over_band,aegis;fortified,block;armor,"{""armor"":120.0,""block"":8.0}",228,357,129,1
3,2,111057,braided_sideboard,4,chrono_tyrant,Chrono Tyrant,Devious Enemy,2755,2204,1.25,1.6,53.0,53.0,44.4015,69.6038,3689,1.339,over_band,devious;arcane,slow;cleanse_threshold;interrupt_skip_count,"{""cleanse_threshold"":5.0,""interrupt_skip_count"":3.0,""slow"":0.25}",228,498,270,2
3,2,111058,woven_boss_approach,3,void_regent,Void Regent,Dimming Monster,1901,1521,1.25,1.6,39.0,39.0,45.6812,81.0,3159,1.662,over_band,nullify;warded,absorb;poison_resistance;suppress,"{""absorb"":7.0,""poison_resistance"":0.34,""suppress"":0.28}",228,337,109,0
3,2,111059,hourglass_detour,4,void_regent,Void Regent,Dimming Enemy,2689,2151,1.25,1.6,56.0,56.0,47.4891,84.2321,4717,1.754,over_band,nullify;warded,absorb;poison_resistance;suppress,"{""absorb"":7.0,""poison_resistance"":0.32,""suppress"":0.44}",228,446,218,1
3,2,111060,split_spill_rejoin,4,void_regent,Void Regent,Dimming Keeper,2069,1655,1.25,1.6,45.0,45.0,46.4055,82.3556,3706,1.791,over_band,nullify;warded,absorb;poison_resistance;suppress,"{""absorb"":7.0,""poison_resistance"":0.35,""suppress"":0.45}",228,372,144,1
3,2,111061,braided_sideboard,4,apex_bulwark,Apex Bulwark,Braced Gatekeeper,1585,1268,1.25,1.6,59.0,59.0,39.3029,70.3898,4153,2.62,over_band,aegis;fortified,block;armor,"{""armor"":120.0,""block"":9.0}",228,304,76,1
3,2,111062,five_way_market,3,chrono_tyrant,Chrono Tyrant,Devious Threat,1600,1280,1.25,1.6,32.0,32.0,42.1338,66.0625,2114,1.321,over_band,devious;arcane,interrupt_skip_count;slow;cleanse_threshold,"{""cleanse_threshold"":5.0,""interrupt_skip_count"":2.0,""slow"":0.25}",228,336,108,2
3,2,111063,elite_orbit,4,plague_court,Plague Court,Spiteful Enemy,2690,2152,1.25,1.6,57.0,57.0,48.1079,74.2281,4231,1.573,over_band,spiteful;hexed,cleanse_threshold;suppress;slow,"{""cleanse_threshold"":5.0,""slow"":0.22,""suppress"":0.45}",228,463,235,2
3,2,111064,split_spill_rejoin,4,plague_court,Plague Court,Spiteful Hexbearer,2265,1812,1.25,1.6,50.0,50.0,44.3504,68.4,3420,1.51,over_band,spiteful;hexed,cleanse_threshold;suppress;slow,"{""cleanse_threshold"":5.0,""slow"":0.15,""suppress"":0.45}",228,404,176,2
3,2,111065,elite_orbit,4,plague_court,Plague Court,Hexed Monster,2269,1815,1.25,1.6,56.0,56.0,41.3,63.7321,3569,1.573,over_band,spiteful;hexed,cleanse_threshold;suppress;slow,"{""cleanse_threshold"":5.0,""slow"":0.22,""suppress"":0.45}",228,411,183,2
3,2,111066,split_spill_rejoin,4,plague_court,Plague Court,Withering Threat,1289,1031,1.25,1.6,31.0,31.0,41.3191,63.7742,1977,1.534,over_band,spiteful;hexed,cleanse_threshold;suppress;slow,"{""cleanse_threshold"":4.0,""slow"":0.19,""suppress"":0.45}",228,290,62,2
3,2,111067,elite_orbit,4,plague_court,Plague Court,Spiteful Enemy,1390,1112,1.25,1.6,32.0,32.0,44.2097,68.1875,2182,1.57,over_band,spiteful;hexed,cleanse_threshold;slow;suppress,"{""cleanse_threshold"":4.0,""slow"":0.23,""suppress"":0.45}",228,307,79,2
3,2,111068,hourglass_detour,4,apex_bulwark,Apex Bulwark,Shielded Guard,1584,1267,1.25,1.6,50.0,50.0,46.7224,83.64,4182,2.64,over_band,aegis;fortified,block;armor,"{""armor"":120.0,""block"":10.0}",228,307,79,1
3,2,111069,braided_sideboard,4,plague_court,Plague Court,Withering Threat,2660,2128,1.25,1.6,57.0,57.0,46.5033,71.7193,4088,1.537,over_band,spiteful;hexed,cleanse_threshold;suppress;slow,"{""cleanse_threshold"":5.0,""slow"":0.18,""suppress"":0.45}",228,456,228,2
3,2,111070,split_spill_rejoin,4,apex_bulwark,Apex Bulwark,Fortified Threat,1513,1210,1.25,1.6,51.0,51.0,42.7278,76.549,3904,2.58,over_band,aegis;fortified,block;armor,"{""armor"":120.0,""block"":7.0}",228,289,61,1
3,2,111071,split_spill_rejoin,4,chrono_tyrant,Chrono Tyrant,Devious Enemy,3169,2535,1.25,1.6,60.0,60.0,44.7127,70.0833,4205,1.327,over_band,devious;arcane,cleanse_threshold;slow;interrupt_skip_count,"{""cleanse_threshold"":4.0,""interrupt_skip_count"":3.0,""slow"":0.25}",228,555,327,2
3,2,111072,braided_sideboard,4,plague_court,Plague Court,Spiteful Threat,2096,1677,1.25,1.6,45.0,45.0,46.5874,71.8667,3234,1.543,over_band,spiteful;hexed,cleanse_threshold;suppress;slow,"{""cleanse_threshold"":4.0,""slow"":0.2,""suppress"":0.45}",228,392,164,2
3,2,111073,woven_boss_approach,3,apex_bulwark,Apex Bulwark,Braced Gatekeeper,904,723,1.25,1.6,30.0,30.0,44.0753,78.9333,2368,2.62,over_band,aegis;fortified,block;armor,"{""armor"":120.0,""block"":9.0}",228,219,-9,1
3,2,111074,hourglass_detour,4,plague_court,Plague Court,Bitter Seer,1646,1317,1.25,1.6,37.0,37.0,44.4958,68.6486,2540,1.543,over_band,spiteful;hexed,cleanse_threshold;suppress;slow,"{""cleanse_threshold"":4.0,""slow"":0.2,""suppress"":0.45}",228,336,108,2
3,2,111075,braided_sideboard,4,plague_court,Plague Court,Spiteful Enemy,1500,1200,1.25,1.6,38.0,38.0,40.6965,62.8158,2387,1.591,over_band,spiteful;hexed,cleanse_threshold;suppress;slow,"{""cleanse_threshold"":5.0,""slow"":0.24,""suppress"":0.45}",228,317,89,2
3,2,111076,five_way_market,3,chrono_tyrant,Chrono Tyrant,Devious Monster,2033,1626,1.25,1.6,36.0,36.0,47.7886,74.9444,2698,1.327,over_band,devious;arcane,interrupt_skip_count;cleanse_threshold;slow,"{""cleanse_threshold"":4.0,""interrupt_skip_count"":3.0,""slow"":0.25}",228,413,185,2
3,2,111077,woven_boss_approach,3,apex_bulwark,Apex Bulwark,Bulwark Sentinel,895,716,1.25,1.6,32.0,32.0,41.2199,73.8438,2363,2.64,over_band,aegis;fortified,block;armor,"{""armor"":120.0,""block"":10.0}",228,221,-7,1
3,2,111078,split_spill_rejoin,4,apex_bulwark,Apex Bulwark,Fortified Sentinel,1090,872,1.25,1.6,38.0,38.0,42.3141,75.7368,2878,2.64,over_band,aegis;fortified,block;armor,"{""armor"":120.0,""block"":10.0}",228,245,17,1
3,2,111079,woven_boss_approach,3,plague_court,Plague Court,Spiteful Monster,2231,1785,1.25,1.6,45.0,45.0,49.314,76.0444,3422,1.534,over_band,spiteful;hexed,cleanse_threshold;suppress;slow,"{""cleanse_threshold"":4.0,""slow"":0.19,""suppress"":0.45}",228,408,180,2
3,2,111080,split_spill_rejoin,4,chrono_tyrant,Chrono Tyrant,Arcane Monster,2289,1831,1.25,1.6,39.0,39.0,49.0167,76.8205,2996,1.309,over_band,devious;arcane,slow;cleanse_threshold;interrupt_skip_count,"{""cleanse_threshold"":4.0,""interrupt_skip_count"":2.0,""slow"":0.25}",228,427,199,2
4,3,121001,elite_orbit,4,void_regent,Void Regent,Dimming Acolyte,2974,2163,1.375,1.9,37.0,37.0,78.6307,153.4324,5677,1.909,over_band,nullify;warded,absorb;poison_resistance;suppress,"{""absorb"":8.0,""poison_resistance"":0.52,""suppress"":0.35}",302,490,188,0
4,3,121002,split_spill_rejoin,4,plague_court,Plague Court,Withering Hexbearer,3865,2811,1.375,1.9,58.0,58.0,81.7147,138.6724,8043,2.081,over_band,spiteful;hexed,cleanse_threshold;suppress;poison_resistance;slow,"{""cleanse_threshold"":4.0,""poison_resistance"":0.24,""slow"":0.29,""suppress"":0.76}",302,681,379,2
4,3,121003,five_way_market,3,apex_bulwark,Apex Bulwark,Shielded Monster,1924,1399,1.375,1.9,37.0,37.0,83.6559,164.7297,6095,3.168,over_band,aegis;fortified,block;armor;crit_negation,"{""armor"":120.0,""block"":13.0,""crit_negation"":0.78}",302,431,129,2
4,3,121004,hourglass_detour,4,void_regent,Void Regent,Dimming Acolyte,4393,3195,1.375,1.9,59.0,59.0,76.2078,148.6949,8773,1.997,over_band,nullify;warded,absorb;poison_resistance;suppress,"{""absorb"":13.0,""poison_resistance"":0.49,""suppress"":0.39}",302,684,382,0
4,3,121005,woven_boss_approach,3,apex_bulwark,Apex Bulwark,Shielded Guard,1841,1339,1.375,1.9,34.0,34.0,84.525,166.4412,5659,3.074,over_band,aegis;fortified,block;armor;crit_negation,"{""armor"":120.0,""block"":8.0,""crit_negation"":0.79}",302,406,104,2
4,3,121006,five_way_market,3,plague_court,Plague Court,Spiteful Seer,2375,1727,1.375,1.9,36.0,36.0,80.0373,135.8333,4890,2.059,over_band,spiteful;hexed,cleanse_threshold;suppress;slow;poison_resistance,"{""cleanse_threshold"":5.0,""poison_resistance"":0.22,""slow"":0.22,""suppress"":0.83}",302,489,187,1
4,3,121007,hourglass_detour,4,chrono_tyrant,Chrono Tyrant,Arcane Monster,2288,1664,1.375,1.9,35.0,35.0,73.5193,126.8,4438,1.9395,over_band,devious;arcane,slow;cleanse_threshold;stun_duration_ms;interrupt_skip_count,"{""cleanse_threshold"":4.0,""interrupt_skip_count"":2.0,""slow"":0.55,""stun_duration_ms"":721.0}",302,521,219,4
4,3,121008,split_spill_rejoin,4,void_regent,Void Regent,Nullifying Keeper,3385,2462,1.375,1.9,39.0,39.0,85.0144,165.8718,6469,1.911,over_band,nullify;warded,absorb;poison_resistance;suppress,"{""absorb"":12.0,""poison_resistance"":0.45,""suppress"":0.35}",302,549,247,0
4,3,121009,elite_orbit,4,plague_court,Plague Court,Hexed Seer,2097,1525,1.375,1.9,35.0,35.0,72.9814,123.8286,4334,2.067,over_band,spiteful;hexed,cleanse_threshold;slow;poison_resistance;suppress,"{""cleanse_threshold"":3.0,""poison_resistance"":0.22,""slow"":0.24,""suppress"":0.85}",302,468,166,2
4,3,121010,split_spill_rejoin,4,void_regent,Void Regent,Dimming Vessel,2695,1960,1.375,1.9,31.0,31.0,87.3479,170.3871,5282,1.96,over_band,nullify;warded,absorb;poison_resistance;suppress,"{""absorb"":13.0,""poison_resistance"":0.39,""suppress"":0.48}",302,474,172,0
4,3,121011,woven_boss_approach,3,chrono_tyrant,Chrono Tyrant,Arcane Threat,2254,1639,1.375,1.9,32.0,32.0,74.1599,127.875,4092,1.8155,over_band,devious;arcane,slow;stun_duration_ms;cleanse_threshold;interrupt_skip_count,"{""cleanse_threshold"":3.0,""interrupt_skip_count"":2.0,""slow"":0.35,""stun_duration_ms"":857.0}",302,513,211,3
4,3,121012,braided_sideboard,4,chrono_tyrant,Chrono Tyrant,Devious Monster,3399,2472,1.375,1.9,53.0,53.0,68.3975,117.9434,6251,1.839,over_band,devious;arcane,stun_duration_ms;cleanse_threshold;slow;interrupt_skip_count,"{""cleanse_threshold"":5.0,""interrupt_skip_count"":3.0,""slow"":0.46,""stun_duration_ms"":622.0}",302,658,356,2
4,3,121013,split_spill_rejoin,4,void_regent,Void Regent,Dimming Enemy,4042,2940,1.375,1.9,53.0,53.0,69.9693,136.5094,7235,1.79,over_band,nullify;warded,absorb;poison_resistance;suppress,"{""absorb"":7.0,""poison_resistance"":0.37,""suppress"":0.42}",302,617,315,0
4,3,121014,elite_orbit,4,void_regent,Void Regent,Hollow Acolyte,3391,2466,1.375,1.9,44.0,44.0,76.0655,148.4318,6531,1.926,over_band,nullify;warded,absorb;poison_resistance;suppress,"{""absorb"":7.0,""poison_resistance"":0.52,""suppress"":0.4}",302,542,240,0
4,3,121015,split_spill_rejoin,4,apex_bulwark,Apex Bulwark,Fortified Guard,1441,1048,1.375,1.9,30.0,30.0,76.1286,149.9667,4499,3.122,over_band,aegis;fortified,block;armor;crit_negation,"{""armor"":120.0,""block"":11.0,""crit_negation"":0.77}",302,364,62,2
4,3,121016,woven_boss_approach,3,apex_bulwark,Apex Bulwark,Braced Gatekeeper,2519,1832,1.375,1.9,52.0,52.0,75.8984,149.5,7774,3.086,over_band,aegis;fortified,block;armor;crit_negation,"{""armor"":120.0,""block"":11.0,""crit_negation"":0.71}",302,494,192,2
4,3,121017,five_way_market,3,void_regent,Void Regent,Dimming Vessel,4374,3181,1.375,1.9,55.0,55.0,75.4076,147.1273,8092,1.85,over_band,nullify;warded,absorb;poison_resistance;suppress,"{""absorb"":10.0,""poison_resistance"":0.46,""suppress"":0.3}",302,664,362,0
4,3,121018,braided_sideboard,4,chrono_tyrant,Chrono Tyrant,Devious Threat,4201,3055,1.375,1.9,60.0,60.0,79.1468,136.4667,8188,1.949,over_band,devious;arcane,cleanse_threshold;stun_duration_ms;interrupt_skip_count;slow,"{""cleanse_threshold"":4.0,""interrupt_skip_count"":3.0,""slow"":0.52,""stun_duration_ms"":758.0}",302,777,475,4
4,3,121019,hourglass_detour,4,void_regent,Void Regent,Nullifying Monster,4238,3082,1.375,1.9,53.0,53.0,78.1502,152.4906,8082,1.907,over_band,nullify;warded,absorb;poison_resistance;suppress,"{""absorb"":11.0,""poison_resistance"":0.45,""suppress"":0.37}",302,655,353,0
4,3,121020,braided_sideboard,4,plague_court,Plague Court,Bitter Threat,2346,1706,1.375,1.9,38.0,38.0,76.9876,130.6316,4964,2.116,over_band,spiteful;hexed,cleanse_threshold;suppress;poison_resistance;slow,"{""cleanse_threshold"":4.0,""poison_resistance"":0.33,""slow"":0.26,""suppress"":0.72}",302,490,188,2
4,3,121021,hourglass_detour,4,chrono_tyrant,Chrono Tyrant,Devious Threat,2302,1674,1.375,1.9,31.0,31.0,74.6471,128.6774,3989,1.733,over_band,devious;arcane,stun_duration_ms;interrupt_skip_count;cleanse_threshold;slow,"{""cleanse_threshold"":3.0,""interrupt_skip_count"":3.0,""slow"":0.4,""stun_duration_ms"":566.0}",302,524,222,2
4,3,121022,five_way_market,3,chrono_tyrant,Chrono Tyrant,Arcane Monster,2471,1797,1.375,1.9,38.0,38.0,70.7347,122.0,4636,1.876,over_band,devious;arcane,interrupt_skip_count;cleanse_threshold;slow;stun_duration_ms,"{""cleanse_threshold"":3.0,""interrupt_skip_count"":3.0,""slow"":0.35,""stun_duration_ms"":942.0}",302,564,262,3
4,3,121023,hourglass_detour,4,void_regent,Void Regent,Dimming Threat,3495,2542,1.375,1.9,48.0,48.0,74.6151,145.5625,6987,1.999,over_band,nullify;warded,absorb;poison_resistance;suppress,"{""absorb"":12.0,""poison_resistance"":0.51,""suppress"":0.39}",302,570,268,0
4,3,121024,woven_boss_approach,3,plague_court,Plague Court,Spiteful Bloom,3915,2847,1.375,1.9,56.0,56.0,80.1613,136.0536,7619,1.946,over_band,spiteful;hexed,cleanse_threshold;suppress;slow;poison_resistance,"{""cleanse_threshold"":4.0,""poison_resistance"":0.21,""slow"":0.22,""suppress"":0.7}",302,675,373,2
4,3,121025,braided_sideboard,4,void_regent,Void Regent,Nullifying Threat,3476,2528,1.375,1.9,49.0,49.0,70.4129,137.4082,6733,1.937,over_band,nullify;warded,absorb;poison_resistance;suppress,"{""absorb"":9.0,""poison_resistance"":0.46,""suppress"":0.45}",302,561,259,0
4,3,121026,split_spill_rejoin,4,chrono_tyrant,Chrono Tyrant,Arcane Monster,3868,2813,1.375,1.9,51.0,51.0,75.5156,130.2157,6641,1.717,over_band,devious;arcane,stun_duration_ms;cleanse_threshold;interrupt_skip_count;slow,"{""cleanse_threshold"":3.0,""interrupt_skip_count"":3.0,""slow"":0.33,""stun_duration_ms"":660.0}",302,720,418,3
4,3,121027,five_way_market,3,void_regent,Void Regent,Warded Keeper,3140,2284,1.375,1.9,38.0,38.0,77.3498,150.8947,5734,1.826,over_band,nullify;warded,absorb;poison_resistance;suppress,"{""absorb"":9.0,""poison_resistance"":0.44,""suppress"":0.32}",302,508,206,0
4,3,121028,elite_orbit,4,chrono_tyrant,Chrono Tyrant,Devious Threat,3458,2515,1.375,1.9,50.0,50.0,71.7037,123.62,6181,1.7875,over_band,devious;arcane,interrupt_skip_count;stun_duration_ms;cleanse_threshold;slow,"{""cleanse_threshold"":4.0,""interrupt_skip_count"":3.0,""slow"":0.35,""stun_duration_ms"":741.0}",302,668,366,3
4,3,121029,split_spill_rejoin,4,plague_court,Plague Court,Bitter Seer,3835,2789,1.375,1.9,53.0,53.0,84.6782,143.6981,7616,1.986,over_band,spiteful;hexed,cleanse_threshold;poison_resistance;suppress;slow,"{""cleanse_threshold"":5.0,""poison_resistance"":0.28,""slow"":0.22,""suppress"":0.64}",302,659,357,1
4,3,121030,five_way_market,3,chrono_tyrant,Chrono Tyrant,Arcane Enemy,2432,1769,1.375,1.9,34.0,34.0,77.6678,133.9118,4553,1.872,over_band,devious;arcane,slow;interrupt_skip_count;cleanse_threshold;stun_duration_ms,"{""cleanse_threshold"":5.0,""interrupt_skip_count"":3.0,""slow"":0.48,""stun_duration_ms"":652.0}",302,541,239,3
4,3,121031,woven_boss_approach,3,apex_bulwark,Apex Bulwark,Bulwark Guard,1737,1263,1.375,1.9,32.0,32.0,85.0363,167.5,5360,3.086,over_band,aegis;fortified,block;armor;crit_negation,"{""armor"":120.0,""block"":11.0,""crit_negation"":0.71}",302,396,94,2
4,3,121032,hourglass_detour,4,void_regent,Void Regent,Nullifying Vessel,2472,1798,1.375,1.9,31.0,31.0,75.7177,147.6774,4578,1.852,over_band,nullify;warded,absorb;poison_resistance;suppress,"{""absorb"":10.0,""poison_resistance"":0.42,""suppress"":0.36}",302,429,127,0
4,3,121033,elite_orbit,4,plague_court,Plague Court,Bitter Seer,2372,1725,1.375,1.9,39.0,39.0,68.1936,115.7436,4514,1.903,over_band,spiteful;hexed,cleanse_threshold;suppress;poison_resistance;slow,"{""cleanse_threshold"":4.0,""poison_resistance"":0.22,""slow"":0.2,""suppress"":0.65}",302,478,176,2
4,3,121034,woven_boss_approach,3,chrono_tyrant,Chrono Tyrant,Devious Monster,4276,3110,1.375,1.9,53.0,53.0,83.8644,144.6226,7665,1.7925,over_band,devious;arcane,interrupt_skip_count;stun_duration_ms;cleanse_threshold;slow,"{""cleanse_threshold"":5.0,""interrupt_skip_count"":2.0,""slow"":0.46,""stun_duration_ms"":565.0}",302,747,445,2
4,3,121035,split_spill_rejoin,4,chrono_tyrant,Chrono Tyrant,Arcane Monster,2335,1698,1.375,1.9,38.0,38.0,68.5258,118.1579,4490,1.923,over_band,devious;arcane,stun_duration_ms;cleanse_threshold;slow;interrupt_skip_count,"{""cleanse_threshold"":3.0,""interrupt_skip_count"":2.0,""slow"":0.47,""stun_duration_ms"":856.0}",302,533,231,4
4,3,121036,elite_orbit,4,void_regent,Void Regent,Dimming Keeper,3926,2855,1.375,1.9,57.0,57.0,68.8708,134.386,7660,1.951,over_band,nullify;warded,absorb;poison_resistance;suppress,"{""absorb"":12.0,""poison_resistance"":0.49,""suppress"":0.35}",302,619,317,0
4,3,121037,split_spill_rejoin,4,void_regent,Void Regent,Dimming Threat,2788,2028,1.375,1.9,32.0,32.0,87.1141,169.9688,5439,1.951,over_band,nullify;warded,absorb;poison_resistance;suppress,"{""absorb"":10.0,""poison_resistance"":0.47,""suppress"":0.43}",302,477,175,0
4,3,121038,woven_boss_approach,3,apex_bulwark,Apex Bulwark,Fortified Threat,2485,1807,1.375,1.9,50.0,50.0,76.1686,150.0,7500,3.018,over_band,aegis;fortified,block;armor;crit_negation,"{""armor"":120.0,""block"":10.0,""crit_negation"":0.63}",302,480,178,2
4,3,121039,woven_boss_approach,3,apex_bulwark,Apex Bulwark,Braced Gatekeeper,1743,1268,1.375,1.9,37.0,37.0,72.3311,142.4595,5271,3.024,over_band,aegis;fortified,block;armor;crit_negation,"{""armor"":120.0,""block"":7.0,""crit_negation"":0.74}",302,387,85,2
4,3,121040,hourglass_detour,4,void_regent,Void Regent,Dimming Monster,3015,2193,1.375,1.9,34.0,34.0,80.4676,156.9706,5337,1.77,over_band,nullify;warded,absorb;poison_resistance;suppress,"{""absorb"":8.0,""poison_resistance"":0.36,""suppress"":0.38}",302,489,187,0
4,3,121041,braided_sideboard,4,plague_court,Plague Court,Hexed Threat,2112,1536,1.375,1.9,35.0,35.0,70.6361,119.8286,4194,1.986,over_band,spiteful;hexed,cleanse_threshold;suppress;poison_resistance;slow,"{""cleanse_threshold"":3.0,""poison_resistance"":0.31,""slow"":0.19,""suppress"":0.67}",302,456,154,2
4,3,121042,elite_orbit,4,chrono_tyrant,Chrono Tyrant,Devious Threat,2496,1815,1.375,1.9,37.0,37.0,74.4274,128.3784,4750,1.903,over_band,devious;arcane,stun_duration_ms;interrupt_skip_count;slow;cleanse_threshold,"{""cleanse_threshold"":4.0,""interrupt_skip_count"":2.0,""slow"":0.56,""stun_duration_ms"":630.0}",302,542,240,4
4,3,121043,split_spill_rejoin,4,chrono_tyrant,Chrono Tyrant,Devious Monster,2480,1804,1.375,1.9,34.0,34.0,81.7822,140.9706,4793,1.9325,over_band,devious;arcane,stun_duration_ms;cleanse_threshold;slow;interrupt_skip_count,"{""cleanse_threshold"":3.0,""interrupt_skip_count"":3.0,""slow"":0.45,""stun_duration_ms"":875.0}",302,570,268,4
4,3,121044,hourglass_detour,4,apex_bulwark,Apex Bulwark,Shielded Guard,2751,2001,1.375,1.9,55.0,55.0,76.8503,151.3636,8325,3.026,over_band,aegis;fortified,block;armor;crit_negation,"{""armor"":120.0,""block"":11.0,""crit_negation"":0.61}",302,515,213,2
4,3,121045,split_spill_rejoin,4,chrono_tyrant,Chrono Tyrant,Arcane Monster,2607,1896,1.375,1.9,38.0,38.0,72.448,124.8947,4746,1.8205,over_band,devious;arcane,stun_duration_ms;slow;cleanse_threshold;interrupt_skip_count,"{""cleanse_threshold"":4.0,""interrupt_skip_count"":2.0,""slow"":0.33,""stun_duration_ms"":879.0}",302,551,249,3
4,3,121046,hourglass_detour,4,chrono_tyrant,Chrono Tyrant,Devious Enemy,2027,1474,1.375,1.9,31.0,31.0,68.9447,118.9032,3686,1.8185,over_band,devious;arcane,interrupt_skip_count;stun_duration_ms;cleanse_threshold;slow,"{""cleanse_threshold"":4.0,""interrupt_skip_count"":2.0,""slow"":0.45,""stun_duration_ms"":659.0}",302,476,174,4
4,3,121047,woven_boss_approach,3,chrono_tyrant,Chrono Tyrant,Devious Threat,2024,1472,1.375,1.9,31.0,31.0,70.0971,120.871,3747,1.8515,over_band,devious;arcane,cleanse_threshold;interrupt_skip_count;slow;stun_duration_ms,"{""cleanse_threshold"":3.0,""interrupt_skip_count"":3.0,""slow"":0.48,""stun_duration_ms"":659.0}",302,502,200,4
4,3,121048,split_spill_rejoin,4,chrono_tyrant,Chrono Tyrant,Devious Monster,2311,1681,1.375,1.9,31.0,31.0,86.0019,148.2258,4595,1.9885,over_band,devious;arcane,stun_duration_ms;interrupt_skip_count;slow;cleanse_threshold,"{""cleanse_threshold"":4.0,""interrupt_skip_count"":3.0,""slow"":0.5,""stun_duration_ms"":873.0}",302,546,244,4
4,3,121049,braided_sideboard,4,void_regent,Void Regent,Warded Enemy,4235,3080,1.375,1.9,53.0,53.0,79.0689,154.3019,8178,1.931,over_band,nullify;warded,absorb;poison_resistance;suppress,"{""absorb"":7.0,""poison_resistance"":0.49,""suppress"":0.45}",302,649,347,0
4,3,121050,braided_sideboard,4,void_regent,Void Regent,Dimming Keeper,3308,2406,1.375,1.9,38.0,38.0,80.5954,157.2105,5974,1.806,over_band,nullify;warded,absorb;poison_resistance;suppress,"{""absorb"":8.0,""poison_resistance"":0.41,""suppress"":0.36}",302,527,225,0
4,3,121051,hourglass_detour,4,chrono_tyrant,Chrono Tyrant,Devious Enemy,2141,1557,1.375,1.9,32.0,32.0,71.2225,122.8125,3930,1.8355,over_band,devious;arcane,cleanse_threshold;interrupt_skip_count;stun_duration_ms;slow,"{""cleanse_threshold"":3.0,""interrupt_skip_count"":2.0,""slow"":0.33,""stun_duration_ms"":933.0}",302,502,200,3
4,3,121052,split_spill_rejoin,4,void_regent,Void Regent,Nullifying Enemy,4119,2996,1.375,1.9,53.0,53.0,78.7511,153.6415,8143,1.977,over_band,nullify;warded,absorb;poison_resistance;suppress,"{""absorb"":12.0,""poison_resistance"":0.46,""suppress"":0.43}",302,649,347,0
4,3,121053,hourglass_detour,4,apex_bulwark,Apex Bulwark,Fortified Threat,2078,1511,1.375,1.9,37.0,37.0,86.7433,170.8378,6321,3.042,over_band,aegis;fortified,block;armor;crit_negation,"{""armor"":120.0,""block"":10.0,""crit_negation"":0.67}",302,433,131,2
4,3,121054,split_spill_rejoin,4,chrono_tyrant,Chrono Tyrant,Devious Threat,2633,1915,1.375,1.9,32.0,32.0,82.4165,142.0938,4547,1.727,over_band,devious;arcane,slow;cleanse_threshold;interrupt_skip_count;stun_duration_ms,"{""cleanse_threshold"":3.0,""interrupt_skip_count"":2.0,""slow"":0.34,""stun_duration_ms"":698.0}",302,550,248,3
4,3,121055,hourglass_detour,4,plague_court,Plague Court,Hexed Seer,2155,1567,1.375,1.9,38.0,38.0,72.4502,123.0,4674,2.169,over_band,spiteful;hexed,cleanse_threshold;slow;suppress;poison_resistance,"{""cleanse_threshold"":5.0,""poison_resistance"":0.31,""slow"":0.25,""suppress"":0.82}",302,468,166,1
4,3,121056,woven_boss_approach,3,apex_bulwark,Apex Bulwark,Shielded Gatekeeper,2872,2089,1.375,1.9,57.0,57.0,77.9513,153.4737,8748,3.046,over_band,aegis;fortified,block;armor;crit_negation,"{""armor"":120.0,""block"":12.0,""crit_negation"":0.61}",302,533,231,2
4,3,121057,five_way_market,3,chrono_tyrant,Chrono Tyrant,Devious Monster,2372,1725,1.375,1.9,34.0,34.0,68.4444,118.0294,4013,1.692,over_band,devious;arcane,interrupt_skip_count;stun_duration_ms;cleanse_threshold;slow,"{""cleanse_threshold"":3.0,""interrupt_skip_count"":3.0,""slow"":0.32,""stun_duration_ms"":628.0}",302,530,228,3
4,3,121058,hourglass_detour,4,void_regent,Void Regent,Hollow Vessel,3695,2687,1.375,1.9,45.0,45.0,80.5949,157.2444,7076,1.915,over_band,nullify;warded,absorb;poison_resistance;suppress,"{""absorb"":13.0,""poison_resistance"":0.38,""suppress"":0.43}",302,596,294,0
4,3,121059,hourglass_detour,4,chrono_tyrant,Chrono Tyrant,Devious Monster,2474,1799,1.375,1.9,30.0,30.0,83.9137,144.7,4341,1.7545,over_band,devious;arcane,interrupt_skip_count;slow;cleanse_threshold;stun_duration_ms,"{""cleanse_threshold"":5.0,""interrupt_skip_count"":3.0,""slow"":0.41,""stun_duration_ms"":543.0}",302,534,232,1
4,3,121060,woven_boss_approach,3,void_regent,Void Regent,Nullifying Threat,3429,2494,1.375,1.9,46.0,46.0,78.0219,152.2174,7002,2.042,over_band,nullify;warded,absorb;poison_resistance;suppress,"{""absorb"":13.0,""poison_resistance"":0.5,""suppress"":0.44}",302,569,267,0
4,3,121061,split_spill_rejoin,4,chrono_tyrant,Chrono Tyrant,Arcane Enemy,4389,3192,1.375,1.9,56.0,56.0,79.1335,136.4464,7641,1.741,over_band,devious;arcane,stun_duration_ms;interrupt_skip_count;slow;cleanse_threshold,"{""cleanse_threshold"":4.0,""interrupt_skip_count"":2.0,""slow"":0.37,""stun_duration_ms"":648.0}",302,763,461,3
4,3,121062,elite_orbit,4,apex_bulwark,Apex Bulwark,Shielded Guard,2713,1973,1.375,1.9,53.0,53.0,80.1706,157.8679,8367,3.084,over_band,aegis;fortified,block;armor;crit_negation,"{""armor"":120.0,""block"":13.0,""crit_negation"":0.64}",302,518,216,2
4,3,121063,braided_sideboard,4,void_regent,Void Regent,Hollow Acolyte,3356,2441,1.375,1.9,39.0,39.0,86.7444,169.2564,6601,1.967,over_band,nullify;warded,absorb;poison_resistance;suppress,"{""absorb"":10.0,""poison_resistance"":0.5,""suppress"":0.41}",302,548,246,0
4,3,121064,braided_sideboard,4,void_regent,Void Regent,Warded Enemy,3421,2488,1.375,1.9,44.0,44.0,79.0086,154.1818,6784,1.983,over_band,nullify;warded,absorb;poison_resistance;suppress,"{""absorb"":13.0,""poison_resistance"":0.49,""suppress"":0.37}",302,562,260,0
4,3,121065,five_way_market,3,void_regent,Void Regent,Warded Keeper,2452,1783,1.375,1.9,32.0,32.0,80.1434,156.4063,5005,2.041,over_band,nullify;warded,absorb;poison_resistance;suppress,"{""absorb"":12.0,""poison_resistance"":0.51,""suppress"":0.45}",302,445,143,0
4,3,121066,woven_boss_approach,3,void_regent,Void Regent,Dimming Monster,2996,2179,1.375,1.9,35.0,35.0,82.9376,161.7714,5662,1.89,over_band,nullify;warded,absorb;poison_resistance;suppress,"{""absorb"":13.0,""poison_resistance"":0.39,""suppress"":0.38}",302,505,203,0
4,3,121067,woven_boss_approach,3,plague_court,Plague Court,Hexed Bloom,3429,2494,1.375,1.9,52.0,52.0,78.0586,132.4808,6889,2.009,over_band,spiteful;hexed,cleanse_threshold;suppress;slow;poison_resistance,"{""cleanse_threshold"":3.0,""poison_resistance"":0.34,""slow"":0.26,""suppress"":0.57}",302,620,318,2
4,3,121068,woven_boss_approach,3,chrono_tyrant,Chrono Tyrant,Devious Monster,3755,2731,1.375,1.9,48.0,48.0,86.625,149.375,7170,1.9095,over_band,devious;arcane,stun_duration_ms;slow;interrupt_skip_count;cleanse_threshold,"{""cleanse_threshold"":4.0,""interrupt_skip_count"":2.0,""slow"":0.43,""stun_duration_ms"":877.0}",302,703,401,3
4,3,121069,split_spill_rejoin,4,apex_bulwark,Apex Bulwark,Bulwark Enemy,2329,1694,1.375,1.9,44.0,44.0,79.852,157.2045,6917,2.97,over_band,aegis;fortified,block;armor;crit_negation,"{""armor"":120.0,""block"":7.0,""crit_negation"":0.65}",302,453,151,2
4,3,121070,braided_sideboard,4,chrono_tyrant,Chrono Tyrant,Devious Monster,4056,2950,1.375,1.9,51.0,51.0,79.2285,136.5882,6966,1.7175,over_band,devious;arcane,interrupt_skip_count;stun_duration_ms;cleanse_threshold;slow,"{""cleanse_threshold"":3.0,""interrupt_skip_count"":2.0,""slow"":0.37,""stun_duration_ms"":625.0}",302,726,424,3
4,3,121071,hourglass_detour,4,plague_court,Plague Court,Spiteful Threat,2255,1640,1.375,1.9,35.0,35.0,73.153,124.1429,4345,1.927,over_band,spiteful;hexed,cleanse_threshold;suppress;poison_resistance;slow,"{""cleanse_threshold"":3.0,""poison_resistance"":0.23,""slow"":0.26,""suppress"":0.61}",302,471,169,2
4,3,121072,braided_sideboard,4,apex_bulwark,Apex Bulwark,Braced Enemy,2603,1893,1.375,1.9,59.0,59.0,69.5515,136.9492,8080,3.104,over_band,aegis;fortified,block;armor;crit_negation,"{""armor"":120.0,""block"":11.0,""crit_negation"":0.74}",302,506,204,2
4,3,121073,elite_orbit,4,plague_court,Plague Court,Spiteful Bloom,3268,2377,1.375,1.9,57.0,57.0,69.3601,117.7018,6709,2.053,over_band,spiteful;hexed,cleanse_threshold;poison_resistance;slow;suppress,"{""cleanse_threshold"":3.0,""poison_resistance"":0.31,""slow"":0.28,""suppress"":0.65}",302,608,306,2
4,3,121074,elite_orbit,4,void_regent,Void Regent,Nullifying Enemy,2645,1924,1.375,1.9,32.0,32.0,75.383,147.0313,4705,1.779,over_band,nullify;warded,absorb;poison_resistance;suppress,"{""absorb"":7.0,""poison_resistance"":0.45,""suppress"":0.29}",302,437,135,0
4,3,121075,woven_boss_approach,3,chrono_tyrant,Chrono Tyrant,Devious Monster,3079,2239,1.375,1.9,49.0,49.0,69.3181,119.5102,5856,1.902,over_band,devious;arcane,interrupt_skip_count;slow;cleanse_threshold;stun_duration_ms,"{""cleanse_threshold"":5.0,""interrupt_skip_count"":3.0,""slow"":0.48,""stun_duration_ms"":712.0}",302,626,324,3
4,3,121076,elite_orbit,4,void_regent,Void Regent,Hollow Monster,4295,3124,1.375,1.9,55.0,55.0,77.2916,150.8,8294,1.931,over_band,nullify;warded,absorb;poison_resistance;suppress,"{""absorb"":14.0,""poison_resistance"":0.35,""suppress"":0.47}",302,675,373,1
4,3,121077,hourglass_detour,4,void_regent,Void Regent,Warded Keeper,3363,2446,1.375,1.9,51.0,51.0,66.8963,130.4902,6655,1.979,over_band,nullify;warded,absorb;poison_resistance;suppress,"{""absorb"":11.0,""poison_resistance"":0.48,""suppress"":0.43}",302,552,250,0
4,3,121078,elite_orbit,4,plague_court,Plague Court,Bitter Seer,3516,2557,1.375,1.9,48.0,48.0,84.8503,144.0,6912,1.966,over_band,spiteful;hexed,cleanse_threshold;suppress;slow;poison_resistance,"{""cleanse_threshold"":4.0,""poison_resistance"":0.27,""slow"":0.16,""suppress"":0.72}",302,625,323,2
4,3,121079,braided_sideboard,4,plague_court,Plague Court,Spiteful Threat,2364,1719,1.375,1.9,35.0,35.0,85.6947,145.4857,5092,2.154,over_band,spiteful;hexed,cleanse_threshold;suppress;poison_resistance;slow,"{""cleanse_threshold"":3.0,""poison_resistance"":0.3,""slow"":0.24,""suppress"":0.86}",302,507,205,2
4,3,121080,five_way_market,3,void_regent,Void Regent,Warded Acolyte,2978,2166,1.375,1.9,35.0,35.0,82.8273,161.5714,5655,1.899,over_band,nullify;warded,absorb;poison_resistance;suppress,"{""absorb"":10.0,""poison_resistance"":0.46,""suppress"":0.37}",302,495,193,0
5,4,131001,braided_sideboard,4,plague_court,Plague Court,Bitter Enemy,4278,2852,1.5,2.2,49.0,49.0,89.4591,165.6122,8115,1.897,over_band,spiteful;hexed,cleanse_threshold;suppress;poison_resistance;slow,"{""cleanse_threshold"":4.0,""poison_resistance"":0.23,""slow"":0.19,""suppress"":0.64}",302,714,412,2
5,4,131002,braided_sideboard,4,void_regent,Void Regent,Nullifying Threat,4028,2685,1.5,2.2,36.0,36.0,99.6539,212.1389,7637,1.896,over_band,nullify;warded,absorb;poison_resistance;suppress,"{""absorb"":13.0,""poison_resistance"":0.41,""suppress"":0.36}",302,633,331,0
5,4,131003,hourglass_detour,4,chrono_tyrant,Chrono Tyrant,Devious Enemy,4259,2839,1.5,2.2,53.0,53.0,79.2071,149.0189,7898,1.8545,over_band,devious;arcane,stun_duration_ms;cleanse_threshold;slow;interrupt_skip_count,"{""cleanse_threshold"":3.0,""interrupt_skip_count"":3.0,""slow"":0.54,""stun_duration_ms"":557.0}",302,780,478,3
5,4,131004,split_spill_rejoin,4,apex_bulwark,Apex Bulwark,Shielded Monster,2394,1596,1.5,2.2,36.0,36.0,92.6728,199.1111,7168,2.994,over_band,aegis;fortified,block;armor;crit_negation,"{""armor"":120.0,""block"":7.0,""crit_negation"":0.69}",302,464,162,2
5,4,131005,five_way_market,3,chrono_tyrant,Chrono Tyrant,Devious Enemy,6117,4078,1.5,2.2,59.0,59.0,99.7744,187.661,11072,1.81,over_band,devious;arcane,interrupt_skip_count;slow;cleanse_threshold;stun_duration_ms,"{""cleanse_threshold"":4.0,""interrupt_skip_count"":3.0,""slow"":0.48,""stun_duration_ms"":552.0}",302,1001,699,3
5,4,131006,woven_boss_approach,3,chrono_tyrant,Chrono Tyrant,Arcane Monster,2532,1688,1.5,2.2,32.0,32.0,79.0984,148.7813,4761,1.8805,over_band,devious;arcane,interrupt_skip_count;cleanse_threshold;stun_duration_ms;slow,"{""cleanse_threshold"":5.0,""interrupt_skip_count"":2.0,""slow"":0.4,""stun_duration_ms"":849.0}",302,541,239,2
5,4,131007,elite_orbit,4,plague_court,Plague Court,Spiteful Hexbearer,5408,3605,1.5,2.2,59.0,59.0,91.0442,168.5593,9945,1.839,over_band,spiteful;hexed,cleanse_threshold;slow;suppress;poison_resistance,"{""cleanse_threshold"":5.0,""poison_resistance"":0.2,""slow"":0.2,""suppress"":0.57}",302,844,542,1
5,4,131008,braided_sideboard,4,apex_bulwark,Apex Bulwark,Fortified Monster,1925,1283,1.5,2.2,32.0,32.0,82.6737,177.6875,5686,2.954,over_band,aegis;fortified,block;armor;crit_negation,"{""armor"":120.0,""block"":8.0,""crit_negation"":0.59}",302,401,99,2
5,4,131009,woven_boss_approach,3,chrono_tyrant,Chrono Tyrant,Arcane Threat,3717,2478,1.5,2.2,37.0,37.0,99.6235,187.4054,6934,1.8655,over_band,devious;arcane,cleanse_threshold;interrupt_skip_count;stun_duration_ms;slow,"{""cleanse_threshold"":4.0,""interrupt_skip_count"":2.0,""slow"":0.49,""stun_duration_ms"":681.0}",302,692,390,4
5,4,131010,hourglass_detour,4,void_regent,Void Regent,Warded Acolyte,3666,2444,1.5,2.2,35.0,35.0,94.2555,200.5714,7020,1.915,over_band,nullify;warded,absorb;poison_resistance;suppress,"{""absorb"":13.0,""poison_resistance"":0.45,""suppress"":0.33}",302,587,285,0
5,4,131011,braided_sideboard,4,chrono_tyrant,Chrono Tyrant,Arcane Monster,3455,2303,1.5,2.2,38.0,38.0,85.8432,161.4737,6136,1.776,over_band,devious;arcane,slow;cleanse_threshold;stun_duration_ms;interrupt_skip_count,"{""cleanse_threshold"":4.0,""interrupt_skip_count"":3.0,""slow"":0.4,""stun_duration_ms"":628.0}",302,666,364,3
5,4,131012,five_way_market,3,void_regent,Void Regent,Nullifying Acolyte,3836,2557,1.5,2.2,38.0,38.0,89.5717,190.6842,7246,1.889,over_band,nullify;warded,absorb;poison_resistance;suppress,"{""absorb"":8.0,""poison_resistance"":0.43,""suppress"":0.45}",302,601,299,0
5,4,131013,braided_sideboard,4,apex_bulwark,Apex Bulwark,Shielded Guard,1800,1200,1.5,2.2,31.0,31.0,81.002,174.0645,5396,2.998,over_band,aegis;fortified,block;armor;crit_negation,"{""armor"":120.0,""block"":9.0,""crit_negation"":0.63}",302,391,89,2
5,4,131014,elite_orbit,4,plague_court,Plague Court,Bitter Hexbearer,5459,3639,1.5,2.2,59.0,59.0,98.5892,182.5593,10771,1.973,over_band,spiteful;hexed,cleanse_threshold;suppress;slow;poison_resistance,"{""cleanse_threshold"":5.0,""poison_resistance"":0.22,""slow"":0.28,""suppress"":0.63}",302,863,561,1
5,4,131015,woven_boss_approach,3,void_regent,Void Regent,Dimming Vessel,4137,2758,1.5,2.2,44.0,44.0,82.3835,175.3636,7716,1.865,over_band,nullify;warded,absorb;poison_resistance;suppress,"{""absorb"":8.0,""poison_resistance"":0.42,""suppress"":0.43}",302,637,335,0
5,4,131016,braided_sideboard,4,void_regent,Void Regent,Dimming Acolyte,4742,3161,1.5,2.2,46.0,46.0,90.7409,193.1957,8887,1.874,over_band,nullify;warded,absorb;poison_resistance;suppress,"{""absorb"":12.0,""poison_resistance"":0.42,""suppress"":0.34}",302,718,416,0
5,4,131017,hourglass_detour,4,plague_court,Plague Court,Spiteful Threat,2879,1919,1.5,2.2,34.0,34.0,93.2719,172.7353,5873,2.04,over_band,spiteful;hexed,cleanse_threshold;suppress;slow;poison_resistance,"{""cleanse_threshold"":4.0,""poison_resistance"":0.21,""slow"":0.27,""suppress"":0.77}",302,555,253,2
5,4,131018,woven_boss_approach,3,void_regent,Void Regent,Hollow Keeper,3873,2582,1.5,2.2,39.0,39.0,89.1964,189.8718,7405,1.912,over_band,nullify;warded,absorb;poison_resistance;suppress,"{""absorb"":10.0,""poison_resistance"":0.41,""suppress"":0.46}",302,611,309,0
5,4,131019,woven_boss_approach,3,chrono_tyrant,Chrono Tyrant,Devious Monster,6285,4190,1.5,2.2,59.0,59.0,98.6504,185.5593,10948,1.742,over_band,devious;arcane,cleanse_threshold;slow;stun_duration_ms;interrupt_skip_count,"{""cleanse_threshold"":4.0,""interrupt_skip_count"":3.0,""slow"":0.38,""stun_duration_ms"":596.0}",302,1016,714,2
5,4,131020,elite_orbit,4,plague_court,Plague Court,Hexed Monster,3656,2437,1.5,2.2,48.0,48.0,80.8745,149.75,7188,1.966,over_band,spiteful;hexed,cleanse_threshold;poison_resistance;suppress;slow,"{""cleanse_threshold"":3.0,""poison_resistance"":0.29,""slow"":0.19,""suppress"":0.67}",302,648,346,2
5,4,131021,braided_sideboard,4,chrono_tyrant,Chrono Tyrant,Arcane Threat,4619,3079,1.5,2.2,45.0,45.0,97.1071,182.7111,8222,1.78,over_band,devious;arcane,stun_duration_ms;interrupt_skip_count;slow;cleanse_threshold,"{""cleanse_threshold"":4.0,""interrupt_skip_count"":2.0,""slow"":0.39,""stun_duration_ms"":690.0}",302,795,493,3
5,4,131022,elite_orbit,4,apex_bulwark,Apex Bulwark,Braced Gatekeeper,2633,1755,1.5,2.2,38.0,38.0,101.2466,217.5789,8268,3.14,over_band,aegis;fortified,block;armor;crit_negation,"{""armor"":120.0,""block"":14.0,""crit_negation"":0.7}",302,516,214,2
5,4,131023,elite_orbit,4,chrono_tyrant,Chrono Tyrant,Devious Enemy,5801,3867,1.5,2.2,59.0,59.0,94.399,177.5763,10477,1.806,over_band,devious;arcane,slow;interrupt_skip_count;cleanse_threshold;stun_duration_ms,"{""cleanse_threshold"":5.0,""interrupt_skip_count"":2.0,""slow"":0.4,""stun_duration_ms"":700.0}",302,940,638,2
5,4,131024,hourglass_detour,4,void_regent,Void Regent,Warded Threat,5759,3839,1.5,2.2,55.0,55.0,86.4343,183.9818,10119,1.757,over_band,nullify;warded,absorb;poison_resistance;suppress,"{""absorb"":9.0,""poison_resistance"":0.35,""suppress"":0.35}",302,832,530,0
5,4,131025,five_way_market,3,apex_bulwark,Apex Bulwark,Fortified Threat,2816,1877,1.5,2.2,45.0,45.0,91.4317,196.4889,8842,3.14,over_band,aegis;fortified,block;armor;crit_negation,"{""armor"":120.0,""block"":11.0,""crit_negation"":0.8}",302,538,236,2
5,4,131026,hourglass_detour,4,apex_bulwark,Apex Bulwark,Bulwark Enemy,2703,1802,1.5,2.2,46.0,46.0,84.0047,180.5217,8304,3.072,over_band,aegis;fortified,block;armor;crit_negation,"{""armor"":120.0,""block"":13.0,""crit_negation"":0.62}",302,516,214,2
5,4,131027,elite_orbit,4,void_regent,Void Regent,Dimming Keeper,6240,4160,1.5,2.2,59.0,59.0,92.8193,197.5593,11656,1.868,over_band,nullify;warded,absorb;poison_resistance;suppress,"{""absorb"":12.0,""poison_resistance"":0.4,""suppress"":0.36}",302,905,603,0
5,4,131028,woven_boss_approach,3,chrono_tyrant,Chrono Tyrant,Devious Threat,5447,3631,1.5,2.2,60.0,60.0,82.9389,156.0167,9361,1.7185,over_band,devious;arcane,slow;interrupt_skip_count;cleanse_threshold;stun_duration_ms,"{""cleanse_threshold"":3.0,""interrupt_skip_count"":2.0,""slow"":0.39,""stun_duration_ms"":591.0}",302,899,597,2
5,4,131029,hourglass_detour,4,void_regent,Void Regent,Warded Threat,5672,3781,1.5,2.2,57.0,57.0,87.7986,186.8772,10652,1.878,over_band,nullify;warded,absorb;poison_resistance;suppress,"{""absorb"":13.0,""poison_resistance"":0.35,""suppress"":0.42}",302,840,538,0
5,4,131030,woven_boss_approach,3,apex_bulwark,Apex Bulwark,Braced Monster,2595,1730,1.5,2.2,38.0,38.0,98.2952,211.1579,8024,3.092,over_band,aegis;fortified,block;armor;crit_negation,"{""armor"":120.0,""block"":11.0,""crit_negation"":0.72}",302,504,202,2
5,4,131031,hourglass_detour,4,void_regent,Void Regent,Warded Acolyte,4163,2775,1.5,2.2,46.0,46.0,78.9059,167.9783,7727,1.856,over_band,nullify;warded,absorb;poison_resistance;suppress,"{""absorb"":10.0,""poison_resistance"":0.41,""suppress"":0.38}",302,641,339,0
5,4,131032,braided_sideboard,4,chrono_tyrant,Chrono Tyrant,Devious Enemy,5472,3648,1.5,2.2,57.0,57.0,96.1373,180.8246,10307,1.8835,over_band,devious;arcane,interrupt_skip_count;stun_duration_ms;slow;cleanse_threshold,"{""cleanse_threshold"":5.0,""interrupt_skip_count"":2.0,""slow"":0.4,""stun_duration_ms"":855.0}",302,908,606,2
5,4,131033,split_spill_rejoin,4,apex_bulwark,Apex Bulwark,Bulwark Threat,2016,1344,1.5,2.2,30.0,30.0,94.0296,202.0,6060,3.006,over_band,aegis;fortified,block;armor;crit_negation,"{""armor"":120.0,""block"":7.0,""crit_negation"":0.71}",302,419,117,2
5,4,131034,split_spill_rejoin,4,apex_bulwark,Apex Bulwark,Braced Enemy,2153,1435,1.5,2.2,37.0,37.0,81.1096,174.3243,6450,2.996,over_band,aegis;fortified,block;armor;crit_negation,"{""armor"":120.0,""block"":8.0,""crit_negation"":0.66}",302,435,133,2
5,4,131035,hourglass_detour,4,plague_court,Plague Court,Withering Enemy,3848,2565,1.5,2.2,48.0,48.0,85.0795,157.5208,7561,1.965,over_band,spiteful;hexed,cleanse_threshold;suppress;slow;poison_resistance,"{""cleanse_threshold"":4.0,""poison_resistance"":0.33,""slow"":0.17,""suppress"":0.62}",302,662,360,2
5,4,131036,hourglass_detour,4,apex_bulwark,Apex Bulwark,Shielded Threat,3788,2525,1.5,2.2,52.0,52.0,99.3389,213.4423,11099,2.93,over_band,aegis;fortified,block;armor;crit_negation,"{""armor"":120.0,""block"":8.0,""crit_negation"":0.55}",302,631,329,2
5,4,131037,hourglass_detour,4,plague_court,Plague Court,Spiteful Threat,3302,2201,1.5,2.2,37.0,37.0,99.6969,184.5676,6829,2.068,over_band,spiteful;hexed,cleanse_threshold;poison_resistance;suppress;slow,"{""cleanse_threshold"":4.0,""poison_resistance"":0.33,""slow"":0.16,""suppress"":0.78}",302,606,304,2
5,4,131038,hourglass_detour,4,void_regent,Void Regent,Warded Threat,2936,1957,1.5,2.2,30.0,30.0,90.1553,191.9,5757,1.961,over_band,nullify;warded,absorb;poison_resistance;suppress,"{""absorb"":12.0,""poison_resistance"":0.5,""suppress"":0.35}",302,496,194,0
5,4,131039,braided_sideboard,4,plague_court,Plague Court,Spiteful Monster,3992,2661,1.5,2.2,46.0,46.0,86.522,160.1957,7369,1.846,over_band,spiteful;hexed,cleanse_threshold;suppress;slow;poison_resistance,"{""cleanse_threshold"":4.0,""poison_resistance"":0.23,""slow"":0.18,""suppress"":0.58}",302,672,370,2
5,4,131040,woven_boss_approach,3,plague_court,Plague Court,Hexed Monster,4871,3247,1.5,2.2,56.0,56.0,99.4067,184.0536,10307,2.116,over_band,spiteful;hexed,cleanse_threshold;suppress;poison_resistance;slow,"{""cleanse_threshold"":5.0,""poison_resistance"":0.26,""slow"":0.27,""suppress"":0.79}",302,804,502,1
5,4,131041,braided_sideboard,4,plague_court,Plague Court,Hexed Bloom,4328,2885,1.5,2.2,52.0,52.0,97.7395,180.9423,9409,2.174,over_band,spiteful;hexed,cleanse_threshold;suppress;poison_resistance;slow,"{""cleanse_threshold"":4.0,""poison_resistance"":0.34,""slow"":0.29,""suppress"":0.75}",302,744,442,2
5,4,131042,woven_boss_approach,3,plague_court,Plague Court,Withering Seer,3713,2475,1.5,2.2,48.0,48.0,80.0997,148.2917,7118,1.917,over_band,spiteful;hexed,cleanse_threshold;suppress;slow;poison_resistance,"{""cleanse_threshold"":5.0,""poison_resistance"":0.2,""slow"":0.24,""suppress"":0.63}",302,641,339,1
5,4,131043,hourglass_detour,4,chrono_tyrant,Chrono Tyrant,Arcane Monster,3203,2135,1.5,2.2,36.0,36.0,94.0185,176.8889,6368,1.988,over_band,devious;arcane,cleanse_threshold;slow;interrupt_skip_count;stun_duration_ms,"{""cleanse_threshold"":3.0,""interrupt_skip_count"":2.0,""slow"":0.54,""stun_duration_ms"":860.0}",302,649,347,4
5,4,131044,hourglass_detour,4,apex_bulwark,Apex Bulwark,Braced Threat,2924,1949,1.5,2.2,45.0,45.0,95.8578,205.9778,9269,3.17,over_band,aegis;fortified,block;armor;crit_negation,"{""armor"":120.0,""block"":14.0,""crit_negation"":0.75}",302,557,255,2
5,4,131045,braided_sideboard,4,void_regent,Void Regent,Warded Keeper,3018,2012,1.5,2.2,31.0,31.0,86.4732,184.0968,5707,1.891,over_band,nullify;warded,absorb;poison_resistance;suppress,"{""absorb"":14.0,""poison_resistance"":0.38,""suppress"":0.37}",302,509,207,1
5,4,131046,split_spill_rejoin,4,void_regent,Void Regent,Hollow Monster,5898,3932,1.5,2.2,53.0,53.0,96.0477,204.434,10835,1.837,over_band,nullify;warded,absorb;poison_resistance;suppress,"{""absorb"":8.0,""poison_resistance"":0.42,""suppress"":0.39}",302,853,551,0
5,4,131047,woven_boss_approach,3,plague_court,Plague Court,Withering Enemy,3075,2050,1.5,2.2,38.0,38.0,88.1937,163.2895,6205,2.018,over_band,spiteful;hexed,cleanse_threshold;suppress;poison_resistance;slow,"{""cleanse_threshold"":4.0,""poison_resistance"":0.29,""slow"":0.25,""suppress"":0.65}",302,574,272,2
5,4,131048,five_way_market,3,plague_court,Plague Court,Withering Seer,2838,1892,1.5,2.2,31.0,31.0,98.9951,183.2903,5682,2.002,over_band,spiteful;hexed,cleanse_threshold;poison_resistance;suppress;slow,"{""cleanse_threshold"":4.0,""poison_resistance"":0.25,""slow"":0.16,""suppress"":0.8}",302,545,243,2
5,4,131049,split_spill_rejoin,4,void_regent,Void Regent,Warded Acolyte,6044,4029,1.5,2.2,55.0,55.0,99.6765,212.2,11671,1.931,over_band,nullify;warded,absorb;poison_resistance;suppress,"{""absorb"":12.0,""poison_resistance"":0.4,""suppress"":0.45}",302,888,586,0
5,4,131050,five_way_market,3,void_regent,Void Regent,Warded Keeper,3159,2106,1.5,2.2,32.0,32.0,93.2224,198.4375,6350,2.01,over_band,nullify;warded,absorb;poison_resistance;suppress,"{""absorb"":11.0,""poison_resistance"":0.49,""suppress"":0.46}",302,529,227,0
5,4,131051,braided_sideboard,4,chrono_tyrant,Chrono Tyrant,Devious Threat,2969,1979,1.5,2.2,36.0,36.0,85.5988,161.0556,5798,1.953,over_band,devious;arcane,interrupt_skip_count;stun_duration_ms;slow;cleanse_threshold,"{""cleanse_threshold"":4.0,""interrupt_skip_count"":2.0,""slow"":0.52,""stun_duration_ms"":802.0}",302,608,306,4
5,4,131052,split_spill_rejoin,4,chrono_tyrant,Chrono Tyrant,Arcane Monster,3587,2391,1.5,2.2,37.0,37.0,93.6023,176.1081,6516,1.8165,over_band,devious;arcane,slow;stun_duration_ms;cleanse_threshold;interrupt_skip_count,"{""cleanse_threshold"":4.0,""interrupt_skip_count"":2.0,""slow"":0.48,""stun_duration_ms"":601.0}",302,669,367,3
5,4,131053,split_spill_rejoin,4,apex_bulwark,Apex Bulwark,Bulwark Guard,2273,1515,1.5,2.2,34.0,34.0,95.6069,205.3824,6983,3.072,over_band,aegis;fortified,block;armor;crit_negation,"{""armor"":120.0,""block"":13.0,""crit_negation"":0.62}",302,462,160,2
5,4,131054,hourglass_detour,4,plague_court,Plague Court,Withering Hexbearer,2886,1924,1.5,2.2,34.0,34.0,89.6477,165.9412,5642,1.955,over_band,spiteful;hexed,cleanse_threshold;suppress;slow;poison_resistance,"{""cleanse_threshold"":4.0,""poison_resistance"":0.31,""slow"":0.22,""suppress"":0.57}",302,542,240,2
5,4,131055,braided_sideboard,4,plague_court,Plague Court,Bitter Enemy,5520,3680,1.5,2.2,60.0,60.0,89.1459,165.05,9903,1.794,over_band,spiteful;hexed,cleanse_threshold;poison_resistance;suppress;slow,"{""cleanse_threshold"":3.0,""poison_resistance"":0.19,""slow"":0.18,""suppress"":0.58}",302,867,565,2
5,4,131056,woven_boss_approach,3,void_regent,Void Regent,Nullifying Acolyte,4694,3129,1.5,2.2,48.0,48.0,87.1522,185.5208,8905,1.897,over_band,nullify;warded,absorb;poison_resistance;suppress,"{""absorb"":8.0,""poison_resistance"":0.48,""suppress"":0.39}",302,706,404,0
5,4,131057,hourglass_detour,4,void_regent,Void Regent,Dimming Enemy,5037,3358,1.5,2.2,59.0,59.0,78.5754,167.2373,9867,1.959,over_band,nullify;warded,absorb;poison_resistance;suppress,"{""absorb"":13.0,""poison_resistance"":0.48,""suppress"":0.35}",302,762,460,0
5,4,131058,split_spill_rejoin,4,apex_bulwark,Apex Bulwark,Braced Sentinel,1722,1148,1.5,2.2,31.0,31.0,79.5267,170.871,5297,3.076,over_band,aegis;fortified,block;armor;crit_negation,"{""armor"":120.0,""block"":9.0,""crit_negation"":0.76}",302,392,90,2
5,4,131059,woven_boss_approach,3,chrono_tyrant,Chrono Tyrant,Devious Enemy,3180,2120,1.5,2.2,32.0,32.0,97.3895,183.1875,5862,1.8435,over_band,devious;arcane,cleanse_threshold;stun_duration_ms;interrupt_skip_count;slow,"{""cleanse_threshold"":5.0,""interrupt_skip_count"":3.0,""slow"":0.41,""stun_duration_ms"":721.0}",302,633,331,2
5,4,131060,braided_sideboard,4,plague_court,Plague Court,Withering Monster,3969,2646,1.5,2.2,48.0,48.0,90.684,167.8542,8057,2.03,over_band,spiteful;hexed,cleanse_threshold;slow;suppress;poison_resistance,"{""cleanse_threshold"":3.0,""poison_resistance"":0.22,""slow"":0.23,""suppress"":0.81}",302,698,396,2
5,4,131061,hourglass_detour,4,plague_court,Plague Court,Hexed Bloom,2829,1886,1.5,2.2,37.0,37.0,85.4347,158.1892,5853,2.069,over_band,spiteful;hexed,cleanse_threshold;suppress;poison_resistance;slow,"{""cleanse_threshold"":5.0,""poison_resistance"":0.26,""slow"":0.28,""suppress"":0.71}",302,543,241,1
5,4,131062,split_spill_rejoin,4,void_regent,Void Regent,Dimming Enemy,3632,2421,1.5,2.2,34.0,34.0,99.8757,212.5882,7228,1.99,over_band,nullify;warded,absorb;poison_resistance;suppress,"{""absorb"":8.0,""poison_resistance"":0.51,""suppress"":0.48}",302,582,280,0
5,4,131063,elite_orbit,4,apex_bulwark,Apex Bulwark,Braced Guard,1556,1037,1.5,2.2,30.0,30.0,76.7181,164.9333,4948,3.18,over_band,aegis;fortified,block;armor;crit_negation,"{""armor"":120.0,""block"":13.0,""crit_negation"":0.8}",302,387,85,2
5,4,131064,braided_sideboard,4,plague_court,Plague Court,Hexed Enemy,4760,3173,1.5,2.2,58.0,58.0,86.9621,161.0172,9339,1.962,over_band,spiteful;hexed,cleanse_threshold;suppress;poison_resistance;slow,"{""cleanse_threshold"":5.0,""poison_resistance"":0.23,""slow"":0.21,""suppress"":0.69}",302,775,473,1
5,4,131065,split_spill_rejoin,4,plague_court,Plague Court,Withering Bloom,3959,2639,1.5,2.2,48.0,48.0,91.8274,169.9792,8159,2.061,over_band,spiteful;hexed,cleanse_threshold;suppress;slow;poison_resistance,"{""cleanse_threshold"":4.0,""poison_resistance"":0.31,""slow"":0.19,""suppress"":0.76}",302,688,386,2
5,4,131066,split_spill_rejoin,4,apex_bulwark,Apex Bulwark,Fortified Threat,2106,1404,1.5,2.2,37.0,37.0,79.9435,171.7838,6356,3.018,over_band,aegis;fortified,block;armor;crit_negation,"{""armor"":120.0,""block"":10.0,""crit_negation"":0.63}",302,432,130,2
5,4,131067,split_spill_rejoin,4,chrono_tyrant,Chrono Tyrant,Devious Enemy,3039,2026,1.5,2.2,31.0,31.0,89.9602,169.1935,5245,1.726,over_band,devious;arcane,stun_duration_ms;interrupt_skip_count;slow;cleanse_threshold,"{""cleanse_threshold"":5.0,""interrupt_skip_count"":2.0,""slow"":0.38,""stun_duration_ms"":576.0}",302,586,284,1
5,4,131068,braided_sideboard,4,plague_court,Plague Court,Spiteful Bloom,4218,2812,1.5,2.2,46.0,46.0,97.539,180.5435,8305,1.969,over_band,spiteful;hexed,cleanse_threshold;suppress;poison_resistance;slow,"{""cleanse_threshold"":4.0,""poison_resistance"":0.25,""slow"":0.24,""suppress"":0.65}",302,714,412,2
5,4,131069,five_way_market,3,chrono_tyrant,Chrono Tyrant,Arcane Monster,3947,2631,1.5,2.2,38.0,38.0,97.4544,183.3158,6966,1.765,over_band,devious;arcane,cleanse_threshold;stun_duration_ms;slow;interrupt_skip_count,"{""cleanse_threshold"":5.0,""interrupt_skip_count"":3.0,""slow"":0.33,""stun_duration_ms"":708.0}",302,720,418,2
5,4,131070,split_spill_rejoin,4,plague_court,Plague Court,Withering Bloom,3345,2230,1.5,2.2,49.0,49.0,76.9889,142.5306,6984,2.088,over_band,spiteful;hexed,cleanse_threshold;suppress;poison_resistance;slow,"{""cleanse_threshold"":4.0,""poison_resistance"":0.28,""slow"":0.23,""suppress"":0.79}",302,616,314,2
5,4,131071,braided_sideboard,4,chrono_tyrant,Chrono Tyrant,Devious Monster,3234,2156,1.5,2.2,32.0,32.0,98.5981,185.4375,5934,1.835,over_band,devious;arcane,cleanse_threshold;interrupt_skip_count;stun_duration_ms;slow,"{""cleanse_threshold"":4.0,""interrupt_skip_count"":3.0,""slow"":0.34,""stun_duration_ms"":854.0}",302,646,344,3
5,4,131072,woven_boss_approach,3,chrono_tyrant,Chrono Tyrant,Devious Monster,2844,1896,1.5,2.2,34.0,34.0,85.1052,160.0882,5443,1.914,over_band,devious;arcane,slow;cleanse_threshold;stun_duration_ms;interrupt_skip_count,"{""cleanse_threshold"":5.0,""interrupt_skip_count"":3.0,""slow"":0.47,""stun_duration_ms"":754.0}",302,598,296,3
5,4,131073,elite_orbit,4,void_regent,Void Regent,Warded Keeper,5243,3495,1.5,2.2,60.0,60.0,79.1763,168.5667,10114,1.929,over_band,nullify;warded,absorb;poison_resistance;suppress,"{""absorb"":11.0,""poison_resistance"":0.43,""suppress"":0.43}",302,784,482,0
5,4,131074,five_way_market,3,apex_bulwark,Apex Bulwark,Fortified Threat,3311,2207,1.5,2.2,50.0,50.0,94.9679,204.1,10205,3.082,over_band,aegis;fortified,block;armor;crit_negation,"{""armor"":120.0,""block"":9.0,""crit_negation"":0.77}",302,592,290,2
5,4,131075,elite_orbit,4,apex_bulwark,Apex Bulwark,Fortified Enemy,3579,2386,1.5,2.2,50.0,50.0,100.2104,215.32,10766,3.008,over_band,aegis;fortified,block;armor;crit_negation,"{""armor"":120.0,""block"":8.0,""crit_negation"":0.68}",302,614,312,2
5,4,131076,split_spill_rejoin,4,void_regent,Void Regent,Dimming Threat,5031,3354,1.5,2.2,46.0,46.0,94.0813,200.2609,9212,1.831,over_band,nullify;warded,absorb;poison_resistance;suppress,"{""absorb"":13.0,""poison_resistance"":0.38,""suppress"":0.31}",302,753,451,0
5,4,131077,woven_boss_approach,3,apex_bulwark,Apex Bulwark,Bulwark Threat,4227,2818,1.5,2.2,60.0,60.0,99.2263,213.1833,12791,3.026,over_band,aegis;fortified,block;armor;crit_negation,"{""armor"":120.0,""block"":11.0,""crit_negation"":0.61}",302,699,397,2
5,4,131078,five_way_market,3,plague_court,Plague Court,Spiteful Enemy,2723,1815,1.5,2.2,35.0,35.0,81.4989,150.9429,5283,1.94,over_band,spiteful;hexed,cleanse_threshold;suppress;poison_resistance;slow,"{""cleanse_threshold"":4.0,""poison_resistance"":0.24,""slow"":0.25,""suppress"":0.61}",302,524,222,2
5,4,131079,hourglass_detour,4,void_regent,Void Regent,Dimming Acolyte,3449,2299,1.5,2.2,32.0,32.0,88.3599,188.0938,6019,1.745,over_band,nullify;warded,absorb;poison_resistance;suppress,"{""absorb"":9.0,""poison_resistance"":0.38,""suppress"":0.29}",302,541,239,0
5,4,131080,woven_boss_approach,3,plague_court,Plague Court,Hexed Threat,2709,1806,1.5,2.2,37.0,37.0,84.5543,156.5405,5792,2.138,over_band,spiteful;hexed,cleanse_threshold;suppress;slow;poison_resistance,"{""cleanse_threshold"":4.0,""poison_resistance"":0.35,""slow"":0.2,""suppress"":0.8}",302,538,236,2
6,5,141001,five_way_market,3,chrono_tyrant,Chrono Tyrant,Arcane Monster,5285,3064,1.725,2.71,38.0,38.0,123.5226,267.1579,10152,1.921,over_band,devious;arcane,interrupt_skip_count;cleanse_threshold;slow;stun_duration_ms,"{""cleanse_threshold"":3.0,""interrupt_skip_count"":3.0,""slow"":0.54,""stun_duration_ms"":690.0}",302,917,615,4
6,5,141002,braided_sideboard,4,apex_bulwark,Apex Bulwark,Braced Guard,5520,3200,1.725,2.71,59.0,59.0,115.1181,284.4237,16781,3.04,over_band,aegis;fortified,block;armor;crit_negation,"{""armor"":120.0,""block"":12.0,""crit_negation"":0.6}",302,863,561,2
6,5,141003,braided_sideboard,4,chrono_tyrant,Chrono Tyrant,Arcane Monster,5018,2909,1.725,2.71,37.0,37.0,123.3336,266.7568,9870,1.967,over_band,devious;arcane,stun_duration_ms;interrupt_skip_count;slow;cleanse_threshold,"{""cleanse_threshold"":5.0,""interrupt_skip_count"":3.0,""slow"":0.47,""stun_duration_ms"":860.0}",302,876,574,3
6,5,141004,elite_orbit,4,plague_court,Plague Court,Withering Threat,6867,3981,1.725,2.71,51.0,51.0,122.4932,260.8039,13301,1.937,over_band,spiteful;hexed,cleanse_threshold;slow;suppress;poison_resistance,"{""cleanse_threshold"":4.0,""poison_resistance"":0.28,""slow"":0.21,""suppress"":0.6}",302,1039,737,2
6,5,141005,elite_orbit,4,chrono_tyrant,Chrono Tyrant,Arcane Threat,6600,3826,1.725,2.71,57.0,57.0,98.1027,212.2456,12098,1.833,over_band,devious;arcane,interrupt_skip_count;stun_duration_ms;cleanse_threshold;slow,"{""cleanse_threshold"":5.0,""interrupt_skip_count"":2.0,""slow"":0.41,""stun_duration_ms"":736.0}",302,1043,741,2
6,5,141006,hourglass_detour,4,apex_bulwark,Apex Bulwark,Fortified Gatekeeper,2938,1703,1.725,2.71,35.0,35.0,105.132,259.7143,9090,3.094,over_band,aegis;fortified,block;armor;crit_negation,"{""armor"":120.0,""block"":9.0,""crit_negation"":0.79}",302,546,244,2
6,5,141007,five_way_market,3,void_regent,Void Regent,Nullifying Enemy,4747,2752,1.725,2.71,31.0,31.0,108.0479,264.4516,8198,1.727,over_band,nullify;warded,absorb;poison_resistance;suppress,"{""absorb"":8.0,""poison_resistance"":0.38,""suppress"":0.29}",302,700,398,0
6,5,141008,braided_sideboard,4,chrono_tyrant,Chrono Tyrant,Devious Threat,6671,3867,1.725,2.71,57.0,57.0,106.5614,230.5088,13139,1.9695,over_band,devious;arcane,cleanse_threshold;interrupt_skip_count;stun_duration_ms;slow,"{""cleanse_threshold"":4.0,""interrupt_skip_count"":2.0,""slow"":0.54,""stun_duration_ms"":799.0}",302,1073,771,4
6,5,141009,woven_boss_approach,3,void_regent,Void Regent,Dimming Keeper,7944,4605,1.725,2.71,53.0,53.0,119.7773,293.1698,15538,1.956,over_band,nullify;warded,absorb;poison_resistance;suppress,"{""absorb"":10.0,""poison_resistance"":0.44,""suppress"":0.48}",302,1123,821,0
6,5,141010,elite_orbit,4,chrono_tyrant,Chrono Tyrant,Devious Enemy,4678,2712,1.725,2.71,31.0,31.0,118.5357,256.3871,7948,1.699,over_band,devious;arcane,stun_duration_ms;slow;cleanse_threshold;interrupt_skip_count,"{""cleanse_threshold"":4.0,""interrupt_skip_count"":2.0,""slow"":0.34,""stun_duration_ms"":618.0}",302,795,493,2
6,5,141011,woven_boss_approach,3,apex_bulwark,Apex Bulwark,Braced Monster,3410,1977,1.725,2.71,37.0,37.0,111.2559,274.8378,10169,2.982,over_band,aegis;fortified,block;armor;crit_negation,"{""armor"":120.0,""block"":10.0,""crit_negation"":0.57}",302,591,289,2
6,5,141012,woven_boss_approach,3,void_regent,Void Regent,Hollow Monster,5763,3341,1.725,2.71,38.0,38.0,123.741,302.8684,11509,1.997,over_band,nullify;warded,absorb;poison_resistance;suppress,"{""absorb"":14.0,""poison_resistance"":0.5,""suppress"":0.35}",302,856,554,1
6,5,141013,elite_orbit,4,chrono_tyrant,Chrono Tyrant,Arcane Monster,4946,2867,1.725,2.71,44.0,44.0,97.4411,210.8182,9276,1.8755,over_band,devious;arcane,interrupt_skip_count;cleanse_threshold;stun_duration_ms;slow,"{""cleanse_threshold"":3.0,""interrupt_skip_count"":3.0,""slow"":0.5,""stun_duration_ms"":671.0}",302,869,567,4
6,5,141014,braided_sideboard,4,apex_bulwark,Apex Bulwark,Shielded Sentinel,4863,2819,1.725,2.71,51.0,51.0,120.6266,298.0784,15202,3.126,over_band,aegis;fortified,block;armor;crit_negation,"{""armor"":120.0,""block"":13.0,""crit_negation"":0.71}",302,793,491,2
6,5,141015,woven_boss_approach,3,void_regent,Void Regent,Nullifying Acolyte,9086,5267,1.725,2.71,57.0,57.0,119.9473,293.614,16736,1.842,over_band,nullify;warded,absorb;poison_resistance;suppress,"{""absorb"":12.0,""poison_resistance"":0.36,""suppress"":0.38}",302,1260,958,0
6,5,141016,split_spill_rejoin,4,apex_bulwark,Apex Bulwark,Bulwark Sentinel,3017,1749,1.725,2.71,32.0,32.0,114.2653,282.2813,9033,2.994,over_band,aegis;fortified,block;armor;crit_negation,"{""armor"":120.0,""block"":10.0,""crit_negation"":0.59}",302,543,241,2
6,5,141017,split_spill_rejoin,4,plague_court,Plague Court,Bitter Bloom,4193,2431,1.725,2.71,39.0,39.0,106.1437,226.0,8814,2.102,over_band,spiteful;hexed,cleanse_threshold;suppress;slow;poison_resistance,"{""cleanse_threshold"":3.0,""poison_resistance"":0.31,""slow"":0.28,""suppress"":0.72}",302,728,426,2
6,5,141018,split_spill_rejoin,4,plague_court,Plague Court,Bitter Hexbearer,5998,3477,1.725,2.71,56.0,56.0,104.1423,221.7143,12416,2.07,over_band,spiteful;hexed,cleanse_threshold;suppress;poison_resistance;slow,"{""cleanse_threshold"":4.0,""poison_resistance"":0.26,""slow"":0.24,""suppress"":0.78}",302,947,645,2
6,5,141019,split_spill_rejoin,4,apex_bulwark,Apex Bulwark,Shielded Monster,4437,2572,1.725,2.71,52.0,52.0,103.7359,256.3269,13329,3.004,over_band,aegis;fortified,block;armor;crit_negation,"{""armor"":120.0,""block"":9.0,""crit_negation"":0.64}",302,722,420,2
6,5,141020,braided_sideboard,4,chrono_tyrant,Chrono Tyrant,Arcane Enemy,7416,4299,1.725,2.71,58.0,58.0,103.8244,224.5862,13026,1.7565,over_band,devious;arcane,stun_duration_ms;interrupt_skip_count;slow;cleanse_threshold,"{""cleanse_threshold"":4.0,""interrupt_skip_count"":2.0,""slow"":0.35,""stun_duration_ms"":715.0}",302,1144,842,3
6,5,141021,split_spill_rejoin,4,chrono_tyrant,Chrono Tyrant,Arcane Enemy,5777,3349,1.725,2.71,45.0,45.0,110.2252,238.4,10728,1.857,over_band,devious;arcane,cleanse_threshold;stun_duration_ms;slow;interrupt_skip_count,"{""cleanse_threshold"":4.0,""interrupt_skip_count"":3.0,""slow"":0.48,""stun_duration_ms"":646.0}",302,964,662,4
6,5,141022,elite_orbit,4,apex_bulwark,Apex Bulwark,Braced Gatekeeper,4447,2578,1.725,2.71,45.0,45.0,124.0132,306.3556,13786,3.1,over_band,aegis;fortified,block;armor;crit_negation,"{""armor"":120.0,""block"":12.0,""crit_negation"":0.7}",302,737,435,2
6,5,141023,woven_boss_approach,3,apex_bulwark,Apex Bulwark,Shielded Guard,3917,2271,1.725,2.71,51.0,51.0,94.7798,234.098,11939,3.048,over_band,aegis;fortified,block;armor;crit_negation,"{""armor"":120.0,""block"":13.0,""crit_negation"":0.58}",302,664,362,2
6,5,141024,split_spill_rejoin,4,plague_court,Plague Court,Hexed Seer,3854,2234,1.725,2.71,32.0,32.0,115.9562,246.9063,7901,2.05,over_band,spiteful;hexed,cleanse_threshold;slow;suppress;poison_resistance,"{""cleanse_threshold"":5.0,""poison_resistance"":0.29,""slow"":0.28,""suppress"":0.64}",302,668,366,1
6,5,141025,five_way_market,3,chrono_tyrant,Chrono Tyrant,Devious Enemy,4442,2575,1.725,2.71,37.0,37.0,104.7577,226.5946,8384,1.8875,over_band,devious;arcane,slow;cleanse_threshold;interrupt_skip_count;stun_duration_ms,"{""cleanse_threshold"":3.0,""interrupt_skip_count"":2.0,""slow"":0.4,""stun_duration_ms"":911.0}",302,794,492,3
6,5,141026,braided_sideboard,4,apex_bulwark,Apex Bulwark,Shielded Guard,4106,2380,1.725,2.71,45.0,45.0,114.5665,283.0444,12737,3.102,over_band,aegis;fortified,block;armor;crit_negation,"{""armor"":120.0,""block"":13.0,""crit_negation"":0.67}",302,695,393,2
6,5,141027,woven_boss_approach,3,chrono_tyrant,Chrono Tyrant,Arcane Enemy,4090,2371,1.725,2.71,35.0,35.0,106.5174,230.3714,8063,1.9715,over_band,devious;arcane,interrupt_skip_count;slow;cleanse_threshold;stun_duration_ms,"{""cleanse_threshold"":4.0,""interrupt_skip_count"":2.0,""slow"":0.51,""stun_duration_ms"":857.0}",302,750,448,4
6,5,141028,elite_orbit,4,void_regent,Void Regent,Dimming Acolyte,7035,4078,1.725,2.71,50.0,50.0,103.8575,254.24,12712,1.807,over_band,nullify;warded,absorb;poison_resistance;suppress,"{""absorb"":10.0,""poison_resistance"":0.41,""suppress"":0.31}",302,994,692,0
6,5,141029,woven_boss_approach,3,apex_bulwark,Apex Bulwark,Braced Guard,2822,1636,1.725,2.71,34.0,34.0,101.4711,250.6471,8522,3.02,over_band,aegis;fortified,block;armor;crit_negation,"{""armor"":120.0,""block"":11.0,""crit_negation"":0.6}",302,523,221,2
6,5,141030,woven_boss_approach,3,plague_court,Plague Court,Spiteful Seer,5981,3467,1.725,2.71,60.0,60.0,102.9861,219.3,13158,2.2,over_band,spiteful;hexed,cleanse_threshold;suppress;poison_resistance;slow,"{""cleanse_threshold"":4.0,""poison_resistance"":0.35,""slow"":0.23,""suppress"":0.85}",302,954,652,2
6,5,141031,elite_orbit,4,apex_bulwark,Apex Bulwark,Bulwark Sentinel,5291,3067,1.725,2.71,60.0,60.0,108.433,267.9,16074,3.038,over_band,aegis;fortified,block;armor;crit_negation,"{""armor"":120.0,""block"":8.0,""crit_negation"":0.73}",302,832,530,2
6,5,141032,hourglass_detour,4,chrono_tyrant,Chrono Tyrant,Devious Enemy,5770,3345,1.725,2.71,45.0,45.0,120.4329,260.4889,11722,2.0315,over_band,devious;arcane,stun_duration_ms;interrupt_skip_count;slow;cleanse_threshold,"{""cleanse_threshold"":4.0,""interrupt_skip_count"":3.0,""slow"":0.54,""stun_duration_ms"":887.0}",302,983,681,4
6,5,141033,five_way_market,3,void_regent,Void Regent,Dimming Acolyte,4292,2488,1.725,2.71,34.0,34.0,101.9389,249.5588,8485,1.977,over_band,nullify;warded,absorb;poison_resistance;suppress,"{""absorb"":10.0,""poison_resistance"":0.51,""suppress"":0.41}",302,666,364,0
6,5,141034,woven_boss_approach,3,chrono_tyrant,Chrono Tyrant,Devious Enemy,4985,2890,1.725,2.71,46.0,46.0,95.5027,206.5435,9501,1.906,over_band,devious;arcane,cleanse_threshold;stun_duration_ms;interrupt_skip_count;slow,"{""cleanse_threshold"":4.0,""interrupt_skip_count"":2.0,""slow"":0.53,""stun_duration_ms"":690.0}",302,854,552,4
6,5,141035,elite_orbit,4,chrono_tyrant,Chrono Tyrant,Devious Enemy,3455,2003,1.725,2.71,32.0,32.0,96.8917,209.625,6708,1.9415,over_band,devious;arcane,slow;stun_duration_ms;cleanse_threshold;interrupt_skip_count,"{""cleanse_threshold"":4.0,""interrupt_skip_count"":3.0,""slow"":0.52,""stun_duration_ms"":743.0}",302,684,382,4
6,5,141036,hourglass_detour,4,apex_bulwark,Apex Bulwark,Braced Monster,4483,2599,1.725,2.71,55.0,55.0,100.565,248.4364,13664,3.048,over_band,aegis;fortified,block;armor;crit_negation,"{""armor"":120.0,""block"":10.0,""crit_negation"":0.68}",302,733,431,2
6,5,141037,woven_boss_approach,3,void_regent,Void Regent,Hollow Vessel,8083,4686,1.725,2.71,58.0,58.0,102.0872,249.8793,14493,1.793,over_band,nullify;warded,absorb;poison_resistance;suppress,"{""absorb"":9.0,""poison_resistance"":0.4,""suppress"":0.33}",302,1124,822,0
6,5,141038,woven_boss_approach,3,void_regent,Void Regent,Nullifying Keeper,7787,4514,1.725,2.71,58.0,58.0,112.0964,274.431,15917,2.044,over_band,nullify;warded,absorb;poison_resistance;suppress,"{""absorb"":11.0,""poison_resistance"":0.51,""suppress"":0.48}",302,1110,808,0
6,5,141039,five_way_market,3,void_regent,Void Regent,Nullifying Enemy,4797,2781,1.725,2.71,35.0,35.0,103.4944,253.2857,8865,1.848,over_band,nullify;warded,absorb;poison_resistance;suppress,"{""absorb"":9.0,""poison_resistance"":0.42,""suppress"":0.38}",302,719,417,0
6,5,141040,hourglass_detour,4,apex_bulwark,Apex Bulwark,Bulwark Monster,4109,2382,1.725,2.71,46.0,46.0,114.1774,282.087,12976,3.158,over_band,aegis;fortified,block;armor;crit_negation,"{""armor"":120.0,""block"":14.0,""crit_negation"":0.73}",302,703,401,2
6,5,141041,elite_orbit,4,void_regent,Void Regent,Hollow Keeper,6859,3976,1.725,2.71,51.0,51.0,105.7711,258.902,13204,1.925,over_band,nullify;warded,absorb;poison_resistance;suppress,"{""absorb"":8.0,""poison_resistance"":0.48,""suppress"":0.43}",302,980,678,0
6,5,141042,split_spill_rejoin,4,chrono_tyrant,Chrono Tyrant,Devious Monster,4878,2828,1.725,2.71,38.0,38.0,107.959,233.5,8873,1.819,over_band,devious;arcane,stun_duration_ms;cleanse_threshold;slow;interrupt_skip_count,"{""cleanse_threshold"":4.0,""interrupt_skip_count"":2.0,""slow"":0.48,""stun_duration_ms"":606.0}",302,831,529,3
6,5,141043,elite_orbit,4,void_regent,Void Regent,Nullifying Enemy,4568,2648,1.725,2.71,35.0,35.0,100.131,245.1143,8579,1.878,over_band,nullify;warded,absorb;poison_resistance;suppress,"{""absorb"":12.0,""poison_resistance"":0.41,""suppress"":0.36}",302,696,394,0
6,5,141044,braided_sideboard,4,apex_bulwark,Apex Bulwark,Braced Enemy,5449,3159,1.725,2.71,60.0,60.0,111.9171,276.45,16587,3.044,over_band,aegis;fortified,block;armor;crit_negation,"{""armor"":120.0,""block"":8.0,""crit_negation"":0.74}",302,853,551,2
6,5,141045,hourglass_detour,4,void_regent,Void Regent,Hollow Vessel,7295,4229,1.725,2.71,57.0,57.0,95.7791,234.4561,13364,1.832,over_band,nullify;warded,absorb;poison_resistance;suppress,"{""absorb"":8.0,""poison_resistance"":0.38,""suppress"":0.44}",302,1030,728,0
6,5,141046,woven_boss_approach,3,chrono_tyrant,Chrono Tyrant,Devious Monster,6186,3586,1.725,2.71,51.0,51.0,105.9447,229.1765,11688,1.8895,over_band,devious;arcane,interrupt_skip_count;slow;stun_duration_ms;cleanse_threshold,"{""cleanse_threshold"":3.0,""interrupt_skip_count"":2.0,""slow"":0.4,""stun_duration_ms"":915.0}",302,1012,710,3
6,5,141047,five_way_market,3,chrono_tyrant,Chrono Tyrant,Arcane Monster,5003,2900,1.725,2.71,46.0,46.0,97.6195,211.2174,9716,1.942,over_band,devious;arcane,slow;interrupt_skip_count;stun_duration_ms;cleanse_threshold,"{""cleanse_threshold"":4.0,""interrupt_skip_count"":3.0,""slow"":0.55,""stun_duration_ms"":690.0}",302,876,574,4
6,5,141048,braided_sideboard,4,plague_court,Plague Court,Withering Threat,3766,2183,1.725,2.71,35.0,35.0,101.5275,216.1714,7566,2.009,over_band,spiteful;hexed,cleanse_threshold;suppress;poison_resistance;slow,"{""cleanse_threshold"":5.0,""poison_resistance"":0.27,""slow"":0.21,""suppress"":0.7}",302,655,353,1
6,5,141049,elite_orbit,4,void_regent,Void Regent,Warded Monster,8577,4972,1.725,2.71,55.0,55.0,111.609,273.2182,15027,1.752,over_band,nullify;warded,absorb;poison_resistance;suppress,"{""absorb"":9.0,""poison_resistance"":0.38,""suppress"":0.3}",302,1182,880,0
6,5,141050,split_spill_rejoin,4,plague_court,Plague Court,Withering Monster,3412,1978,1.725,2.71,31.0,31.0,100.9248,214.8387,6660,1.952,over_band,spiteful;hexed,cleanse_threshold;suppress;poison_resistance;slow,"{""cleanse_threshold"":3.0,""poison_resistance"":0.27,""slow"":0.22,""suppress"":0.64}",302,618,316,2
6,5,141051,elite_orbit,4,apex_bulwark,Apex Bulwark,Bulwark Monster,3020,1751,1.725,2.71,32.0,32.0,114.7625,283.5,9072,3.004,over_band,aegis;fortified,block;armor;crit_negation,"{""armor"":120.0,""block"":12.0,""crit_negation"":0.54}",302,546,244,2
6,5,141052,hourglass_detour,4,chrono_tyrant,Chrono Tyrant,Devious Monster,5444,3156,1.725,2.71,51.0,51.0,96.0456,207.7255,10594,1.946,over_band,devious;arcane,slow;cleanse_threshold;interrupt_skip_count;stun_duration_ms,"{""cleanse_threshold"":4.0,""interrupt_skip_count"":3.0,""slow"":0.46,""stun_duration_ms"":860.0}",302,934,632,4
6,5,141053,five_way_market,3,chrono_tyrant,Chrono Tyrant,Devious Threat,3719,2156,1.725,2.71,30.0,30.0,110.1709,238.2667,7148,1.922,over_band,devious;arcane,interrupt_skip_count;cleanse_threshold;slow;stun_duration_ms,"{""cleanse_threshold"":4.0,""interrupt_skip_count"":3.0,""slow"":0.46,""stun_duration_ms"":812.0}",302,715,413,4
6,5,141054,five_way_market,3,apex_bulwark,Apex Bulwark,Fortified Monster,2782,1613,1.725,2.71,31.0,31.0,106.5239,263.129,8157,2.932,over_band,aegis;fortified,block;armor;crit_negation,"{""armor"":120.0,""block"":9.0,""crit_negation"":0.52}",302,506,204,2
6,5,141055,split_spill_rejoin,4,apex_bulwark,Apex Bulwark,Bulwark Monster,4421,2563,1.725,2.71,55.0,55.0,99.1699,245.0,13475,3.048,over_band,aegis;fortified,block;armor;crit_negation,"{""armor"":120.0,""block"":13.0,""crit_negation"":0.58}",302,727,425,2
6,5,141056,elite_orbit,4,apex_bulwark,Apex Bulwark,Shielded Sentinel,4326,2508,1.725,2.71,48.0,48.0,115.2852,284.7917,13670,3.16,over_band,aegis;fortified,block;armor;crit_negation,"{""armor"":120.0,""block"":12.0,""crit_negation"":0.8}",302,730,428,2
6,5,141057,elite_orbit,4,chrono_tyrant,Chrono Tyrant,Devious Threat,4352,2523,1.725,2.71,39.0,39.0,99.7144,215.641,8410,1.9325,over_band,devious;arcane,stun_duration_ms;slow;cleanse_threshold;interrupt_skip_count,"{""cleanse_threshold"":4.0,""interrupt_skip_count"":2.0,""slow"":0.43,""stun_duration_ms"":923.0}",302,780,478,3
6,5,141058,elite_orbit,4,apex_bulwark,Apex Bulwark,Bulwark Enemy,3317,1923,1.725,2.71,34.0,34.0,119.91,296.1765,10070,3.036,over_band,aegis;fortified,block;armor;crit_negation,"{""armor"":120.0,""block"":7.0,""crit_negation"":0.76}",302,586,284,2
6,5,141059,split_spill_rejoin,4,chrono_tyrant,Chrono Tyrant,Devious Enemy,6957,4033,1.725,2.71,51.0,51.0,113.4081,245.3333,12512,1.7985,over_band,devious;arcane,stun_duration_ms;cleanse_threshold;slow;interrupt_skip_count,"{""cleanse_threshold"":4.0,""interrupt_skip_count"":3.0,""slow"":0.45,""stun_duration_ms"":583.0}",302,1106,804,3
6,5,141060,elite_orbit,4,chrono_tyrant,Chrono Tyrant,Arcane Enemy,3831,2221,1.725,2.71,31.0,31.0,100.2867,216.9355,6725,1.7555,over_band,devious;arcane,cleanse_threshold;slow;interrupt_skip_count;stun_duration_ms,"{""cleanse_threshold"":5.0,""interrupt_skip_count"":3.0,""slow"":0.39,""stun_duration_ms"":581.0}",302,704,402,1
6,5,141061,five_way_market,3,void_regent,Void Regent,Nullifying Acolyte,6381,3699,1.725,2.71,50.0,50.0,100.5194,246.06,12303,1.928,over_band,nullify;warded,absorb;poison_resistance;suppress,"{""absorb"":11.0,""poison_resistance"":0.52,""suppress"":0.3}",302,921,619,0
6,5,141062,five_way_market,3,apex_bulwark,Apex Bulwark,Bulwark Threat,4152,2407,1.725,2.71,46.0,46.0,111.2044,274.7609,12639,3.044,over_band,aegis;fortified,block;armor;crit_negation,"{""armor"":120.0,""block"":14.0,""crit_negation"":0.54}",302,693,391,2
6,5,141063,split_spill_rejoin,4,chrono_tyrant,Chrono Tyrant,Devious Threat,7012,4065,1.725,2.71,53.0,53.0,121.6741,263.2075,13950,1.9895,over_band,devious;arcane,slow;cleanse_threshold;stun_duration_ms;interrupt_skip_count,"{""cleanse_threshold"":5.0,""interrupt_skip_count"":2.0,""slow"":0.53,""stun_duration_ms"":833.0}",302,1112,810,3
6,5,141064,hourglass_detour,4,apex_bulwark,Apex Bulwark,Bulwark Guard,5439,3153,1.725,2.71,56.0,56.0,119.1223,294.2857,16480,3.03,over_band,aegis;fortified,block;armor;crit_negation,"{""armor"":120.0,""block"":10.0,""crit_negation"":0.65}",302,851,549,2
6,5,141065,split_spill_rejoin,4,apex_bulwark,Apex Bulwark,Fortified Gatekeeper,4449,2579,1.725,2.71,45.0,45.0,117.8838,291.2667,13107,2.946,over_band,aegis;fortified,block;armor;crit_negation,"{""armor"":120.0,""block"":7.0,""crit_negation"":0.61}",302,715,413,2
6,5,141066,five_way_market,3,plague_court,Plague Court,Bitter Monster,4602,2668,1.725,2.71,37.0,37.0,120.2273,255.973,9471,2.058,over_band,spiteful;hexed,cleanse_threshold;suppress;slow;poison_resistance,"{""cleanse_threshold"":4.0,""poison_resistance"":0.34,""slow"":0.2,""suppress"":0.7}",302,766,464,2
6,5,141067,hourglass_detour,4,chrono_tyrant,Chrono Tyrant,Arcane Threat,7666,4444,1.725,2.71,57.0,57.0,115.1794,249.1404,14201,1.8525,over_band,devious;arcane,interrupt_skip_count;cleanse_threshold;stun_duration_ms;slow,"{""cleanse_threshold"":3.0,""interrupt_skip_count"":3.0,""slow"":0.47,""stun_duration_ms"":679.0}",302,1207,905,4
6,5,141068,braided_sideboard,4,chrono_tyrant,Chrono Tyrant,Arcane Monster,6043,3503,1.725,2.71,49.0,49.0,100.1465,216.6327,10615,1.7565,over_band,devious;arcane,stun_duration_ms;cleanse_threshold;interrupt_skip_count;slow,"{""cleanse_threshold"":5.0,""interrupt_skip_count"":2.0,""slow"":0.39,""stun_duration_ms"":619.0}",302,964,662,1
6,5,141069,five_way_market,3,apex_bulwark,Apex Bulwark,Fortified Sentinel,4928,2857,1.725,2.71,56.0,56.0,105.242,259.9464,14557,2.954,over_band,aegis;fortified,block;armor;crit_negation,"{""armor"":120.0,""block"":8.0,""crit_negation"":0.59}",302,776,474,2
6,5,141070,woven_boss_approach,3,chrono_tyrant,Chrono Tyrant,Arcane Enemy,6429,3727,1.725,2.71,56.0,56.0,105.0025,227.1429,12720,1.9785,over_band,devious;arcane,stun_duration_ms;interrupt_skip_count;cleanse_threshold;slow,"{""cleanse_threshold"":5.0,""interrupt_skip_count"":2.0,""slow"":0.51,""stun_duration_ms"":847.0}",302,1038,736,3
6,5,141071,five_way_market,3,chrono_tyrant,Chrono Tyrant,Devious Monster,6971,4041,1.725,2.71,59.0,59.0,98.3601,212.7966,12555,1.801,over_band,devious;arcane,interrupt_skip_count;cleanse_threshold;stun_duration_ms;slow,"{""cleanse_threshold"":4.0,""interrupt_skip_count"":2.0,""slow"":0.42,""stun_duration_ms"":678.0}",302,1092,790,3
6,5,141072,split_spill_rejoin,4,apex_bulwark,Apex Bulwark,Shielded Threat,2850,1652,1.725,2.71,37.0,37.0,95.2239,235.2432,8704,3.054,over_band,aegis;fortified,block;armor;crit_negation,"{""armor"":120.0,""block"":10.0,""crit_negation"":0.69}",302,530,228,2
6,5,141073,elite_orbit,4,chrono_tyrant,Chrono Tyrant,Arcane Monster,6029,3495,1.725,2.71,44.0,44.0,108.229,234.1136,10301,1.7085,over_band,devious;arcane,interrupt_skip_count;stun_duration_ms;cleanse_threshold;slow,"{""cleanse_threshold"":4.0,""interrupt_skip_count"":2.0,""slow"":0.37,""stun_duration_ms"":583.0}",302,964,662,2
6,5,141074,hourglass_detour,4,void_regent,Void Regent,Warded Monster,4865,2820,1.725,2.71,30.0,30.0,122.2346,299.2,8976,1.845,over_band,nullify;warded,absorb;poison_resistance;suppress,"{""absorb"":8.0,""poison_resistance"":0.47,""suppress"":0.33}",302,722,420,0
6,5,141075,elite_orbit,4,void_regent,Void Regent,Warded Keeper,8302,4813,1.725,2.71,53.0,53.0,120.9631,296.0566,15691,1.89,over_band,nullify;warded,absorb;poison_resistance;suppress,"{""absorb"":10.0,""poison_resistance"":0.5,""suppress"":0.3}",302,1157,855,0
6,5,141076,elite_orbit,4,plague_court,Plague Court,Bitter Hexbearer,5351,3102,1.725,2.71,52.0,52.0,97.2053,206.9423,10761,2.011,over_band,spiteful;hexed,cleanse_threshold;poison_resistance;suppress;slow,"{""cleanse_threshold"":4.0,""poison_resistance"":0.31,""slow"":0.29,""suppress"":0.56}",302,856,554,2
6,5,141077,woven_boss_approach,3,apex_bulwark,Apex Bulwark,Fortified Sentinel,2920,1693,1.725,2.71,32.0,32.0,107.7211,266.0938,8515,2.916,over_band,aegis;fortified,block;armor;crit_negation,"{""armor"":120.0,""block"":7.0,""crit_negation"":0.56}",302,520,218,2
6,5,141078,split_spill_rejoin,4,chrono_tyrant,Chrono Tyrant,Devious Enemy,6710,3890,1.725,2.71,48.0,48.0,113.2055,244.8542,11753,1.7515,over_band,devious;arcane,cleanse_threshold;stun_duration_ms;interrupt_skip_count;slow,"{""cleanse_threshold"":3.0,""interrupt_skip_count"":3.0,""slow"":0.37,""stun_duration_ms"":657.0}",302,1077,775,3
6,5,141079,split_spill_rejoin,4,chrono_tyrant,Chrono Tyrant,Devious Enemy,4823,2796,1.725,2.71,36.0,36.0,108.1638,233.9722,8423,1.7465,over_band,devious;arcane,slow;cleanse_threshold;interrupt_skip_count;stun_duration_ms,"{""cleanse_threshold"":4.0,""interrupt_skip_count"":2.0,""slow"":0.42,""stun_duration_ms"":569.0}",302,817,515,2
6,5,141080,split_spill_rejoin,4,plague_court,Plague Court,Spiteful Bloom,6762,3920,1.725,2.71,59.0,59.0,100.7172,214.4407,12652,1.871,over_band,spiteful;hexed,cleanse_threshold;suppress;slow;poison_resistance,"{""cleanse_threshold"":4.0,""poison_resistance"":0.2,""slow"":0.21,""suppress"":0.62}",302,1023,721,2
7,6,151001,woven_boss_approach,3,apex_bulwark,Apex Bulwark,Braced Gatekeeper,4768,2445,1.95,3.22,38.0,38.0,136.761,381.9474,14514,3.044,over_band,aegis;fortified,block;armor;crit_negation,"{""armor"":120.0,""block"":11.0,""crit_negation"":0.64}",302,769,467,2
7,6,151002,elite_orbit,4,chrono_tyrant,Chrono Tyrant,Devious Monster,9988,5122,1.95,3.22,56.0,56.0,131.6087,321.8393,18023,1.8045,over_band,devious;arcane,interrupt_skip_count;stun_duration_ms;cleanse_threshold;slow,"{""cleanse_threshold"":5.0,""interrupt_skip_count"":3.0,""slow"":0.38,""stun_duration_ms"":697.0}",302,1480,1178,2
7,6,151003,five_way_market,3,plague_court,Plague Court,Hexed Threat,11228,5758,1.95,3.22,59.0,59.0,149.1288,358.9153,21176,1.886,over_band,spiteful;hexed,cleanse_threshold;suppress;poison_resistance;slow,"{""cleanse_threshold"":3.0,""poison_resistance"":0.19,""slow"":0.29,""suppress"":0.57}",302,1590,1288,2
7,6,151004,five_way_market,3,void_regent,Void Regent,Warded Acolyte,10690,5482,1.95,3.22,59.0,59.0,129.3885,358.0169,21123,1.976,over_band,nullify;warded,absorb;poison_resistance;suppress,"{""absorb"":12.0,""poison_resistance"":0.48,""suppress"":0.4}",302,1468,1166,0
7,6,151005,elite_orbit,4,void_regent,Void Regent,Hollow Monster,7726,3962,1.95,3.22,36.0,36.0,139.611,386.3056,13907,1.8,over_band,nullify;warded,absorb;poison_resistance;suppress,"{""absorb"":12.0,""poison_resistance"":0.36,""suppress"":0.32}",302,1085,783,0
7,6,151006,woven_boss_approach,3,plague_court,Plague Court,Spiteful Threat,4524,2320,1.95,3.22,35.0,35.0,119.3286,287.2,10052,2.222,over_band,spiteful;hexed,cleanse_threshold;suppress;slow;poison_resistance,"{""cleanse_threshold"":3.0,""poison_resistance"":0.33,""slow"":0.29,""suppress"":0.85}",302,782,480,2
7,6,151007,braided_sideboard,4,void_regent,Void Regent,Hollow Vessel,9069,4651,1.95,3.22,48.0,48.0,126.4589,349.9167,16796,1.852,over_band,nullify;warded,absorb;poison_resistance;suppress,"{""absorb"":9.0,""poison_resistance"":0.48,""suppress"":0.3}",302,1249,947,0
7,6,151008,woven_boss_approach,3,apex_bulwark,Apex Bulwark,Shielded Gatekeeper,5251,2693,1.95,3.22,39.0,39.0,149.2527,416.8462,16257,3.096,over_band,aegis;fortified,block;armor;crit_negation,"{""armor"":120.0,""block"":10.0,""crit_negation"":0.76}",302,836,534,2
7,6,151009,woven_boss_approach,3,apex_bulwark,Apex Bulwark,Braced Gatekeeper,4300,2205,1.95,3.22,32.0,32.0,144.1262,402.5938,12883,2.996,over_band,aegis;fortified,block;armor;crit_negation,"{""armor"":120.0,""block"":8.0,""crit_negation"":0.66}",302,704,402,2
7,6,151010,elite_orbit,4,chrono_tyrant,Chrono Tyrant,Arcane Threat,6673,3422,1.95,3.22,36.0,36.0,138.4413,338.5556,12188,1.8265,over_band,devious;arcane,interrupt_skip_count;cleanse_threshold;stun_duration_ms;slow,"{""cleanse_threshold"":3.0,""interrupt_skip_count"":2.0,""slow"":0.53,""stun_duration_ms"":555.0}",302,1063,761,3
7,6,151011,woven_boss_approach,3,plague_court,Plague Court,Withering Bloom,8910,4569,1.95,3.22,53.0,53.0,141.8776,341.434,18096,2.031,over_band,spiteful;hexed,cleanse_threshold;suppress;poison_resistance;slow,"{""cleanse_threshold"":5.0,""poison_resistance"":0.25,""slow"":0.28,""suppress"":0.67}",302,1300,998,1
7,6,151012,hourglass_detour,4,chrono_tyrant,Chrono Tyrant,Arcane Threat,9003,4617,1.95,3.22,49.0,49.0,128.4142,314.0,15386,1.709,over_band,devious;arcane,interrupt_skip_count;slow;stun_duration_ms;cleanse_threshold,"{""cleanse_threshold"":4.0,""interrupt_skip_count"":2.0,""slow"":0.32,""stun_duration_ms"":674.0}",302,1336,1034,3
7,6,151013,woven_boss_approach,3,void_regent,Void Regent,Hollow Vessel,6864,3520,1.95,3.22,35.0,35.0,138.8508,384.2,13447,1.959,over_band,nullify;warded,absorb;poison_resistance;suppress,"{""absorb"":12.0,""poison_resistance"":0.47,""suppress"":0.39}",302,988,686,0
7,6,151014,hourglass_detour,4,chrono_tyrant,Chrono Tyrant,Devious Enemy,4943,2535,1.95,3.22,30.0,30.0,125.8284,307.6333,9229,1.867,over_band,devious;arcane,slow;interrupt_skip_count;stun_duration_ms;cleanse_threshold,"{""cleanse_threshold"":5.0,""interrupt_skip_count"":3.0,""slow"":0.45,""stun_duration_ms"":696.0}",302,856,554,3
7,6,151015,woven_boss_approach,3,apex_bulwark,Apex Bulwark,Shielded Monster,6312,3237,1.95,3.22,49.0,49.0,146.1219,408.0816,19996,3.168,over_band,aegis;fortified,block;armor;crit_negation,"{""armor"":120.0,""block"":13.0,""crit_negation"":0.78}",302,979,677,2
7,6,151016,elite_orbit,4,plague_court,Plague Court,Hexed Monster,7494,3843,1.95,3.22,48.0,48.0,127.3503,306.4792,14711,1.963,over_band,spiteful;hexed,cleanse_threshold;suppress;poison_resistance;slow,"{""cleanse_threshold"":3.0,""poison_resistance"":0.3,""slow"":0.16,""suppress"":0.69}",302,1127,825,2
7,6,151017,five_way_market,3,apex_bulwark,Apex Bulwark,Fortified Monster,3849,1974,1.95,3.22,34.0,34.0,123.7888,345.7353,11755,3.054,over_band,aegis;fortified,block;armor;crit_negation,"{""armor"":120.0,""block"":13.0,""crit_negation"":0.59}",302,656,354,2
7,6,151018,elite_orbit,4,apex_bulwark,Apex Bulwark,Braced Enemy,4485,2300,1.95,3.22,32.0,32.0,147.8567,412.9063,13213,2.946,over_band,aegis;fortified,block;armor;crit_negation,"{""armor"":120.0,""block"":7.0,""crit_negation"":0.61}",302,720,418,2
7,6,151019,five_way_market,3,chrono_tyrant,Chrono Tyrant,Arcane Enemy,8627,4424,1.95,3.22,48.0,48.0,138.7919,339.4167,16292,1.8885,over_band,devious;arcane,interrupt_skip_count;slow;stun_duration_ms;cleanse_threshold,"{""cleanse_threshold"":4.0,""interrupt_skip_count"":2.0,""slow"":0.38,""stun_duration_ms"":925.0}",302,1310,1008,3
7,6,151020,five_way_market,3,plague_court,Plague Court,Bitter Monster,4497,2306,1.95,3.22,35.0,35.0,116.1554,279.5714,9785,2.176,over_band,spiteful;hexed,cleanse_threshold;suppress;poison_resistance;slow,"{""cleanse_threshold"":5.0,""poison_resistance"":0.34,""slow"":0.24,""suppress"":0.8}",302,759,457,1
7,6,151021,hourglass_detour,4,apex_bulwark,Apex Bulwark,Fortified Enemy,6363,3263,1.95,3.22,53.0,53.0,133.4139,372.6604,19751,3.104,over_band,aegis;fortified,block;armor;crit_negation,"{""armor"":120.0,""block"":11.0,""crit_negation"":0.74}",302,976,674,2
7,6,151022,elite_orbit,4,void_regent,Void Regent,Nullifying Vessel,8697,4460,1.95,3.22,44.0,44.0,127.1617,351.8409,15481,1.78,over_band,nullify;warded,absorb;poison_resistance;suppress,"{""absorb"":7.0,""poison_resistance"":0.43,""suppress"":0.32}",302,1194,892,0
7,6,151023,hourglass_detour,4,plague_court,Plague Court,Bitter Monster,7229,3707,1.95,3.22,51.0,51.0,113.7121,273.7059,13959,1.931,over_band,spiteful;hexed,cleanse_threshold;slow;suppress;poison_resistance,"{""cleanse_threshold"":4.0,""poison_resistance"":0.25,""slow"":0.19,""suppress"":0.66}",302,1086,784,2
7,6,151024,five_way_market,3,void_regent,Void Regent,Hollow Acolyte,7476,3834,1.95,3.22,45.0,45.0,115.7495,320.3111,14414,1.928,over_band,nullify;warded,absorb;poison_resistance;suppress,"{""absorb"":9.0,""poison_resistance"":0.5,""suppress"":0.38}",302,1058,756,0
7,6,151025,five_way_market,3,void_regent,Void Regent,Nullifying Monster,10647,5460,1.95,3.22,55.0,55.0,131.4561,363.7455,20006,1.879,over_band,nullify;warded,absorb;poison_resistance;suppress,"{""absorb"":10.0,""poison_resistance"":0.37,""suppress"":0.47}",302,1457,1155,0
7,6,151026,braided_sideboard,4,apex_bulwark,Apex Bulwark,Braced Gatekeeper,4690,2405,1.95,3.22,34.0,34.0,148.3456,414.3824,14089,3.004,over_band,aegis;fortified,block;armor;crit_negation,"{""armor"":120.0,""block"":9.0,""crit_negation"":0.64}",302,753,451,2
7,6,151027,woven_boss_approach,3,void_regent,Void Regent,Hollow Acolyte,10980,5631,1.95,3.22,51.0,51.0,140.2007,387.9608,19786,1.802,over_band,nullify;warded,absorb;poison_resistance;suppress,"{""absorb"":9.0,""poison_resistance"":0.43,""suppress"":0.3}",302,1485,1183,0
7,6,151028,woven_boss_approach,3,plague_court,Plague Court,Withering Seer,6359,3261,1.95,3.22,38.0,38.0,139.4238,335.5263,12750,2.005,over_band,spiteful;hexed,cleanse_threshold;suppress;poison_resistance;slow,"{""cleanse_threshold"":4.0,""poison_resistance"":0.24,""slow"":0.26,""suppress"":0.69}",302,985,683,2
7,6,151029,braided_sideboard,4,chrono_tyrant,Chrono Tyrant,Arcane Monster,6137,3147,1.95,3.22,39.0,39.0,118.45,289.6923,11298,1.841,over_band,devious;arcane,slow;stun_duration_ms;cleanse_threshold;interrupt_skip_count,"{""cleanse_threshold"":4.0,""interrupt_skip_count"":3.0,""slow"":0.32,""stun_duration_ms"":902.0}",302,1010,708,3
7,6,151030,elite_orbit,4,chrono_tyrant,Chrono Tyrant,Devious Threat,5536,2839,1.95,3.22,35.0,35.0,118.8029,290.4857,10167,1.8365,over_band,devious;arcane,cleanse_threshold;stun_duration_ms;slow;interrupt_skip_count,"{""cleanse_threshold"":5.0,""interrupt_skip_count"":3.0,""slow"":0.47,""stun_duration_ms"":599.0}",302,925,623,2
7,6,151031,hourglass_detour,4,apex_bulwark,Apex Bulwark,Fortified Monster,4450,2282,1.95,3.22,32.0,32.0,146.1662,408.2813,13065,2.936,over_band,aegis;fortified,block;armor;crit_negation,"{""armor"":120.0,""block"":8.0,""crit_negation"":0.56}",302,714,412,2
7,6,151032,five_way_market,3,apex_bulwark,Apex Bulwark,Fortified Monster,5788,2968,1.95,3.22,53.0,53.0,117.3642,327.8491,17376,3.002,over_band,aegis;fortified,block;armor;crit_negation,"{""armor"":120.0,""block"":8.0,""crit_negation"":0.67}",302,891,589,2
7,6,151033,five_way_market,3,chrono_tyrant,Chrono Tyrant,Arcane Threat,4545,2331,1.95,3.22,30.0,30.0,116.7769,285.5,8565,1.8845,over_band,devious;arcane,stun_duration_ms;slow;cleanse_threshold;interrupt_skip_count,"{""cleanse_threshold"":4.0,""interrupt_skip_count"":2.0,""slow"":0.55,""stun_duration_ms"":611.0}",302,797,495,3
7,6,151034,braided_sideboard,4,plague_court,Plague Court,Withering Threat,5760,2954,1.95,3.22,38.0,38.0,113.9312,274.2105,10420,1.809,over_band,spiteful;hexed,cleanse_threshold;slow;suppress;poison_resistance,"{""cleanse_threshold"":4.0,""poison_resistance"":0.2,""slow"":0.18,""suppress"":0.57}",302,891,589,2
7,6,151035,five_way_market,3,chrono_tyrant,Chrono Tyrant,Arcane Enemy,8545,4382,1.95,3.22,53.0,53.0,120.8243,295.4528,15659,1.8325,over_band,devious;arcane,cleanse_threshold;interrupt_skip_count;slow;stun_duration_ms,"{""cleanse_threshold"":4.0,""interrupt_skip_count"":2.0,""slow"":0.52,""stun_duration_ms"":561.0}",302,1291,989,3
7,6,151036,braided_sideboard,4,chrono_tyrant,Chrono Tyrant,Arcane Enemy,10278,5271,1.95,3.22,57.0,57.0,126.8397,310.1404,17678,1.72,over_band,devious;arcane,stun_duration_ms;interrupt_skip_count;cleanse_threshold;slow,"{""cleanse_threshold"":4.0,""interrupt_skip_count"":2.0,""slow"":0.41,""stun_duration_ms"":534.0}",302,1496,1194,2
7,6,151037,five_way_market,3,void_regent,Void Regent,Dimming Monster,12564,6443,1.95,3.22,56.0,56.0,142.5408,394.4286,22088,1.758,over_band,nullify;warded,absorb;poison_resistance;suppress,"{""absorb"":8.0,""poison_resistance"":0.39,""suppress"":0.32}",302,1680,1378,0
7,6,151038,five_way_market,3,void_regent,Void Regent,Nullifying Keeper,11322,5806,1.95,3.22,57.0,57.0,134.6698,372.6316,21240,1.876,over_band,nullify;warded,absorb;poison_resistance;suppress,"{""absorb"":9.0,""poison_resistance"":0.49,""suppress"":0.32}",302,1532,1230,0
7,6,151039,split_spill_rejoin,4,chrono_tyrant,Chrono Tyrant,Arcane Monster,6417,3291,1.95,3.22,36.0,36.0,137.6796,336.6389,12119,1.8885,over_band,devious;arcane,stun_duration_ms;slow;interrupt_skip_count;cleanse_threshold,"{""cleanse_threshold"":4.0,""interrupt_skip_count"":2.0,""slow"":0.38,""stun_duration_ms"":925.0}",302,1034,732,3
7,6,151040,braided_sideboard,4,apex_bulwark,Apex Bulwark,Bulwark Enemy,5208,2671,1.95,3.22,37.0,37.0,149.3091,416.9189,15426,2.962,over_band,aegis;fortified,block;armor;crit_negation,"{""armor"":120.0,""block"":9.0,""crit_negation"":0.57}",302,813,511,2
7,6,151041,hourglass_detour,4,void_regent,Void Regent,Nullifying Vessel,10208,5235,1.95,3.22,56.0,56.0,126.9405,351.2679,19671,1.927,over_band,nullify;warded,absorb;poison_resistance;suppress,"{""absorb"":11.0,""poison_resistance"":0.47,""suppress"":0.37}",302,1402,1100,0
7,6,151042,elite_orbit,4,chrono_tyrant,Chrono Tyrant,Devious Enemy,7624,3910,1.95,3.22,46.0,46.0,117.5652,287.4783,13224,1.7345,over_band,devious;arcane,cleanse_threshold;stun_duration_ms;interrupt_skip_count;slow,"{""cleanse_threshold"":4.0,""interrupt_skip_count"":2.0,""slow"":0.42,""stun_duration_ms"":545.0}",302,1166,864,2
7,6,151043,woven_boss_approach,3,chrono_tyrant,Chrono Tyrant,Devious Monster,5284,2710,1.95,3.22,31.0,31.0,130.5706,319.2581,9897,1.873,over_band,devious;arcane,interrupt_skip_count;stun_duration_ms;cleanse_threshold;slow,"{""cleanse_threshold"":4.0,""interrupt_skip_count"":2.0,""slow"":0.41,""stun_duration_ms"":840.0}",302,890,588,3
7,6,151044,five_way_market,3,apex_bulwark,Apex Bulwark,Braced Gatekeeper,4651,2385,1.95,3.22,35.0,35.0,138.8512,387.7714,13572,2.918,over_band,aegis;fortified,block;armor;crit_negation,"{""armor"":120.0,""block"":8.0,""crit_negation"":0.53}",302,736,434,2
7,6,151045,hourglass_detour,4,chrono_tyrant,Chrono Tyrant,Arcane Monster,5251,2693,1.95,3.22,37.0,37.0,117.1256,286.4054,10597,2.018,over_band,devious;arcane,interrupt_skip_count;cleanse_threshold;slow;stun_duration_ms,"{""cleanse_threshold"":4.0,""interrupt_skip_count"":3.0,""slow"":0.54,""stun_duration_ms"":860.0}",302,917,615,4
7,6,151046,elite_orbit,4,void_regent,Void Regent,Dimming Acolyte,6320,3241,1.95,3.22,34.0,34.0,131.0058,362.4706,12324,1.95,over_band,nullify;warded,absorb;poison_resistance;suppress,"{""absorb"":11.0,""poison_resistance"":0.43,""suppress"":0.46}",302,921,619,0
7,6,151047,hourglass_detour,4,void_regent,Void Regent,Nullifying Threat,10955,5618,1.95,3.22,55.0,55.0,132.5861,366.8909,20179,1.842,over_band,nullify;warded,absorb;poison_resistance;suppress,"{""absorb"":8.0,""poison_resistance"":0.46,""suppress"":0.34}",302,1484,1182,0
7,6,151048,split_spill_rejoin,4,void_regent,Void Regent,Nullifying Vessel,11805,6054,1.95,3.22,56.0,56.0,143.2976,396.5179,22205,1.881,over_band,nullify;warded,absorb;poison_resistance;suppress,"{""absorb"":12.0,""poison_resistance"":0.42,""suppress"":0.35}",302,1601,1299,0
7,6,151049,split_spill_rejoin,4,apex_bulwark,Apex Bulwark,Fortified Enemy,6961,3570,1.95,3.22,60.0,60.0,130.0255,363.1333,21788,3.13,over_band,aegis;fortified,block;armor;crit_negation,"{""armor"":120.0,""block"":12.0,""crit_negation"":0.75}",302,1055,753,2
7,6,151050,split_spill_rejoin,4,apex_bulwark,Apex Bulwark,Bulwark Sentinel,4167,2137,1.95,3.22,35.0,35.0,126.1026,352.1714,12326,2.958,over_band,aegis;fortified,block;armor;crit_negation,"{""armor"":120.0,""block"":7.0,""crit_negation"":0.63}",302,681,379,2
7,6,151051,woven_boss_approach,3,void_regent,Void Regent,Dimming Enemy,10393,5330,1.95,3.22,58.0,58.0,126.1485,349.069,20246,1.948,over_band,nullify;warded,absorb;poison_resistance;suppress,"{""absorb"":8.0,""poison_resistance"":0.51,""suppress"":0.42}",302,1423,1121,0
7,6,151052,elite_orbit,4,plague_court,Plague Court,Bitter Monster,6486,3326,1.95,3.22,36.0,36.0,146.1051,351.6944,12661,1.952,over_band,spiteful;hexed,cleanse_threshold;suppress;slow;poison_resistance,"{""cleanse_threshold"":4.0,""poison_resistance"":0.25,""slow"":0.26,""suppress"":0.6}",302,995,693,2
7,6,151053,woven_boss_approach,3,plague_court,Plague Court,Withering Seer,9374,4807,1.95,3.22,59.0,59.0,124.182,298.8475,17632,1.881,over_band,spiteful;hexed,cleanse_threshold;suppress;poison_resistance;slow,"{""cleanse_threshold"":4.0,""poison_resistance"":0.22,""slow"":0.23,""suppress"":0.58}",302,1350,1048,2
7,6,151054,split_spill_rejoin,4,void_regent,Void Regent,Warded Keeper,13250,6795,1.95,3.22,59.0,59.0,148.6061,411.2034,24261,1.831,over_band,nullify;warded,absorb;poison_resistance;suppress,"{""absorb"":8.0,""poison_resistance"":0.47,""suppress"":0.31}",302,1768,1466,0
7,6,151055,elite_orbit,4,plague_court,Plague Court,Bitter Enemy,5489,2815,1.95,3.22,32.0,32.0,146.0972,351.625,11252,2.05,over_band,spiteful;hexed,cleanse_threshold;suppress;slow;poison_resistance,"{""cleanse_threshold"":3.0,""poison_resistance"":0.22,""slow"":0.26,""suppress"":0.8}",302,889,587,2
7,6,151056,split_spill_rejoin,4,void_regent,Void Regent,Warded Monster,6743,3458,1.95,3.22,37.0,37.0,117.113,324.027,11989,1.778,over_band,nullify;warded,absorb;poison_resistance;suppress,"{""absorb"":8.0,""poison_resistance"":0.41,""suppress"":0.32}",302,953,651,0
7,6,151057,hourglass_detour,4,apex_bulwark,Apex Bulwark,Shielded Enemy,5306,2721,1.95,3.22,46.0,46.0,125.3996,350.1957,16109,3.036,over_band,aegis;fortified,block;armor;crit_negation,"{""armor"":120.0,""block"":13.0,""crit_negation"":0.56}",302,836,534,2
7,6,151058,woven_boss_approach,3,apex_bulwark,Apex Bulwark,Braced Gatekeeper,4251,2180,1.95,3.22,38.0,38.0,121.9103,340.5263,12940,3.044,over_band,aegis;fortified,block;armor;crit_negation,"{""armor"":120.0,""block"":11.0,""crit_negation"":0.64}",302,704,402,2
7,6,151059,woven_boss_approach,3,void_regent,Void Regent,Hollow Monster,7570,3882,1.95,3.22,38.0,38.0,134.7047,372.7105,14163,1.871,over_band,nullify;warded,absorb;poison_resistance;suppress,"{""absorb"":11.0,""poison_resistance"":0.47,""suppress"":0.29}",302,1066,764,0
7,6,151060,split_spill_rejoin,4,plague_court,Plague Court,Withering Seer,8878,4553,1.95,3.22,52.0,52.0,143.1001,344.3654,17907,2.017,over_band,spiteful;hexed,cleanse_threshold;suppress;poison_resistance;slow,"{""cleanse_threshold"":4.0,""poison_resistance"":0.2,""slow"":0.24,""suppress"":0.79}",302,1305,1003,2
7,6,151061,hourglass_detour,4,plague_court,Plague Court,Spiteful Bloom,7075,3628,1.95,3.22,45.0,45.0,133.661,321.6667,14475,2.046,over_band,spiteful;hexed,cleanse_threshold;suppress;slow;poison_resistance,"{""cleanse_threshold"":3.0,""poison_resistance"":0.29,""slow"":0.24,""suppress"":0.72}",302,1084,782,2
7,6,151062,woven_boss_approach,3,void_regent,Void Regent,Hollow Monster,8085,4146,1.95,3.22,49.0,49.0,116.3891,322.0816,15782,1.952,over_band,nullify;warded,absorb;poison_resistance;suppress,"{""absorb"":11.0,""poison_resistance"":0.46,""suppress"":0.42}",302,1141,839,0
7,6,151063,five_way_market,3,plague_court,Plague Court,Bitter Enemy,5401,2770,1.95,3.22,37.0,37.0,121.2748,291.8108,10797,1.999,over_band,spiteful;hexed,cleanse_threshold;suppress;poison_resistance;slow,"{""cleanse_threshold"":4.0,""poison_resistance"":0.24,""slow"":0.3,""suppress"":0.63}",302,864,562,2
7,6,151064,split_spill_rejoin,4,void_regent,Void Regent,Nullifying Monster,6833,3504,1.95,3.22,35.0,35.0,125.4448,347.1143,12149,1.778,over_band,nullify;warded,absorb;poison_resistance;suppress,"{""absorb"":10.0,""poison_resistance"":0.36,""suppress"":0.34}",302,969,667,0
7,6,151065,woven_boss_approach,3,plague_court,Plague Court,Bitter Seer,4551,2334,1.95,3.22,32.0,32.0,124.4255,299.375,9580,2.105,over_band,spiteful;hexed,cleanse_threshold;suppress;poison_resistance;slow,"{""cleanse_threshold"":5.0,""poison_resistance"":0.3,""slow"":0.19,""suppress"":0.82}",302,761,459,1
7,6,151066,hourglass_detour,4,void_regent,Void Regent,Nullifying Vessel,10639,5456,1.95,3.22,56.0,56.0,132.18,365.7143,20480,1.925,over_band,nullify;warded,absorb;poison_resistance;suppress,"{""absorb"":10.0,""poison_resistance"":0.5,""suppress"":0.35}",302,1453,1151,0
7,6,151067,elite_orbit,4,apex_bulwark,Apex Bulwark,Bulwark Guard,4386,2249,1.95,3.22,32.0,32.0,147.1979,411.1875,13158,3.0,over_band,aegis;fortified,block;armor;crit_negation,"{""armor"":120.0,""block"":10.0,""crit_negation"":0.6}",302,715,413,2
7,6,151068,split_spill_rejoin,4,void_regent,Void Regent,Warded Keeper,7182,3683,1.95,3.22,36.0,36.0,137.9142,381.6389,13739,1.913,over_band,nullify;warded,absorb;poison_resistance;suppress,"{""absorb"":11.0,""poison_resistance"":0.47,""suppress"":0.35}",302,1022,720,0
7,6,151069,woven_boss_approach,3,chrono_tyrant,Chrono Tyrant,Devious Enemy,11994,6151,1.95,3.22,59.0,59.0,146.8933,359.2034,21193,1.767,over_band,devious;arcane,slow;cleanse_threshold;stun_duration_ms;interrupt_skip_count,"{""cleanse_threshold"":5.0,""interrupt_skip_count"":3.0,""slow"":0.4,""stun_duration_ms"":586.0}",302,1725,1423,1
7,6,151070,split_spill_rejoin,4,plague_court,Plague Court,Spiteful Monster,8736,4480,1.95,3.22,57.0,57.0,130.8635,314.9474,17952,2.055,over_band,spiteful;hexed,cleanse_threshold;poison_resistance;suppress;slow,"{""cleanse_threshold"":5.0,""poison_resistance"":0.26,""slow"":0.28,""suppress"":0.69}",302,1280,978,1
7,6,151071,woven_boss_approach,3,plague_court,Plague Court,Spiteful Threat,7864,4033,1.95,3.22,49.0,49.0,137.8531,331.7347,16255,2.067,over_band,spiteful;hexed,cleanse_threshold;suppress;slow;poison_resistance,"{""cleanse_threshold"":4.0,""poison_resistance"":0.19,""slow"":0.26,""suppress"":0.85}",302,1182,880,2
7,6,151072,hourglass_detour,4,void_regent,Void Regent,Warded Threat,6049,3102,1.95,3.22,36.0,36.0,123.6766,342.2778,12322,2.037,over_band,nullify;warded,absorb;poison_resistance;suppress,"{""absorb"":13.0,""poison_resistance"":0.53,""suppress"":0.39}",302,894,592,0
7,6,151073,braided_sideboard,4,chrono_tyrant,Chrono Tyrant,Arcane Monster,4403,2258,1.95,3.22,30.0,30.0,114.0789,278.9333,8368,1.9005,over_band,devious;arcane,slow;stun_duration_ms;cleanse_threshold;interrupt_skip_count,"{""cleanse_threshold"":3.0,""interrupt_skip_count"":3.0,""slow"":0.55,""stun_duration_ms"":631.0}",302,804,502,4
7,6,151074,braided_sideboard,4,apex_bulwark,Apex Bulwark,Bulwark Gatekeeper,4713,2417,1.95,3.22,37.0,37.0,141.5006,395.1351,14620,3.102,over_band,aegis;fortified,block;armor;crit_negation,"{""armor"":120.0,""block"":13.0,""crit_negation"":0.67}",302,771,469,2
7,6,151075,hourglass_detour,4,void_regent,Void Regent,Warded Enemy,7275,3731,1.95,3.22,36.0,36.0,138.1678,382.3333,13764,1.892,over_band,nullify;warded,absorb;poison_resistance;suppress,"{""absorb"":10.0,""poison_resistance"":0.46,""suppress"":0.36}",302,1031,729,0
7,6,151076,five_way_market,3,chrono_tyrant,Chrono Tyrant,Arcane Threat,5312,2724,1.95,3.22,31.0,31.0,127.9361,312.8065,9697,1.8255,over_band,devious;arcane,slow;cleanse_threshold;stun_duration_ms;interrupt_skip_count,"{""cleanse_threshold"":4.0,""interrupt_skip_count"":3.0,""slow"":0.49,""stun_duration_ms"":565.0}",302,902,600,3
7,6,151077,split_spill_rejoin,4,chrono_tyrant,Chrono Tyrant,Arcane Enemy,6039,3097,1.95,3.22,37.0,37.0,125.1402,306.027,11323,1.875,over_band,devious;arcane,stun_duration_ms;cleanse_threshold;slow;interrupt_skip_count,"{""cleanse_threshold"":5.0,""interrupt_skip_count"":3.0,""slow"":0.46,""stun_duration_ms"":694.0}",302,993,691,3
7,6,151078,braided_sideboard,4,plague_court,Plague Court,Bitter Bloom,4916,2521,1.95,3.22,35.0,35.0,120.6978,290.4571,10166,2.068,over_band,spiteful;hexed,cleanse_threshold;slow;suppress;poison_resistance,"{""cleanse_threshold"":3.0,""poison_resistance"":0.33,""slow"":0.29,""suppress"":0.63}",302,814,512,2
7,6,151079,five_way_market,3,void_regent,Void Regent,Nullifying Threat,6318,3240,1.95,3.22,38.0,38.0,117.6601,325.5526,12371,1.958,over_band,nullify;warded,absorb;poison_resistance;suppress,"{""absorb"":11.0,""poison_resistance"":0.48,""suppress"":0.4}",302,919,617,0
7,6,151080,elite_orbit,4,plague_court,Plague Court,Withering Threat,7667,3932,1.95,3.22,45.0,45.0,136.6524,328.8222,14797,1.93,over_band,spiteful;hexed,cleanse_threshold;suppress;poison_resistance;slow,"{""cleanse_threshold"":3.0,""poison_resistance"":0.32,""slow"":0.21,""suppress"":0.55}",302,1143,841,2
8,7,161001,split_spill_rejoin,4,apex_bulwark,Apex Bulwark,Braced Sentinel,4987,2293,2.175,3.73,35.0,35.0,135.6848,422.6,14791,2.966,over_band,aegis;fortified,block;armor;crit_negation,"{""armor"":120.0,""block"":8.0,""crit_negation"":0.61}",302,785,483,2
8,7,161002,woven_boss_approach,3,apex_bulwark,Apex Bulwark,Braced Gatekeeper,5909,2717,2.175,3.73,34.0,34.0,169.7177,528.6765,17975,3.042,over_band,aegis;fortified,block;armor;crit_negation,"{""armor"":120.0,""block"":10.0,""crit_negation"":0.67}",302,912,610,2
8,7,161003,five_way_market,3,chrono_tyrant,Chrono Tyrant,Arcane Enemy,6719,3089,2.175,3.73,31.0,31.0,133.3207,363.6774,11274,1.678,over_band,devious;arcane,cleanse_threshold;interrupt_skip_count;stun_duration_ms;slow,"{""cleanse_threshold"":5.0,""interrupt_skip_count"":2.0,""slow"":0.35,""stun_duration_ms"":534.0}",302,1041,739,1
8,7,161004,split_spill_rejoin,4,apex_bulwark,Apex Bulwark,Fortified Monster,5346,2458,2.175,3.73,31.0,31.0,165.5637,515.6452,15985,2.99,over_band,aegis;fortified,block;armor;crit_negation,"{""armor"":120.0,""block"":8.0,""crit_negation"":0.65}",302,833,531,2
8,7,161005,braided_sideboard,4,void_regent,Void Regent,Nullifying Threat,8928,4105,2.175,3.73,32.0,32.0,167.3331,516.4375,16526,1.851,over_band,nullify;warded,absorb;poison_resistance;suppress,"{""absorb"":10.0,""poison_resistance"":0.37,""suppress"":0.43}",302,1239,937,0
8,7,161006,split_spill_rejoin,4,void_regent,Void Regent,Nullifying Monster,15332,7049,2.175,3.73,59.0,59.0,163.1834,503.6102,29713,1.938,over_band,nullify;warded,absorb;poison_resistance;suppress,"{""absorb"":12.0,""poison_resistance"":0.47,""suppress"":0.36}",302,2045,1743,0
8,7,161007,elite_orbit,4,apex_bulwark,Apex Bulwark,Bulwark Monster,7088,3259,2.175,3.73,48.0,48.0,139.7544,435.3125,20895,2.948,over_band,aegis;fortified,block;armor;crit_negation,"{""armor"":120.0,""block"":8.0,""crit_negation"":0.58}",302,1045,743,2
8,7,161008,elite_orbit,4,void_regent,Void Regent,Nullifying Acolyte,9861,4534,2.175,3.73,34.0,34.0,172.2429,531.6176,18075,1.833,over_band,nullify;warded,absorb;poison_resistance;suppress,"{""absorb"":9.0,""poison_resistance"":0.37,""suppress"":0.43}",302,1353,1051,0
8,7,161009,hourglass_detour,4,plague_court,Plague Court,Hexed Seer,8008,3682,2.175,3.73,44.0,44.0,138.7279,372.3636,16384,2.046,over_band,spiteful;hexed,cleanse_threshold;suppress;poison_resistance;slow,"{""cleanse_threshold"":4.0,""poison_resistance"":0.23,""slow"":0.27,""suppress"":0.75}",302,1196,894,2
8,7,161010,elite_orbit,4,apex_bulwark,Apex Bulwark,Bulwark Sentinel,8250,3793,2.175,3.73,57.0,57.0,140.8712,438.8421,25014,3.032,over_band,aegis;fortified,block;armor;crit_negation,"{""armor"":120.0,""block"":14.0,""crit_negation"":0.52}",302,1204,902,2
8,7,161011,five_way_market,3,void_regent,Void Regent,Warded Vessel,12632,5808,2.175,3.73,60.0,60.0,133.3612,411.6,24696,1.955,over_band,nullify;warded,absorb;poison_resistance;suppress,"{""absorb"":12.0,""poison_resistance"":0.41,""suppress"":0.47}",302,1713,1411,0
8,7,161012,five_way_market,3,void_regent,Void Regent,Nullifying Acolyte,13000,5977,2.175,3.73,46.0,46.0,166.1034,512.6522,23582,1.814,over_band,nullify;warded,absorb;poison_resistance;suppress,"{""absorb"":13.0,""poison_resistance"":0.37,""suppress"":0.3}",302,1747,1445,0
8,7,161013,woven_boss_approach,3,plague_court,Plague Court,Spiteful Bloom,9583,4406,2.175,3.73,46.0,46.0,168.3272,451.8696,20786,2.169,over_band,spiteful;hexed,cleanse_threshold;suppress;poison_resistance;slow,"{""cleanse_threshold"":4.0,""poison_resistance"":0.31,""slow"":0.24,""suppress"":0.85}",302,1403,1101,2
8,7,161014,five_way_market,3,apex_bulwark,Apex Bulwark,Shielded Monster,5116,2352,2.175,3.73,31.0,31.0,167.897,523.1613,16218,3.17,over_band,aegis;fortified,block;armor;crit_negation,"{""armor"":120.0,""block"":14.0,""crit_negation"":0.75}",302,831,529,2
8,7,161015,elite_orbit,4,chrono_tyrant,Chrono Tyrant,Devious Enemy,13770,6331,2.175,3.73,57.0,57.0,172.0916,469.386,26755,1.943,over_band,devious;arcane,interrupt_skip_count;stun_duration_ms;slow;cleanse_threshold,"{""cleanse_threshold"":3.0,""interrupt_skip_count"":2.0,""slow"":0.48,""stun_duration_ms"":878.0}",302,1965,1663,4
8,7,161016,split_spill_rejoin,4,apex_bulwark,Apex Bulwark,Braced Gatekeeper,7145,3285,2.175,3.73,51.0,51.0,137.4214,428.1373,21835,3.056,over_band,aegis;fortified,block;armor;crit_negation,"{""armor"":120.0,""block"":14.0,""crit_negation"":0.56}",302,1069,767,2
8,7,161017,elite_orbit,4,void_regent,Void Regent,Nullifying Monster,13661,6281,2.175,3.73,58.0,58.0,132.8775,410.069,23784,1.741,over_band,nullify;warded,absorb;poison_resistance;suppress,"{""absorb"":8.0,""poison_resistance"":0.38,""suppress"":0.31}",302,1816,1514,0
8,7,161018,hourglass_detour,4,chrono_tyrant,Chrono Tyrant,Devious Monster,12467,5732,2.175,3.73,55.0,55.0,143.7405,392.0364,21562,1.7295,over_band,devious;arcane,interrupt_skip_count;cleanse_threshold;stun_duration_ms;slow,"{""cleanse_threshold"":4.0,""interrupt_skip_count"":3.0,""slow"":0.38,""stun_duration_ms"":571.0}",302,1786,1484,2
8,7,161019,five_way_market,3,plague_court,Plague Court,Withering Hexbearer,11902,5472,2.175,3.73,50.0,50.0,162.5366,436.32,21816,1.833,over_band,spiteful;hexed,cleanse_threshold;suppress;slow;poison_resistance,"{""cleanse_threshold"":5.0,""poison_resistance"":0.19,""slow"":0.15,""suppress"":0.64}",302,1657,1355,1
8,7,161020,split_spill_rejoin,4,apex_bulwark,Apex Bulwark,Braced Sentinel,6710,3085,2.175,3.73,50.0,50.0,131.5557,409.84,20492,3.054,over_band,aegis;fortified,block;armor;crit_negation,"{""armor"":120.0,""block"":10.0,""crit_negation"":0.69}",302,1013,711,2
8,7,161021,split_spill_rejoin,4,chrono_tyrant,Chrono Tyrant,Devious Monster,7343,3376,2.175,3.73,31.0,31.0,154.1822,420.5484,13037,1.7755,over_band,devious;arcane,interrupt_skip_count;cleanse_threshold;stun_duration_ms;slow,"{""cleanse_threshold"":4.0,""interrupt_skip_count"":3.0,""slow"":0.35,""stun_duration_ms"":717.0}",302,1153,851,3
8,7,161022,split_spill_rejoin,4,void_regent,Void Regent,Dimming Acolyte,7328,3369,2.175,3.73,35.0,35.0,131.1822,404.9143,14172,1.934,over_band,nullify;warded,absorb;poison_resistance;suppress,"{""absorb"":10.0,""poison_resistance"":0.46,""suppress"":0.42}",302,1043,741,0
8,7,161023,elite_orbit,4,void_regent,Void Regent,Dimming Acolyte,7130,3278,2.175,3.73,30.0,30.0,154.2914,476.3,14289,2.004,over_band,nullify;warded,absorb;poison_resistance;suppress,"{""absorb"":14.0,""poison_resistance"":0.43,""suppress"":0.46}",302,1032,730,1
8,7,161024,elite_orbit,4,void_regent,Void Regent,Hollow Acolyte,16060,7384,2.175,3.73,59.0,59.0,166.1683,512.8305,30257,1.884,over_band,nullify;warded,absorb;poison_resistance;suppress,"{""absorb"":14.0,""poison_resistance"":0.38,""suppress"":0.36}",302,2139,1837,1
8,7,161025,woven_boss_approach,3,plague_court,Plague Court,Spiteful Bloom,8000,3678,2.175,3.73,36.0,36.0,168.7914,453.1111,16312,2.039,over_band,spiteful;hexed,cleanse_threshold;suppress;slow;poison_resistance,"{""cleanse_threshold"":3.0,""poison_resistance"":0.33,""slow"":0.18,""suppress"":0.73}",302,1197,895,2
8,7,161026,five_way_market,3,apex_bulwark,Apex Bulwark,Braced Guard,7430,3416,2.175,3.73,49.0,49.0,152.7444,475.8163,23315,3.138,over_band,aegis;fortified,block;armor;crit_negation,"{""armor"":120.0,""block"":13.0,""crit_negation"":0.73}",302,1115,813,2
8,7,161027,woven_boss_approach,3,void_regent,Void Regent,Dimming Threat,7878,3622,2.175,3.73,31.0,31.0,152.3925,470.3871,14582,1.851,over_band,nullify;warded,absorb;poison_resistance;suppress,"{""absorb"":13.0,""poison_resistance"":0.4,""suppress"":0.31}",302,1110,808,0
8,7,161028,braided_sideboard,4,plague_court,Plague Court,Hexed Threat,10360,4763,2.175,3.73,52.0,52.0,156.4375,419.9808,21839,2.108,over_band,spiteful;hexed,cleanse_threshold;suppress;slow;poison_resistance,"{""cleanse_threshold"":4.0,""poison_resistance"":0.3,""slow"":0.23,""suppress"":0.79}",302,1494,1192,2
8,7,161029,five_way_market,3,chrono_tyrant,Chrono Tyrant,Devious Monster,6679,3071,2.175,3.73,36.0,36.0,136.4503,372.1667,13398,2.006,over_band,devious;arcane,cleanse_threshold;slow;stun_duration_ms;interrupt_skip_count,"{""cleanse_threshold"":3.0,""interrupt_skip_count"":3.0,""slow"":0.54,""stun_duration_ms"":860.0}",302,1102,800,4
8,7,161030,elite_orbit,4,apex_bulwark,Apex Bulwark,Fortified Guard,6201,2851,2.175,3.73,35.0,35.0,168.0375,523.3714,18318,2.954,over_band,aegis;fortified,block;armor;crit_negation,"{""armor"":120.0,""block"":8.0,""crit_negation"":0.59}",302,935,633,2
8,7,161031,braided_sideboard,4,plague_court,Plague Court,Spiteful Monster,7654,3519,2.175,3.73,39.0,39.0,148.4015,398.4103,15538,2.03,over_band,spiteful;hexed,cleanse_threshold;suppress;slow;poison_resistance,"{""cleanse_threshold"":5.0,""poison_resistance"":0.32,""slow"":0.17,""suppress"":0.71}",302,1139,837,1
8,7,161032,braided_sideboard,4,apex_bulwark,Apex Bulwark,Fortified Sentinel,4918,2261,2.175,3.73,30.0,30.0,159.5246,497.0333,14911,3.032,over_band,aegis;fortified,block;armor;crit_negation,"{""armor"":120.0,""block"":8.0,""crit_negation"":0.72}",302,786,484,2
8,7,161033,hourglass_detour,4,void_regent,Void Regent,Dimming Threat,12315,5662,2.175,3.73,48.0,48.0,164.8348,508.7708,24421,1.983,over_band,nullify;warded,absorb;poison_resistance;suppress,"{""absorb"":11.0,""poison_resistance"":0.47,""suppress"":0.45}",302,1671,1369,0
8,7,161034,hourglass_detour,4,void_regent,Void Regent,Warded Monster,12126,5575,2.175,3.73,53.0,53.0,135.7191,418.9245,22203,1.831,over_band,nullify;warded,absorb;poison_resistance;suppress,"{""absorb"":11.0,""poison_resistance"":0.43,""suppress"":0.29}",302,1634,1332,0
8,7,161035,five_way_market,3,chrono_tyrant,Chrono Tyrant,Devious Monster,12421,5711,2.175,3.73,51.0,51.0,172.4052,470.1765,23979,1.9305,over_band,devious;arcane,cleanse_threshold;slow;stun_duration_ms;interrupt_skip_count,"{""cleanse_threshold"":4.0,""interrupt_skip_count"":3.0,""slow"":0.48,""stun_duration_ms"":793.0}",302,1804,1502,4
8,7,161036,woven_boss_approach,3,chrono_tyrant,Chrono Tyrant,Devious Monster,12023,5528,2.175,3.73,53.0,53.0,144.9362,395.283,20950,1.7425,over_band,devious;arcane,cleanse_threshold;slow;stun_duration_ms;interrupt_skip_count,"{""cleanse_threshold"":4.0,""interrupt_skip_count"":2.0,""slow"":0.32,""stun_duration_ms"":741.0}",302,1718,1416,3
8,7,161037,woven_boss_approach,3,apex_bulwark,Apex Bulwark,Fortified Guard,6821,3136,2.175,3.73,46.0,46.0,148.5185,462.6522,21282,3.12,over_band,aegis;fortified,block;armor;crit_negation,"{""armor"":120.0,""block"":10.0,""crit_negation"":0.8}",302,1036,734,2
8,7,161038,split_spill_rejoin,4,chrono_tyrant,Chrono Tyrant,Arcane Enemy,11047,5079,2.175,3.73,53.0,53.0,151.4317,413.0189,21890,1.9815,over_band,devious;arcane,cleanse_threshold;interrupt_skip_count;slow;stun_duration_ms,"{""cleanse_threshold"":3.0,""interrupt_skip_count"":3.0,""slow"":0.49,""stun_duration_ms"":901.0}",302,1645,1343,4
8,7,161039,woven_boss_approach,3,chrono_tyrant,Chrono Tyrant,Devious Enemy,10890,5007,2.175,3.73,44.0,44.0,168.3186,459.1136,20201,1.855,over_band,devious;arcane,cleanse_threshold;interrupt_skip_count;stun_duration_ms;slow,"{""cleanse_threshold"":4.0,""interrupt_skip_count"":3.0,""slow"":0.48,""stun_duration_ms"":642.0}",302,1603,1301,4
8,7,161040,woven_boss_approach,3,plague_court,Plague Court,Hexed Hexbearer,8426,3874,2.175,3.73,50.0,50.0,133.1407,357.44,17872,2.121,over_band,spiteful;hexed,cleanse_threshold;suppress;poison_resistance;slow,"{""cleanse_threshold"":4.0,""poison_resistance"":0.32,""slow"":0.23,""suppress"":0.78}",302,1252,950,2
8,7,161041,braided_sideboard,4,apex_bulwark,Apex Bulwark,Bulwark Threat,5981,2750,2.175,3.73,44.0,44.0,133.451,415.6818,18290,3.058,over_band,aegis;fortified,block;armor;crit_negation,"{""armor"":120.0,""block"":9.0,""crit_negation"":0.73}",302,922,620,2
8,7,161042,five_way_market,3,apex_bulwark,Apex Bulwark,Fortified Guard,5675,2609,2.175,3.73,38.0,38.0,141.9825,442.3421,16809,2.962,over_band,aegis;fortified,block;armor;crit_negation,"{""armor"":120.0,""block"":9.0,""crit_negation"":0.57}",302,871,569,2
8,7,161043,woven_boss_approach,3,chrono_tyrant,Chrono Tyrant,Devious Threat,7082,3256,2.175,3.73,38.0,38.0,133.1265,363.1316,13799,1.9485,over_band,devious;arcane,stun_duration_ms;slow;interrupt_skip_count;cleanse_threshold,"{""cleanse_threshold"":4.0,""interrupt_skip_count"":3.0,""slow"":0.54,""stun_duration_ms"":721.0}",302,1137,835,4
8,7,161044,woven_boss_approach,3,chrono_tyrant,Chrono Tyrant,Arcane Monster,9677,4449,2.175,3.73,52.0,52.0,134.9534,368.0962,19141,1.978,over_band,devious;arcane,interrupt_skip_count;stun_duration_ms;slow;cleanse_threshold,"{""cleanse_threshold"":4.0,""interrupt_skip_count"":2.0,""slow"":0.55,""stun_duration_ms"":798.0}",302,1450,1148,4
8,7,161045,woven_boss_approach,3,plague_court,Plague Court,Withering Monster,12993,5974,2.175,3.73,56.0,56.0,159.2957,427.6071,23946,1.843,over_band,spiteful;hexed,cleanse_threshold;poison_resistance;suppress;slow,"{""cleanse_threshold"":5.0,""poison_resistance"":0.19,""slow"":0.2,""suppress"":0.59}",302,1793,1491,1
8,7,161046,braided_sideboard,4,plague_court,Plague Court,Hexed Threat,7160,3292,2.175,3.73,36.0,36.0,151.5329,406.7222,14642,2.045,over_band,spiteful;hexed,cleanse_threshold;suppress;poison_resistance;slow,"{""cleanse_threshold"":4.0,""poison_resistance"":0.35,""slow"":0.19,""suppress"":0.68}",302,1084,782,2
8,7,161047,split_spill_rejoin,4,plague_court,Plague Court,Withering Seer,6086,2798,2.175,3.73,37.0,37.0,131.187,352.1622,13030,2.141,over_band,spiteful;hexed,cleanse_threshold;poison_resistance;suppress;slow,"{""cleanse_threshold"":4.0,""poison_resistance"":0.3,""slow"":0.22,""suppress"":0.85}",302,963,661,2
8,7,161048,elite_orbit,4,chrono_tyrant,Chrono Tyrant,Arcane Threat,8126,3736,2.175,3.73,36.0,36.0,152.1312,415.0,14940,1.8385,over_band,devious;arcane,stun_duration_ms;interrupt_skip_count;cleanse_threshold;slow,"{""cleanse_threshold"":4.0,""interrupt_skip_count"":3.0,""slow"":0.34,""stun_duration_ms"":861.0}",302,1259,957,3
8,7,161049,elite_orbit,4,plague_court,Plague Court,Spiteful Hexbearer,10357,4762,2.175,3.73,59.0,59.0,135.7534,364.4237,21501,2.076,over_band,spiteful;hexed,cleanse_threshold;slow;poison_resistance;suppress,"{""cleanse_threshold"":3.0,""poison_resistance"":0.25,""slow"":0.24,""suppress"":0.82}",302,1501,1199,2
8,7,161050,woven_boss_approach,3,plague_court,Plague Court,Withering Enemy,7228,3323,2.175,3.73,38.0,38.0,146.6481,393.7368,14962,2.07,over_band,spiteful;hexed,cleanse_threshold;suppress;slow;poison_resistance,"{""cleanse_threshold"":5.0,""poison_resistance"":0.35,""slow"":0.29,""suppress"":0.57}",302,1088,786,1
8,7,161051,woven_boss_approach,3,apex_bulwark,Apex Bulwark,Shielded Enemy,6353,2921,2.175,3.73,44.0,44.0,138.2428,430.5682,18945,2.982,over_band,aegis;fortified,block;armor;crit_negation,"{""armor"":120.0,""block"":7.0,""crit_negation"":0.67}",302,958,656,2
8,7,161052,hourglass_detour,4,plague_court,Plague Court,Hexed Hexbearer,6899,3172,2.175,3.73,34.0,34.0,155.5562,417.5882,14198,2.058,over_band,spiteful;hexed,cleanse_threshold;suppress;poison_resistance;slow,"{""cleanse_threshold"":4.0,""poison_resistance"":0.34,""slow"":0.27,""suppress"":0.61}",302,1052,750,2
8,7,161053,split_spill_rejoin,4,chrono_tyrant,Chrono Tyrant,Arcane Threat,12622,5803,2.175,3.73,51.0,51.0,162.0957,442.1373,22549,1.7865,over_band,devious;arcane,slow;interrupt_skip_count;cleanse_threshold;stun_duration_ms,"{""cleanse_threshold"":3.0,""interrupt_skip_count"":3.0,""slow"":0.41,""stun_duration_ms"":655.0}",302,1820,1518,3
8,7,161054,elite_orbit,4,plague_court,Plague Court,Bitter Bloom,6386,2936,2.175,3.73,32.0,32.0,151.1992,405.9063,12989,2.034,over_band,spiteful;hexed,cleanse_threshold;suppress;slow;poison_resistance,"{""cleanse_threshold"":4.0,""poison_resistance"":0.27,""slow"":0.22,""suppress"":0.74}",302,991,689,2
8,7,161055,split_spill_rejoin,4,chrono_tyrant,Chrono Tyrant,Arcane Threat,11404,5243,2.175,3.73,46.0,46.0,166.9816,455.413,20949,1.837,over_band,devious;arcane,stun_duration_ms;cleanse_threshold;interrupt_skip_count;slow,"{""cleanse_threshold"":3.0,""interrupt_skip_count"":2.0,""slow"":0.34,""stun_duration_ms"":918.0}",302,1660,1358,3
8,7,161056,woven_boss_approach,3,void_regent,Void Regent,Warded Threat,9546,4389,2.175,3.73,34.0,34.0,171.1116,528.1176,17956,1.881,over_band,nullify;warded,absorb;poison_resistance;suppress,"{""absorb"":9.0,""poison_resistance"":0.39,""suppress"":0.47}",302,1317,1015,0
8,7,161057,woven_boss_approach,3,apex_bulwark,Apex Bulwark,Braced Guard,7421,3412,2.175,3.73,50.0,50.0,147.7831,460.4,23020,3.102,over_band,aegis;fortified,block;armor;crit_negation,"{""armor"":120.0,""block"":10.0,""crit_negation"":0.77}",302,1109,807,2
8,7,161058,hourglass_detour,4,chrono_tyrant,Chrono Tyrant,Arcane Monster,10755,4945,2.175,3.73,46.0,46.0,150.8718,411.5,18929,1.76,over_band,devious;arcane,cleanse_threshold;interrupt_skip_count;stun_duration_ms;slow,"{""cleanse_threshold"":5.0,""interrupt_skip_count"":3.0,""slow"":0.38,""stun_duration_ms"":608.0}",302,1569,1267,1
8,7,161059,elite_orbit,4,void_regent,Void Regent,Dimming Keeper,9302,4277,2.175,3.73,35.0,35.0,168.9745,521.4571,18251,1.962,over_band,nullify;warded,absorb;poison_resistance;suppress,"{""absorb"":12.0,""poison_resistance"":0.41,""suppress"":0.48}",302,1297,995,0
8,7,161060,five_way_market,3,chrono_tyrant,Chrono Tyrant,Arcane Enemy,7736,3557,2.175,3.73,38.0,38.0,139.1643,379.5789,14424,1.8645,over_band,devious;arcane,stun_duration_ms;cleanse_threshold;slow;interrupt_skip_count,"{""cleanse_threshold"":4.0,""interrupt_skip_count"":3.0,""slow"":0.51,""stun_duration_ms"":607.0}",302,1209,907,3
8,7,161061,split_spill_rejoin,4,chrono_tyrant,Chrono Tyrant,Arcane Monster,9370,4308,2.175,3.73,38.0,38.0,158.7929,433.1053,16458,1.7565,over_band,devious;arcane,stun_duration_ms;slow;interrupt_skip_count;cleanse_threshold,"{""cleanse_threshold"":4.0,""interrupt_skip_count"":2.0,""slow"":0.37,""stun_duration_ms"":679.0}",302,1387,1085,3
8,7,161062,hourglass_detour,4,void_regent,Void Regent,Hollow Threat,11554,5312,2.175,3.73,48.0,48.0,152.0043,469.1458,22519,1.949,over_band,nullify;warded,absorb;poison_resistance;suppress,"{""absorb"":14.0,""poison_resistance"":0.41,""suppress"":0.41}",302,1580,1278,1
8,7,161063,elite_orbit,4,chrono_tyrant,Chrono Tyrant,Devious Threat,11651,5357,2.175,3.73,46.0,46.0,169.9513,463.5,21321,1.83,over_band,devious;arcane,cleanse_threshold;interrupt_skip_count;slow;stun_duration_ms,"{""cleanse_threshold"":3.0,""interrupt_skip_count"":3.0,""slow"":0.39,""stun_duration_ms"":778.0}",302,1704,1402,3
8,7,161064,hourglass_detour,4,apex_bulwark,Apex Bulwark,Braced Monster,4761,2189,2.175,3.73,31.0,31.0,148.0959,461.3548,14302,3.004,over_band,aegis;fortified,block;armor;crit_negation,"{""armor"":120.0,""block"":12.0,""crit_negation"":0.54}",302,763,461,2
8,7,161065,split_spill_rejoin,4,void_regent,Void Regent,Warded Vessel,13281,6106,2.175,3.73,49.0,49.0,161.0488,497.0816,24357,1.834,over_band,nullify;warded,absorb;poison_resistance;suppress,"{""absorb"":11.0,""poison_resistance"":0.37,""suppress"":0.38}",302,1782,1480,0
8,7,161066,five_way_market,3,plague_court,Plague Court,Bitter Monster,12026,5529,2.175,3.73,53.0,53.0,170.4099,457.434,24244,2.016,over_band,spiteful;hexed,cleanse_threshold;poison_resistance;suppress;slow,"{""cleanse_threshold"":3.0,""poison_resistance"":0.3,""slow"":0.18,""suppress"":0.74}",302,1699,1397,2
8,7,161067,five_way_market,3,void_regent,Void Regent,Hollow Keeper,13907,6394,2.175,3.73,60.0,60.0,132.1073,407.7,24462,1.759,over_band,nullify;warded,absorb;poison_resistance;suppress,"{""absorb"":9.0,""poison_resistance"":0.38,""suppress"":0.31}",302,1849,1547,0
8,7,161068,five_way_market,3,apex_bulwark,Apex Bulwark,Braced Threat,9055,4163,2.175,3.73,59.0,59.0,145.4327,453.0508,26730,2.952,over_band,aegis;fortified,block;armor;crit_negation,"{""armor"":120.0,""block"":7.0,""crit_negation"":0.62}",302,1292,990,2
8,7,161069,woven_boss_approach,3,void_regent,Void Regent,Nullifying Vessel,12658,5820,2.175,3.73,55.0,55.0,144.2172,445.1091,24481,1.934,over_band,nullify;warded,absorb;poison_resistance;suppress,"{""absorb"":12.0,""poison_resistance"":0.41,""suppress"":0.44}",302,1713,1411,0
8,7,161070,split_spill_rejoin,4,void_regent,Void Regent,Hollow Keeper,9159,4211,2.175,3.73,39.0,39.0,156.2958,482.3846,18813,2.054,over_band,nullify;warded,absorb;poison_resistance;suppress,"{""absorb"":12.0,""poison_resistance"":0.53,""suppress"":0.44}",302,1283,981,0
8,7,161071,braided_sideboard,4,plague_court,Plague Court,Hexed Bloom,7576,3483,2.175,3.73,34.0,34.0,171.3959,460.1176,15644,2.065,over_band,spiteful;hexed,cleanse_threshold;suppress;slow;poison_resistance,"{""cleanse_threshold"":4.0,""poison_resistance"":0.29,""slow"":0.17,""suppress"":0.82}",302,1142,840,2
8,7,161072,woven_boss_approach,3,plague_court,Plague Court,Bitter Monster,10403,4783,2.175,3.73,44.0,44.0,165.8507,445.2045,19589,1.883,over_band,spiteful;hexed,cleanse_threshold;suppress;slow;poison_resistance,"{""cleanse_threshold"":4.0,""poison_resistance"":0.29,""slow"":0.17,""suppress"":0.56}",302,1475,1173,2
8,7,161073,braided_sideboard,4,apex_bulwark,Apex Bulwark,Bulwark Threat,8339,3834,2.175,3.73,57.0,57.0,141.3638,440.3509,25100,3.01,over_band,aegis;fortified,block;armor;crit_negation,"{""armor"":120.0,""block"":9.0,""crit_negation"":0.65}",302,1210,908,2
8,7,161074,braided_sideboard,4,plague_court,Plague Court,Hexed Seer,6451,2966,2.175,3.73,30.0,30.0,160.9425,432.0,12960,2.009,over_band,spiteful;hexed,cleanse_threshold;poison_resistance;suppress;slow,"{""cleanse_threshold"":3.0,""poison_resistance"":0.33,""slow"":0.17,""suppress"":0.7}",302,1000,698,2
8,7,161075,braided_sideboard,4,apex_bulwark,Apex Bulwark,Bulwark Gatekeeper,4537,2086,2.175,3.73,32.0,32.0,142.1035,442.6563,14165,3.122,over_band,aegis;fortified,block;armor;crit_negation,"{""armor"":120.0,""block"":11.0,""crit_negation"":0.77}",302,751,449,2
8,7,161076,split_spill_rejoin,4,plague_court,Plague Court,Hexed Enemy,8530,3922,2.175,3.73,49.0,49.0,129.9573,348.8571,17094,2.004,over_band,spiteful;hexed,cleanse_threshold;suppress;slow;poison_resistance,"{""cleanse_threshold"":4.0,""poison_resistance"":0.33,""slow"":0.26,""suppress"":0.56}",302,1251,949,2
8,7,161077,hourglass_detour,4,void_regent,Void Regent,Warded Vessel,8426,3874,2.175,3.73,38.0,38.0,143.5315,443.0263,16835,1.998,over_band,nullify;warded,absorb;poison_resistance;suppress,"{""absorb"":12.0,""poison_resistance"":0.46,""suppress"":0.46}",302,1189,887,0
8,7,161078,five_way_market,3,plague_court,Plague Court,Withering Enemy,8017,3686,2.175,3.73,36.0,36.0,163.1773,438.0278,15769,1.967,over_band,spiteful;hexed,cleanse_threshold;suppress;slow;poison_resistance,"{""cleanse_threshold"":5.0,""poison_resistance"":0.26,""slow"":0.19,""suppress"":0.68}",302,1181,879,1
8,7,161079,five_way_market,3,plague_court,Plague Court,Spiteful Enemy,8191,3766,2.175,3.73,35.0,35.0,172.6056,463.3714,16218,1.98,over_band,spiteful;hexed,cleanse_threshold;slow;suppress;poison_resistance,"{""cleanse_threshold"":4.0,""poison_resistance"":0.31,""slow"":0.24,""suppress"":0.58}",302,1208,906,2
8,7,161080,braided_sideboard,4,apex_bulwark,Apex Bulwark,Bulwark Gatekeeper,8637,3971,2.175,3.73,50.0,50.0,167.3572,521.32,26066,3.018,over_band,aegis;fortified,block;armor;crit_negation,"{""armor"":120.0,""block"":13.0,""crit_negation"":0.53}",302,1250,948,2
9,8,171001,braided_sideboard,4,void_regent,Void Regent,Warded Threat,14014,5839,2.4,4.24,36.0,36.0,228.3722,777.7778,28000,1.998,over_band,nullify;warded,absorb;poison_resistance;suppress,"{""absorb"":14.0,""poison_resistance"":0.48,""suppress"":0.38}",400,1890,1490,0
9,8,171002,split_spill_rejoin,4,void_regent,Void Regent,Dimming Keeper,11726,4886,2.4,4.24,31.0,31.0,227.5698,775.0645,24027,2.049,over_band,nullify;warded,absorb;poison_resistance;suppress,"{""absorb"":14.0,""poison_resistance"":0.58,""suppress"":0.31}",400,1603,1203,0
9,8,171003,braided_sideboard,4,apex_bulwark,Apex Bulwark,Shielded Threat,13157,5482,2.4,4.24,53.0,53.0,213.3196,733.3208,38866,2.954,over_band,aegis;fortified,block;armor;crit_negation,"{""armor"":120.0,""block"":8.0,""crit_negation"":0.59}",400,1805,1405,0
9,8,171004,braided_sideboard,4,chrono_tyrant,Chrono Tyrant,Devious Enemy,13970,5821,2.4,4.24,38.0,38.0,223.742,673.3158,25586,1.8315,over_band,devious;arcane,interrupt_skip_count;slow;stun_duration_ms;cleanse_threshold,"{""cleanse_threshold"":3.0,""interrupt_skip_count"":3.0,""slow"":0.4,""stun_duration_ms"":763.0}",400,1994,1594,1
9,8,171005,five_way_market,3,apex_bulwark,Apex Bulwark,Shielded Guard,10802,4501,2.4,4.24,38.0,38.0,252.7653,868.7105,33011,3.056,over_band,aegis;fortified,block;armor;crit_negation,"{""armor"":120.0,""block"":11.0,""crit_negation"":0.66}",400,1525,1125,0
9,8,171006,braided_sideboard,4,chrono_tyrant,Chrono Tyrant,Arcane Monster,18307,7628,2.4,4.24,52.0,52.0,243.2479,732.0962,38069,2.0795,over_band,devious;arcane,stun_duration_ms;interrupt_skip_count;cleanse_threshold;slow,"{""cleanse_threshold"":4.0,""interrupt_skip_count"":3.0,""slow"":0.59,""stun_duration_ms"":893.0}",400,2555,2155,3
9,8,171007,hourglass_detour,4,chrono_tyrant,Chrono Tyrant,Arcane Threat,23657,9857,2.4,4.24,57.0,57.0,250.3683,753.4912,42949,1.8155,over_band,devious;arcane,cleanse_threshold;stun_duration_ms;interrupt_skip_count;slow,"{""cleanse_threshold"":4.0,""interrupt_skip_count"":2.0,""slow"":0.37,""stun_duration_ms"":797.0}",400,3180,2780,0
9,8,171008,hourglass_detour,4,chrono_tyrant,Chrono Tyrant,Arcane Enemy,15509,6462,2.4,4.24,50.0,50.0,206.9064,622.68,31134,2.0075,over_band,devious;arcane,stun_duration_ms;cleanse_threshold;interrupt_skip_count;slow,"{""cleanse_threshold"":3.0,""interrupt_skip_count"":2.0,""slow"":0.45,""stun_duration_ms"":1061.0}",400,2192,1792,1
9,8,171009,braided_sideboard,4,plague_court,Plague Court,Hexed Threat,14134,5889,2.4,4.24,45.0,45.0,224.9057,666.1778,29978,2.121,over_band,spiteful;hexed,cleanse_threshold;suppress;slow;poison_resistance,"{""cleanse_threshold"":4.0,""poison_resistance"":0.22,""slow"":0.31,""suppress"":0.82}",400,1971,1571,1
9,8,171010,woven_boss_approach,3,void_regent,Void Regent,Warded Vessel,14335,5973,2.4,4.24,38.0,38.0,219.6438,748.0526,28426,1.983,over_band,nullify;warded,absorb;poison_resistance;suppress,"{""absorb"":10.0,""poison_resistance"":0.53,""suppress"":0.39}",400,1920,1520,0
9,8,171011,five_way_market,3,apex_bulwark,Apex Bulwark,Bulwark Sentinel,15415,6423,2.4,4.24,51.0,51.0,267.1446,918.2549,46831,3.038,over_band,aegis;fortified,block;armor;crit_negation,"{""armor"":120.0,""block"":11.0,""crit_negation"":0.63}",400,2099,1699,0
9,8,171012,braided_sideboard,4,chrono_tyrant,Chrono Tyrant,Arcane Enemy,14378,5991,2.4,4.24,38.0,38.0,242.6374,730.2632,27750,1.93,over_band,devious;arcane,stun_duration_ms;slow;interrupt_skip_count;cleanse_threshold,"{""cleanse_threshold"":4.0,""interrupt_skip_count"":2.0,""slow"":0.47,""stun_duration_ms"":846.0}",400,2032,1632,1
9,8,171013,hourglass_detour,4,apex_bulwark,Apex Bulwark,Braced Enemy,16853,7022,2.4,4.24,59.0,59.0,264.2701,908.3559,53593,3.18,over_band,aegis;fortified,block;armor;crit_negation,"{""armor"":120.0,""block"":16.0,""crit_negation"":0.7}",400,2299,1899,1
9,8,171014,woven_boss_approach,3,apex_bulwark,Apex Bulwark,Braced Sentinel,9221,3842,2.4,4.24,36.0,36.0,236.3728,812.4722,29249,3.172,over_band,aegis;fortified,block;armor;crit_negation,"{""armor"":120.0,""block"":15.0,""crit_negation"":0.72}",400,1345,945,1
9,8,171015,five_way_market,3,chrono_tyrant,Chrono Tyrant,Devious Threat,10481,4367,2.4,4.24,31.0,31.0,220.1616,662.6774,20543,1.96,over_band,devious;arcane,cleanse_threshold;stun_duration_ms;interrupt_skip_count;slow,"{""cleanse_threshold"":4.0,""interrupt_skip_count"":3.0,""slow"":0.52,""stun_duration_ms"":780.0}",400,1564,1164,1
9,8,171016,woven_boss_approach,3,apex_bulwark,Apex Bulwark,Shielded Monster,9821,4092,2.4,4.24,32.0,32.0,266.4345,915.8125,29306,2.984,over_band,aegis;fortified,block;armor;crit_negation,"{""armor"":120.0,""block"":8.0,""crit_negation"":0.64}",400,1392,992,0
9,8,171017,elite_orbit,4,apex_bulwark,Apex Bulwark,Fortified Sentinel,8278,3449,2.4,4.24,35.0,35.0,209.8552,721.3714,25248,3.05,over_band,aegis;fortified,block;armor;crit_negation,"{""armor"":120.0,""block"":11.0,""crit_negation"":0.65}",400,1209,809,0
9,8,171018,five_way_market,3,chrono_tyrant,Chrono Tyrant,Arcane Monster,15962,6651,2.4,4.24,48.0,48.0,210.646,634.0,30432,1.9065,over_band,devious;arcane,cleanse_threshold;interrupt_skip_count;slow;stun_duration_ms,"{""cleanse_threshold"":4.0,""interrupt_skip_count"":2.0,""slow"":0.51,""stun_duration_ms"":727.0}",400,2227,1827,0
9,8,171019,hourglass_detour,4,apex_bulwark,Apex Bulwark,Bulwark Guard,8794,3664,2.4,4.24,32.0,32.0,241.1175,828.8438,26523,3.016,over_band,aegis;fortified,block;armor;crit_negation,"{""armor"":120.0,""block"":9.0,""crit_negation"":0.66}",400,1268,868,0
9,8,171020,split_spill_rejoin,4,chrono_tyrant,Chrono Tyrant,Devious Monster,15283,6368,2.4,4.24,45.0,45.0,217.0724,653.2667,29397,1.9235,over_band,devious;arcane,interrupt_skip_count;stun_duration_ms;slow;cleanse_threshold,"{""cleanse_threshold"":3.0,""interrupt_skip_count"":2.0,""slow"":0.56,""stun_duration_ms"":695.0}",400,2150,1750,0
9,8,171021,five_way_market,3,apex_bulwark,Apex Bulwark,Bulwark Enemy,10776,4490,2.4,4.24,39.0,39.0,258.5237,888.6154,34656,3.216,over_band,aegis;fortified,block;armor;crit_negation,"{""armor"":120.0,""block"":16.0,""crit_negation"":0.76}",400,1544,1144,1
9,8,171022,elite_orbit,4,plague_court,Plague Court,Spiteful Threat,11558,4816,2.4,4.24,30.0,30.0,259.337,768.2333,23047,1.994,over_band,spiteful;hexed,cleanse_threshold;suppress;slow;poison_resistance,"{""cleanse_threshold"":3.0,""poison_resistance"":0.32,""slow"":0.18,""suppress"":0.68}",400,1637,1237,1
9,8,171023,elite_orbit,4,void_regent,Void Regent,Hollow Vessel,14628,6095,2.4,4.24,34.0,34.0,253.148,862.2059,29315,2.004,over_band,nullify;warded,absorb;poison_resistance;suppress,"{""absorb"":10.0,""poison_resistance"":0.53,""suppress"":0.42}",400,1960,1560,0
9,8,171024,braided_sideboard,4,chrono_tyrant,Chrono Tyrant,Devious Monster,18372,7655,2.4,4.24,52.0,52.0,217.7516,655.3846,34080,1.855,over_band,devious;arcane,stun_duration_ms;interrupt_skip_count;cleanse_threshold;slow,"{""cleanse_threshold"":4.0,""interrupt_skip_count"":2.0,""slow"":0.37,""stun_duration_ms"":876.0}",400,2525,2125,1
9,8,171025,split_spill_rejoin,4,void_regent,Void Regent,Warded Enemy,14088,5870,2.4,4.24,34.0,34.0,241.4003,822.0882,27951,1.984,over_band,nullify;warded,absorb;poison_resistance;suppress,"{""absorb"":8.0,""poison_resistance"":0.56,""suppress"":0.4}",400,1885,1485,0
9,8,171026,split_spill_rejoin,4,apex_bulwark,Apex Bulwark,Bulwark Threat,8964,3735,2.4,4.24,31.0,31.0,263.1179,904.4839,28039,3.128,over_band,aegis;fortified,block;armor;crit_negation,"{""armor"":120.0,""block"":11.0,""crit_negation"":0.78}",400,1305,905,1
9,8,171027,five_way_market,3,apex_bulwark,Apex Bulwark,Bulwark Sentinel,9768,4070,2.4,4.24,38.0,38.0,228.9733,787.1053,29910,3.062,over_band,aegis;fortified,block;armor;crit_negation,"{""armor"":120.0,""block"":11.0,""crit_negation"":0.67}",400,1397,997,1
9,8,171028,woven_boss_approach,3,chrono_tyrant,Chrono Tyrant,Arcane Monster,16870,7029,2.4,4.24,49.0,49.0,209.1695,629.5306,30847,1.8285,over_band,devious;arcane,cleanse_threshold;interrupt_skip_count;stun_duration_ms;slow,"{""cleanse_threshold"":3.0,""interrupt_skip_count"":3.0,""slow"":0.48,""stun_duration_ms"":613.0}",400,2355,1955,1
9,8,171029,five_way_market,3,plague_court,Plague Court,Spiteful Seer,15967,6653,2.4,4.24,55.0,55.0,206.7919,612.5455,33690,2.11,over_band,spiteful;hexed,cleanse_threshold;suppress;slow;poison_resistance,"{""cleanse_threshold"":3.0,""poison_resistance"":0.34,""slow"":0.31,""suppress"":0.65}",400,2199,1799,0
9,8,171030,hourglass_detour,4,chrono_tyrant,Chrono Tyrant,Devious Threat,20594,8581,2.4,4.24,58.0,58.0,237.4476,714.569,41445,2.0125,over_band,devious;arcane,stun_duration_ms;slow;interrupt_skip_count;cleanse_threshold,"{""cleanse_threshold"":3.0,""interrupt_skip_count"":2.0,""slow"":0.64,""stun_duration_ms"":729.0}",400,2824,2424,1
9,8,171031,five_way_market,3,apex_bulwark,Apex Bulwark,Fortified Guard,10296,4290,2.4,4.24,45.0,45.0,213.9204,735.3556,33091,3.214,over_band,aegis;fortified,block;armor;crit_negation,"{""armor"":120.0,""block"":15.0,""crit_negation"":0.79}",400,1484,1084,1
9,8,171032,five_way_market,3,void_regent,Void Regent,Warded Monster,19022,7926,2.4,4.24,49.0,49.0,230.1393,783.7755,38405,2.019,over_band,nullify;warded,absorb;poison_resistance;suppress,"{""absorb"":15.0,""poison_resistance"":0.42,""suppress"":0.47}",400,2523,2123,0
9,8,171033,braided_sideboard,4,apex_bulwark,Apex Bulwark,Shielded Gatekeeper,13303,5543,2.4,4.24,57.0,57.0,207.8975,714.6316,40734,3.062,over_band,aegis;fortified,block;armor;crit_negation,"{""armor"":120.0,""block"":14.0,""crit_negation"":0.57}",400,1840,1440,0
9,8,171034,woven_boss_approach,3,chrono_tyrant,Chrono Tyrant,Devious Enemy,10524,4385,2.4,4.24,31.0,31.0,231.1592,695.7742,21569,2.0495,over_band,devious;arcane,stun_duration_ms;slow;interrupt_skip_count;cleanse_threshold,"{""cleanse_threshold"":3.0,""interrupt_skip_count"":3.0,""slow"":0.52,""stun_duration_ms"":983.0}",400,1588,1188,2
9,8,171035,split_spill_rejoin,4,void_regent,Void Regent,Dimming Acolyte,20832,8680,2.4,4.24,50.0,50.0,255.5557,870.36,43518,2.089,over_band,nullify;warded,absorb;poison_resistance;suppress,"{""absorb"":16.0,""poison_resistance"":0.57,""suppress"":0.33}",400,2749,2349,0
9,8,171036,elite_orbit,4,void_regent,Void Regent,Warded Threat,21982,9159,2.4,4.24,56.0,56.0,222.3471,757.1964,42403,1.929,over_band,nullify;warded,absorb;poison_resistance;suppress,"{""absorb"":11.0,""poison_resistance"":0.43,""suppress"":0.43}",400,2877,2477,0
9,8,171037,split_spill_rejoin,4,plague_court,Plague Court,Hexed Seer,18516,7715,2.4,4.24,53.0,53.0,265.4933,786.4151,41680,2.251,over_band,spiteful;hexed,cleanse_threshold;slow;suppress;poison_resistance,"{""cleanse_threshold"":4.0,""poison_resistance"":0.25,""slow"":0.32,""suppress"":0.95}",400,2532,2132,1
9,8,171038,hourglass_detour,4,plague_court,Plague Court,Hexed Monster,10639,4433,2.4,4.24,35.0,35.0,211.816,627.4,21959,2.064,over_band,spiteful;hexed,cleanse_threshold;slow;suppress;poison_resistance,"{""cleanse_threshold"":4.0,""poison_resistance"":0.35,""slow"":0.18,""suppress"":0.72}",400,1521,1121,1
9,8,171039,split_spill_rejoin,4,apex_bulwark,Apex Bulwark,Bulwark Monster,17134,7139,2.4,4.24,58.0,58.0,264.0161,907.5172,52636,3.072,over_band,aegis;fortified,block;armor;crit_negation,"{""armor"":120.0,""block"":13.0,""crit_negation"":0.62}",400,2320,1920,0
9,8,171040,woven_boss_approach,3,plague_court,Plague Court,Bitter Hexbearer,18106,7544,2.4,4.24,53.0,53.0,221.0988,654.8868,34709,1.917,over_band,spiteful;hexed,cleanse_threshold;suppress;poison_resistance;slow,"{""cleanse_threshold"":4.0,""poison_resistance"":0.21,""slow"":0.25,""suppress"":0.62}",400,2445,2045,0
9,8,171041,woven_boss_approach,3,plague_court,Plague Court,Withering Bloom,17484,7285,2.4,4.24,60.0,60.0,223.6197,662.35,39741,2.273,over_band,spiteful;hexed,cleanse_threshold;suppress;poison_resistance;slow,"{""cleanse_threshold"":3.0,""poison_resistance"":0.3,""slow"":0.31,""suppress"":0.94}",400,2409,2009,1
9,8,171042,hourglass_detour,4,apex_bulwark,Apex Bulwark,Braced Enemy,9415,3923,2.4,4.24,36.0,36.0,234.0529,804.4722,28961,3.076,over_band,aegis;fortified,block;armor;crit_negation,"{""armor"":120.0,""block"":9.0,""crit_negation"":0.76}",400,1354,954,1
9,8,171043,five_way_market,3,apex_bulwark,Apex Bulwark,Braced Enemy,12852,5355,2.4,4.24,52.0,52.0,221.8794,762.7115,39661,3.086,over_band,aegis;fortified,block;armor;crit_negation,"{""armor"":120.0,""block"":14.0,""crit_negation"":0.61}",400,1787,1387,0
9,8,171044,five_way_market,3,void_regent,Void Regent,Nullifying Acolyte,14729,6137,2.4,4.24,36.0,36.0,255.0616,868.6111,31270,2.123,over_band,nullify;warded,absorb;poison_resistance;suppress,"{""absorb"":13.0,""poison_resistance"":0.56,""suppress"":0.47}",400,1987,1587,0
9,8,171045,hourglass_detour,4,plague_court,Plague Court,Withering Seer,14215,5923,2.4,4.24,50.0,50.0,209.5408,620.62,31031,2.183,over_band,spiteful;hexed,cleanse_threshold;suppress;slow;poison_resistance,"{""cleanse_threshold"":3.0,""poison_resistance"":0.34,""slow"":0.22,""suppress"":0.87}",400,1989,1589,1
9,8,171046,elite_orbit,4,apex_bulwark,Apex Bulwark,Shielded Enemy,11611,4838,2.4,4.24,49.0,49.0,218.2611,750.2041,36760,3.166,over_band,aegis;fortified,block;armor;crit_negation,"{""armor"":120.0,""block"":15.0,""crit_negation"":0.71}",400,1642,1242,1
9,8,171047,hourglass_detour,4,chrono_tyrant,Chrono Tyrant,Devious Monster,21276,8865,2.4,4.24,56.0,56.0,255.2488,768.2143,43020,2.022,over_band,devious;arcane,cleanse_threshold;interrupt_skip_count;slow;stun_duration_ms,"{""cleanse_threshold"":3.0,""interrupt_skip_count"":3.0,""slow"":0.51,""stun_duration_ms"":946.0}",400,2929,2529,2
9,8,171048,braided_sideboard,4,plague_court,Plague Court,Withering Hexbearer,8882,3701,2.4,4.24,30.0,30.0,217.5314,644.2333,19327,2.176,over_band,spiteful;hexed,cleanse_threshold;suppress;poison_resistance;slow,"{""cleanse_threshold"":3.0,""poison_resistance"":0.36,""slow"":0.26,""suppress"":0.78}",400,1319,919,1
9,8,171049,woven_boss_approach,3,chrono_tyrant,Chrono Tyrant,Devious Monster,12694,5289,2.4,4.24,35.0,35.0,221.4944,666.6286,23332,1.838,over_band,devious;arcane,interrupt_skip_count;stun_duration_ms;slow;cleanse_threshold,"{""cleanse_threshold"":4.0,""interrupt_skip_count"":3.0,""slow"":0.47,""stun_duration_ms"":626.0}",400,1827,1427,1
9,8,171050,five_way_market,3,plague_court,Plague Court,Spiteful Hexbearer,17599,7333,2.4,4.24,53.0,53.0,256.73,760.4151,40302,2.29,over_band,spiteful;hexed,cleanse_threshold;suppress;slow;poison_resistance,"{""cleanse_threshold"":4.0,""poison_resistance"":0.37,""slow"":0.23,""suppress"":0.95}",400,2415,2015,1
9,8,171051,elite_orbit,4,chrono_tyrant,Chrono Tyrant,Devious Threat,20460,8525,2.4,4.24,49.0,49.0,252.0243,758.4898,37166,1.8165,over_band,devious;arcane,slow;cleanse_threshold;interrupt_skip_count;stun_duration_ms,"{""cleanse_threshold"":4.0,""interrupt_skip_count"":2.0,""slow"":0.47,""stun_duration_ms"":619.0}",400,2779,2379,0
9,8,171052,braided_sideboard,4,plague_court,Plague Court,Hexed Bloom,16872,7030,2.4,4.24,57.0,57.0,207.3433,614.193,35009,2.075,over_band,spiteful;hexed,cleanse_threshold;suppress;poison_resistance;slow,"{""cleanse_threshold"":3.0,""poison_resistance"":0.32,""slow"":0.27,""suppress"":0.68}",400,2309,1909,1
9,8,171053,elite_orbit,4,plague_court,Plague Court,Spiteful Bloom,10663,4443,2.4,4.24,30.0,30.0,260.5299,771.6333,23149,2.171,over_band,spiteful;hexed,cleanse_threshold;slow;suppress;poison_resistance,"{""cleanse_threshold"":4.0,""poison_resistance"":0.34,""slow"":0.24,""suppress"":0.81}",400,1536,1136,1
9,8,171054,hourglass_detour,4,apex_bulwark,Apex Bulwark,Fortified Guard,9406,3919,2.4,4.24,34.0,34.0,249.3281,857.0588,29140,3.098,over_band,aegis;fortified,block;armor;crit_negation,"{""armor"":120.0,""block"":11.0,""crit_negation"":0.73}",400,1356,956,1
9,8,171055,hourglass_detour,4,chrono_tyrant,Chrono Tyrant,Arcane Threat,22990,9579,2.4,4.24,56.0,56.0,252.9543,761.3393,42635,1.8545,over_band,devious;arcane,stun_duration_ms;interrupt_skip_count;slow;cleanse_threshold,"{""cleanse_threshold"":4.0,""interrupt_skip_count"":2.0,""slow"":0.51,""stun_duration_ms"":623.0}",400,3099,2699,0
9,8,171056,five_way_market,3,void_regent,Void Regent,Nullifying Monster,13457,5607,2.4,4.24,31.0,31.0,260.2854,886.4194,27479,2.042,over_band,nullify;warded,absorb;poison_resistance;suppress,"{""absorb"":9.0,""poison_resistance"":0.6,""suppress"":0.4}",400,1811,1411,0
9,8,171057,elite_orbit,4,void_regent,Void Regent,Nullifying Vessel,21691,9038,2.4,4.24,52.0,52.0,249.8824,850.9615,44250,2.04,over_band,nullify;warded,absorb;poison_resistance;suppress,"{""absorb"":10.0,""poison_resistance"":0.51,""suppress"":0.5}",400,2847,2447,0
9,8,171058,braided_sideboard,4,plague_court,Plague Court,Bitter Enemy,11357,4732,2.4,4.24,34.0,34.0,238.0432,705.1471,23975,2.111,over_band,spiteful;hexed,cleanse_threshold;suppress;poison_resistance;slow,"{""cleanse_threshold"":4.0,""poison_resistance"":0.29,""slow"":0.19,""suppress"":0.86}",400,1620,1220,1
9,8,171059,hourglass_detour,4,chrono_tyrant,Chrono Tyrant,Devious Threat,10997,4582,2.4,4.24,32.0,32.0,228.5631,687.8125,22010,2.0015,over_band,devious;arcane,cleanse_threshold;interrupt_skip_count;slow;stun_duration_ms,"{""cleanse_threshold"":3.0,""interrupt_skip_count"":3.0,""slow"":0.51,""stun_duration_ms"":905.0}",400,1641,1241,2
9,8,171060,elite_orbit,4,chrono_tyrant,Chrono Tyrant,Arcane Threat,17686,7369,2.4,4.24,45.0,45.0,248.7792,748.7111,33692,1.905,over_band,devious;arcane,slow;stun_duration_ms;interrupt_skip_count;cleanse_threshold,"{""cleanse_threshold"":4.0,""interrupt_skip_count"":2.0,""slow"":0.43,""stun_duration_ms"":868.0}",400,2444,2044,1
9,8,171061,split_spill_rejoin,4,apex_bulwark,Apex Bulwark,Bulwark Gatekeeper,8981,3742,2.4,4.24,31.0,31.0,255.2377,877.2258,27194,3.028,over_band,aegis;fortified,block;armor;crit_negation,"{""armor"":120.0,""block"":9.0,""crit_negation"":0.68}",400,1293,893,1
9,8,171062,elite_orbit,4,chrono_tyrant,Chrono Tyrant,Devious Monster,20465,8527,2.4,4.24,49.0,49.0,268.2514,807.3265,39559,1.933,over_band,devious;arcane,cleanse_threshold;stun_duration_ms;slow;interrupt_skip_count,"{""cleanse_threshold"":4.0,""interrupt_skip_count"":3.0,""slow"":0.38,""stun_duration_ms"":978.0}",400,2811,2411,2
9,8,171063,split_spill_rejoin,4,void_regent,Void Regent,Nullifying Enemy,13450,5604,2.4,4.24,30.0,30.0,269.7156,918.6333,27559,2.049,over_band,nullify;warded,absorb;poison_resistance;suppress,"{""absorb"":15.0,""poison_resistance"":0.52,""suppress"":0.37}",400,1823,1423,0
9,8,171064,split_spill_rejoin,4,plague_court,Plague Court,Withering Threat,10006,4169,2.4,4.24,32.0,32.0,213.0014,631.0,20192,2.018,over_band,spiteful;hexed,cleanse_threshold;suppress;poison_resistance;slow,"{""cleanse_threshold"":4.0,""poison_resistance"":0.22,""slow"":0.25,""suppress"":0.75}",400,1445,1045,1
9,8,171065,braided_sideboard,4,void_regent,Void Regent,Dimming Vessel,14688,6120,2.4,4.24,36.0,36.0,235.5398,802.1389,28877,1.966,over_band,nullify;warded,absorb;poison_resistance;suppress,"{""absorb"":8.0,""poison_resistance"":0.5,""suppress"":0.46}",400,1962,1562,0
9,8,171066,five_way_market,3,void_regent,Void Regent,Warded Threat,10394,4331,2.4,4.24,31.0,31.0,216.0004,735.6129,22804,2.194,over_band,nullify;warded,absorb;poison_resistance;suppress,"{""absorb"":16.0,""poison_resistance"":0.57,""suppress"":0.48}",400,1455,1055,0
9,8,171067,braided_sideboard,4,apex_bulwark,Apex Bulwark,Braced Enemy,8393,3497,2.4,4.24,34.0,34.0,225.7768,776.1176,26388,3.144,over_band,aegis;fortified,block;armor;crit_negation,"{""armor"":120.0,""block"":13.0,""crit_negation"":0.74}",400,1236,836,1
9,8,171068,hourglass_detour,4,apex_bulwark,Apex Bulwark,Braced Guard,8287,3453,2.4,4.24,32.0,32.0,228.5761,785.7188,25143,3.034,over_band,aegis;fortified,block;armor;crit_negation,"{""armor"":120.0,""block"":12.0,""crit_negation"":0.59}",400,1208,808,0
9,8,171069,elite_orbit,4,plague_court,Plague Court,Withering Hexbearer,9622,4009,2.4,4.24,30.0,30.0,226.2039,670.0,20100,2.089,over_band,spiteful;hexed,cleanse_threshold;suppress;poison_resistance;slow,"{""cleanse_threshold"":3.0,""poison_resistance"":0.23,""slow"":0.16,""suppress"":0.97}",400,1411,1011,1
9,8,171070,braided_sideboard,4,void_regent,Void Regent,Hollow Enemy,16090,6704,2.4,4.24,34.0,34.0,270.1094,919.9706,31279,1.944,over_band,nullify;warded,absorb;poison_resistance;suppress,"{""absorb"":14.0,""poison_resistance"":0.44,""suppress"":0.36}",400,2145,1745,0
9,8,171071,hourglass_detour,4,chrono_tyrant,Chrono Tyrant,Arcane Enemy,17179,7158,2.4,4.24,52.0,52.0,220.2015,662.7115,34461,2.006,over_band,devious;arcane,stun_duration_ms;slow;interrupt_skip_count;cleanse_threshold,"{""cleanse_threshold"":3.0,""interrupt_skip_count"":3.0,""slow"":0.47,""stun_duration_ms"":986.0}",400,2414,2014,2
9,8,171072,braided_sideboard,4,void_regent,Void Regent,Warded Vessel,19949,8312,2.4,4.24,45.0,45.0,247.5717,843.1778,37943,1.902,over_band,nullify;warded,absorb;poison_resistance;suppress,"{""absorb"":12.0,""poison_resistance"":0.42,""suppress"":0.38}",400,2622,2222,0
9,8,171073,five_way_market,3,void_regent,Void Regent,Dimming Enemy,12178,5074,2.4,4.24,32.0,32.0,231.2123,787.375,25196,2.069,over_band,nullify;warded,absorb;poison_resistance;suppress,"{""absorb"":14.0,""poison_resistance"":0.6,""suppress"":0.31}",400,1660,1260,0
9,8,171074,split_spill_rejoin,4,void_regent,Void Regent,Hollow Monster,15079,6283,2.4,4.24,37.0,37.0,242.5615,826.0811,30565,2.027,over_band,nullify;warded,absorb;poison_resistance;suppress,"{""absorb"":15.0,""poison_resistance"":0.47,""suppress"":0.41}",400,2027,1627,0
9,8,171075,five_way_market,3,plague_court,Plague Court,Bitter Monster,9694,4039,2.4,4.24,32.0,32.0,221.638,656.4688,21007,2.167,over_band,spiteful;hexed,cleanse_threshold;suppress;poison_resistance;slow,"{""cleanse_threshold"":3.0,""poison_resistance"":0.36,""slow"":0.25,""suppress"":0.78}",400,1421,1021,1
9,8,171076,elite_orbit,4,plague_court,Plague Court,Withering Bloom,13210,5504,2.4,4.24,36.0,36.0,246.5339,730.2222,26288,1.99,over_band,spiteful;hexed,cleanse_threshold;suppress;poison_resistance;slow,"{""cleanse_threshold"":4.0,""poison_resistance"":0.3,""slow"":0.2,""suppress"":0.66}",400,1836,1436,0
9,8,171077,woven_boss_approach,3,void_regent,Void Regent,Hollow Enemy,24386,10161,2.4,4.24,57.0,57.0,267.588,911.2632,51942,2.13,over_band,nullify;warded,absorb;poison_resistance;suppress,"{""absorb"":14.0,""poison_resistance"":0.57,""suppress"":0.44}",400,3195,2795,0
9,8,171078,woven_boss_approach,3,plague_court,Plague Court,Withering Monster,10687,4453,2.4,4.24,36.0,36.0,213.6735,632.9167,22785,2.132,over_band,spiteful;hexed,cleanse_threshold;suppress;slow;poison_resistance,"{""cleanse_threshold"":4.0,""poison_resistance"":0.31,""slow"":0.3,""suppress"":0.72}",400,1536,1136,1
9,8,171079,braided_sideboard,4,plague_court,Plague Court,Bitter Monster,16870,7029,2.4,4.24,51.0,51.0,245.6699,727.7255,37114,2.2,over_band,spiteful;hexed,cleanse_threshold;suppress;poison_resistance;slow,"{""cleanse_threshold"":4.0,""poison_resistance"":0.37,""slow"":0.27,""suppress"":0.77}",400,2313,1913,1
9,8,171080,hourglass_detour,4,void_regent,Void Regent,Warded Acolyte,20398,8499,2.4,4.24,52.0,52.0,223.8073,762.1731,39633,1.943,over_band,nullify;warded,absorb;poison_resistance;suppress,"{""absorb"":14.0,""poison_resistance"":0.46,""suppress"":0.33}",400,2683,2283,0
10,9,181001,split_spill_rejoin,4,chrono_tyrant,Chrono Tyrant,Devious Monster,19425,7400,2.625,4.75,38.0,38.0,283.4786,933.1579,35460,1.8255,over_band,devious;arcane,interrupt_skip_count;stun_duration_ms;slow;cleanse_threshold,"{""cleanse_threshold"":4.0,""interrupt_skip_count"":2.0,""slow"":0.36,""stun_duration_ms"":835.0}",400,2652,2252,1
10,9,181002,five_way_market,3,void_regent,Void Regent,Nullifying Monster,28274,10771,2.625,4.75,57.0,57.0,267.6735,997.0351,56831,2.01,over_band,nullify;warded,absorb;poison_resistance;suppress,"{""absorb"":15.0,""poison_resistance"":0.46,""suppress"":0.4}",400,3675,3275,0
10,9,181003,split_spill_rejoin,4,void_regent,Void Regent,Nullifying Enemy,23667,9016,2.625,4.75,46.0,46.0,281.0771,1047.0,48162,2.035,over_band,nullify;warded,absorb;poison_resistance;suppress,"{""absorb"":12.0,""poison_resistance"":0.49,""suppress"":0.47}",400,3096,2696,0
10,9,181004,hourglass_detour,4,plague_court,Plague Court,Hexed Monster,13626,5191,2.625,4.75,35.0,35.0,241.3159,781.7429,27361,2.008,over_band,spiteful;hexed,cleanse_threshold;suppress;slow;poison_resistance,"{""cleanse_threshold"":3.0,""poison_resistance"":0.22,""slow"":0.26,""suppress"":0.74}",400,1902,1502,1
10,9,181005,braided_sideboard,4,plague_court,Plague Court,Withering Enemy,21620,8236,2.625,4.75,48.0,48.0,301.1282,975.6042,46829,2.166,over_band,spiteful;hexed,cleanse_threshold;poison_resistance;suppress;slow,"{""cleanse_threshold"":3.0,""poison_resistance"":0.29,""slow"":0.28,""suppress"":0.84}",400,2916,2516,1
10,9,181006,hourglass_detour,4,chrono_tyrant,Chrono Tyrant,Arcane Threat,18863,7186,2.625,4.75,38.0,38.0,278.4726,916.6053,34831,1.8465,over_band,devious;arcane,slow;interrupt_skip_count;stun_duration_ms;cleanse_threshold,"{""cleanse_threshold"":3.0,""interrupt_skip_count"":3.0,""slow"":0.44,""stun_duration_ms"":721.0}",400,2607,2207,1
10,9,181007,five_way_market,3,plague_court,Plague Court,Withering Threat,14529,5535,2.625,4.75,37.0,37.0,240.7273,779.8649,28855,1.986,over_band,spiteful;hexed,cleanse_threshold;suppress;slow;poison_resistance,"{""cleanse_threshold"":3.0,""poison_resistance"":0.31,""slow"":0.19,""suppress"":0.67}",400,2008,1608,0
10,9,181008,woven_boss_approach,3,apex_bulwark,Apex Bulwark,Bulwark Sentinel,13403,5106,2.625,4.75,45.0,45.0,245.4236,922.7111,41522,3.098,over_band,aegis;fortified,block;armor;crit_negation,"{""armor"":120.0,""block"":11.0,""crit_negation"":0.73}",400,1855,1455,1
10,9,181009,hourglass_detour,4,plague_court,Plague Court,Withering Enemy,12618,4807,2.625,4.75,34.0,34.0,246.9605,800.1176,27204,2.156,over_band,spiteful;hexed,cleanse_threshold;poison_resistance;suppress;slow,"{""cleanse_threshold"":3.0,""poison_resistance"":0.31,""slow"":0.2,""suppress"":0.9}",400,1788,1388,1
10,9,181010,braided_sideboard,4,void_regent,Void Regent,Hollow Keeper,19677,7496,2.625,4.75,38.0,38.0,286.5036,1067.2105,40554,2.061,over_band,nullify;warded,absorb;poison_resistance;suppress,"{""absorb"":10.0,""poison_resistance"":0.58,""suppress"":0.43}",400,2594,2194,0
10,9,181011,hourglass_detour,4,chrono_tyrant,Chrono Tyrant,Devious Threat,25006,9526,2.625,4.75,59.0,59.0,246.3636,811.0,47849,1.9135,over_band,devious;arcane,stun_duration_ms;cleanse_threshold;slow;interrupt_skip_count,"{""cleanse_threshold"":4.0,""interrupt_skip_count"":3.0,""slow"":0.48,""stun_duration_ms"":759.0}",400,3375,2975,1
10,9,181012,five_way_market,3,chrono_tyrant,Chrono Tyrant,Arcane Threat,14658,5584,2.625,4.75,34.0,34.0,234.9739,773.4118,26296,1.794,over_band,devious;arcane,cleanse_threshold;interrupt_skip_count;stun_duration_ms;slow,"{""cleanse_threshold"":3.0,""interrupt_skip_count"":3.0,""slow"":0.43,""stun_duration_ms"":634.0}",400,2075,1675,1
10,9,181013,hourglass_detour,4,apex_bulwark,Apex Bulwark,Bulwark Guard,18861,7185,2.625,4.75,52.0,52.0,291.3624,1095.3846,56960,3.02,over_band,aegis;fortified,block;armor;crit_negation,"{""armor"":120.0,""block"":11.0,""crit_negation"":0.6}",400,2528,2128,0
10,9,181014,hourglass_detour,4,apex_bulwark,Apex Bulwark,Braced Sentinel,17149,6533,2.625,4.75,58.0,58.0,240.014,902.3966,52339,3.052,over_band,aegis;fortified,block;armor;crit_negation,"{""armor"":120.0,""block"":12.0,""crit_negation"":0.62}",400,2319,1919,0
10,9,181015,elite_orbit,4,void_regent,Void Regent,Nullifying Monster,18477,7039,2.625,4.75,36.0,36.0,280.1328,1043.4444,37564,2.033,over_band,nullify;warded,absorb;poison_resistance;suppress,"{""absorb"":14.0,""poison_resistance"":0.48,""suppress"":0.43}",400,2452,2052,0
10,9,181016,elite_orbit,4,chrono_tyrant,Chrono Tyrant,Devious Monster,15015,5720,2.625,4.75,31.0,31.0,278.7781,917.6129,28446,1.8945,over_band,devious;arcane,stun_duration_ms;interrupt_skip_count;cleanse_threshold;slow,"{""cleanse_threshold"":3.0,""interrupt_skip_count"":3.0,""slow"":0.42,""stun_duration_ms"":853.0}",400,2132,1732,2
10,9,181017,woven_boss_approach,3,void_regent,Void Regent,Warded Monster,16569,6312,2.625,4.75,36.0,36.0,243.7822,908.0833,32691,1.973,over_band,nullify;warded,absorb;poison_resistance;suppress,"{""absorb"":11.0,""poison_resistance"":0.46,""suppress"":0.45}",400,2203,1803,0
10,9,181018,hourglass_detour,4,void_regent,Void Regent,Nullifying Keeper,34416,13111,2.625,4.75,60.0,60.0,287.5013,1070.9167,64255,1.867,over_band,nullify;warded,absorb;poison_resistance;suppress,"{""absorb"":11.0,""poison_resistance"":0.41,""suppress"":0.37}",400,4425,4025,0
10,9,181019,braided_sideboard,4,void_regent,Void Regent,Dimming Vessel,20144,7674,2.625,4.75,37.0,37.0,293.0571,1091.5946,40389,2.005,over_band,nullify;warded,absorb;poison_resistance;suppress,"{""absorb"":15.0,""poison_resistance"":0.42,""suppress"":0.45}",400,2661,2261,0
10,9,181020,elite_orbit,4,plague_court,Plague Court,Bitter Threat,22145,8436,2.625,4.75,50.0,50.0,279.8209,906.62,45331,2.047,over_band,spiteful;hexed,cleanse_threshold;suppress;poison_resistance;slow,"{""cleanse_threshold"":3.0,""poison_resistance"":0.34,""slow"":0.24,""suppress"":0.65}",400,2965,2565,0
10,9,181021,split_spill_rejoin,4,plague_court,Plague Court,Spiteful Threat,14991,5711,2.625,4.75,35.0,35.0,269.4596,872.9143,30552,2.038,over_band,spiteful;hexed,cleanse_threshold;suppress;slow;poison_resistance,"{""cleanse_threshold"":4.0,""poison_resistance"":0.31,""slow"":0.18,""suppress"":0.74}",400,2065,1665,1
10,9,181022,elite_orbit,4,plague_court,Plague Court,Withering Monster,11379,4335,2.625,4.75,30.0,30.0,244.9057,793.5,23805,2.092,over_band,spiteful;hexed,cleanse_threshold;suppress;slow;poison_resistance,"{""cleanse_threshold"":3.0,""poison_resistance"":0.32,""slow"":0.18,""suppress"":0.82}",400,1625,1225,1
10,9,181023,hourglass_detour,4,plague_court,Plague Court,Hexed Monster,12038,4586,2.625,4.75,31.0,31.0,269.2267,872.1613,27037,2.246,over_band,spiteful;hexed,cleanse_threshold;suppress;poison_resistance;slow,"{""cleanse_threshold"":3.0,""poison_resistance"":0.31,""slow"":0.3,""suppress"":0.9}",400,1725,1325,1
10,9,181024,elite_orbit,4,void_regent,Void Regent,Hollow Enemy,25948,9885,2.625,4.75,50.0,50.0,286.5896,1067.5,53375,2.057,over_band,nullify;warded,absorb;poison_resistance;suppress,"{""absorb"":15.0,""poison_resistance"":0.57,""suppress"":0.31}",400,3384,2984,0
10,9,181025,woven_boss_approach,3,plague_court,Plague Court,Withering Hexbearer,19205,7316,2.625,4.75,49.0,49.0,265.7952,861.0816,42193,2.197,over_band,spiteful;hexed,cleanse_threshold;suppress;poison_resistance;slow,"{""cleanse_threshold"":4.0,""poison_resistance"":0.28,""slow"":0.25,""suppress"":0.92}",400,2611,2211,1
10,9,181026,braided_sideboard,4,apex_bulwark,Apex Bulwark,Fortified Guard,11230,4278,2.625,4.75,31.0,31.0,289.8453,1089.6774,33780,3.008,over_band,aegis;fortified,block;armor;crit_negation,"{""armor"":120.0,""block"":11.0,""crit_negation"":0.58}",400,1572,1172,0
10,9,181027,woven_boss_approach,3,chrono_tyrant,Chrono Tyrant,Devious Threat,21669,8255,2.625,4.75,49.0,49.0,268.8999,885.1224,43371,2.0015,over_band,devious;arcane,slow;cleanse_threshold;stun_duration_ms;interrupt_skip_count,"{""cleanse_threshold"":3.0,""interrupt_skip_count"":3.0,""slow"":0.51,""stun_duration_ms"":905.0}",400,2975,2575,2
10,9,181028,braided_sideboard,4,chrono_tyrant,Chrono Tyrant,Arcane Enemy,14115,5377,2.625,4.75,35.0,35.0,234.4083,771.6857,27009,1.9135,over_band,devious;arcane,cleanse_threshold;stun_duration_ms;slow;interrupt_skip_count,"{""cleanse_threshold"":4.0,""interrupt_skip_count"":3.0,""slow"":0.54,""stun_duration_ms"":651.0}",400,2012,1612,1
10,9,181029,five_way_market,3,apex_bulwark,Apex Bulwark,Shielded Monster,20034,7632,2.625,4.75,55.0,55.0,300.1576,1128.4545,62065,3.098,over_band,aegis;fortified,block;armor;crit_negation,"{""armor"":120.0,""block"":11.0,""crit_negation"":0.73}",400,2684,2284,1
10,9,181030,braided_sideboard,4,chrono_tyrant,Chrono Tyrant,Devious Enemy,24035,9156,2.625,4.75,48.0,48.0,291.5098,959.6458,46063,1.9165,over_band,devious;arcane,cleanse_threshold;interrupt_skip_count;stun_duration_ms;slow,"{""cleanse_threshold"":4.0,""interrupt_skip_count"":2.0,""slow"":0.37,""stun_duration_ms"":999.0}",400,3239,2839,1
10,9,181031,five_way_market,3,void_regent,Void Regent,Nullifying Keeper,29836,11366,2.625,4.75,58.0,58.0,271.9255,1012.8793,58747,1.969,over_band,nullify;warded,absorb;poison_resistance;suppress,"{""absorb"":14.0,""poison_resistance"":0.43,""suppress"":0.41}",400,3867,3467,0
10,9,181032,braided_sideboard,4,apex_bulwark,Apex Bulwark,Bulwark Gatekeeper,13621,5189,2.625,4.75,48.0,48.0,234.4581,881.3958,42307,3.106,over_band,aegis;fortified,block;armor;crit_negation,"{""armor"":120.0,""block"":12.0,""crit_negation"":0.71}",400,1885,1485,1
10,9,181033,elite_orbit,4,plague_court,Plague Court,Spiteful Monster,22145,8436,2.625,4.75,53.0,53.0,261.4275,846.9434,44888,2.027,over_band,spiteful;hexed,cleanse_threshold;suppress;slow;poison_resistance,"{""cleanse_threshold"":4.0,""poison_resistance"":0.21,""slow"":0.31,""suppress"":0.7}",400,2962,2562,1
10,9,181034,braided_sideboard,4,chrono_tyrant,Chrono Tyrant,Devious Threat,16015,6101,2.625,4.75,35.0,35.0,270.0069,888.8286,31109,1.9425,over_band,devious;arcane,slow;stun_duration_ms;cleanse_threshold;interrupt_skip_count,"{""cleanse_threshold"":4.0,""interrupt_skip_count"":3.0,""slow"":0.4,""stun_duration_ms"":961.0}",400,2256,1856,2
10,9,181035,woven_boss_approach,3,plague_court,Plague Court,Spiteful Bloom,16296,6208,2.625,4.75,45.0,45.0,258.6412,837.9778,37709,2.314,over_band,spiteful;hexed,cleanse_threshold;suppress;poison_resistance;slow,"{""cleanse_threshold"":4.0,""poison_resistance"":0.37,""slow"":0.28,""suppress"":0.92}",400,2254,1854,1
10,9,181036,split_spill_rejoin,4,void_regent,Void Regent,Warded Threat,18241,6949,2.625,4.75,38.0,38.0,271.2933,1010.4474,38397,2.105,over_band,nullify;warded,absorb;poison_resistance;suppress,"{""absorb"":14.0,""poison_resistance"":0.51,""suppress"":0.49}",400,2428,2028,0
10,9,181037,split_spill_rejoin,4,apex_bulwark,Apex Bulwark,Bulwark Enemy,11183,4260,2.625,4.75,34.0,34.0,264.5381,994.6176,33817,3.024,over_band,aegis;fortified,block;armor;crit_negation,"{""armor"":120.0,""block"":10.0,""crit_negation"":0.64}",400,1568,1168,0
10,9,181038,hourglass_detour,4,chrono_tyrant,Chrono Tyrant,Arcane Threat,14957,5698,2.625,4.75,34.0,34.0,262.7256,864.8529,29405,1.966,over_band,devious;arcane,stun_duration_ms;cleanse_threshold;interrupt_skip_count;slow,"{""cleanse_threshold"":4.0,""interrupt_skip_count"":2.0,""slow"":0.43,""stun_duration_ms"":990.0}",400,2110,1710,1
10,9,181039,woven_boss_approach,3,void_regent,Void Regent,Hollow Threat,25914,9872,2.625,4.75,52.0,52.0,269.1914,1002.6731,52139,2.012,over_band,nullify;warded,absorb;poison_resistance;suppress,"{""absorb"":12.0,""poison_resistance"":0.46,""suppress"":0.48}",400,3376,2976,0
10,9,181040,hourglass_detour,4,apex_bulwark,Apex Bulwark,Braced Threat,11429,4354,2.625,4.75,32.0,32.0,291.4924,1095.75,35064,3.068,over_band,aegis;fortified,block;armor;crit_negation,"{""armor"":120.0,""block"":14.0,""crit_negation"":0.58}",400,1606,1206,0
10,9,181041,woven_boss_approach,3,void_regent,Void Regent,Dimming Acolyte,21848,8323,2.625,4.75,49.0,49.0,234.1389,872.1429,42735,1.956,over_band,nullify;warded,absorb;poison_resistance;suppress,"{""absorb"":14.0,""poison_resistance"":0.41,""suppress"":0.42}",400,2868,2468,0
10,9,181042,five_way_market,3,chrono_tyrant,Chrono Tyrant,Arcane Enemy,17112,6519,2.625,4.75,37.0,37.0,249.5913,821.5946,30399,1.7765,over_band,devious;arcane,stun_duration_ms;cleanse_threshold;interrupt_skip_count;slow,"{""cleanse_threshold"":4.0,""interrupt_skip_count"":3.0,""slow"":0.4,""stun_duration_ms"":629.0}",400,2373,1973,1
10,9,181043,woven_boss_approach,3,void_regent,Void Regent,Warded Keeper,16666,6349,2.625,4.75,31.0,31.0,287.3698,1070.3871,33182,1.991,over_band,nullify;warded,absorb;poison_resistance;suppress,"{""absorb"":12.0,""poison_resistance"":0.46,""suppress"":0.45}",400,2218,1818,0
10,9,181044,five_way_market,3,apex_bulwark,Apex Bulwark,Braced Sentinel,12361,4709,2.625,4.75,36.0,36.0,282.2217,1060.9722,38195,3.09,over_band,aegis;fortified,block;armor;crit_negation,"{""armor"":120.0,""block"":16.0,""crit_negation"":0.55}",400,1725,1325,0
10,9,181045,elite_orbit,4,chrono_tyrant,Chrono Tyrant,Devious Enemy,15493,5902,2.625,4.75,36.0,36.0,256.6559,844.8056,30413,1.963,over_band,devious;arcane,interrupt_skip_count;stun_duration_ms;cleanse_threshold;slow,"{""cleanse_threshold"":3.0,""interrupt_skip_count"":3.0,""slow"":0.43,""stun_duration_ms"":972.0}",400,2200,1800,2
10,9,181046,braided_sideboard,4,apex_bulwark,Apex Bulwark,Braced Gatekeeper,16603,6325,2.625,4.75,57.0,57.0,239.096,898.8947,51237,3.086,over_band,aegis;fortified,block;armor;crit_negation,"{""armor"":120.0,""block"":11.0,""crit_negation"":0.71}",400,2254,1854,1
10,9,181047,elite_orbit,4,plague_court,Plague Court,Bitter Hexbearer,22748,8666,2.625,4.75,57.0,57.0,237.756,770.2456,43904,1.93,over_band,spiteful;hexed,cleanse_threshold;poison_resistance;suppress;slow,"{""cleanse_threshold"":4.0,""poison_resistance"":0.23,""slow"":0.18,""suppress"":0.7}",400,3027,2627,1
10,9,181048,five_way_market,3,void_regent,Void Regent,Warded Enemy,21685,8261,2.625,4.75,53.0,53.0,233.0789,868.2264,46016,2.122,over_band,nullify;warded,absorb;poison_resistance;suppress,"{""absorb"":12.0,""poison_resistance"":0.57,""suppress"":0.48}",400,2854,2454,0
10,9,181049,split_spill_rejoin,4,chrono_tyrant,Chrono Tyrant,Arcane Threat,15947,6075,2.625,4.75,37.0,37.0,252.3823,830.7568,30738,1.9275,over_band,devious;arcane,interrupt_skip_count;stun_duration_ms;cleanse_threshold;slow,"{""cleanse_threshold"":4.0,""interrupt_skip_count"":3.0,""slow"":0.39,""stun_duration_ms"":949.0}",400,2245,1845,2
10,9,181050,split_spill_rejoin,4,void_regent,Void Regent,Nullifying Acolyte,23825,9076,2.625,4.75,49.0,49.0,268.5014,1000.1633,49008,2.057,over_band,nullify;warded,absorb;poison_resistance;suppress,"{""absorb"":10.0,""poison_resistance"":0.59,""suppress"":0.41}",400,3111,2711,0
10,9,181051,woven_boss_approach,3,void_regent,Void Regent,Dimming Vessel,15705,5983,2.625,4.75,32.0,32.0,274.6099,1022.7813,32729,2.084,over_band,nullify;warded,absorb;poison_resistance;suppress,"{""absorb"":9.0,""poison_resistance"":0.6,""suppress"":0.46}",400,2097,1697,0
10,9,181052,hourglass_detour,4,apex_bulwark,Apex Bulwark,Braced Monster,19118,7283,2.625,4.75,57.0,57.0,263.7268,991.4561,56513,2.956,over_band,aegis;fortified,block;armor;crit_negation,"{""armor"":120.0,""block"":9.0,""crit_negation"":0.56}",400,2551,2151,0
10,9,181053,elite_orbit,4,apex_bulwark,Apex Bulwark,Bulwark Monster,16614,6329,2.625,4.75,46.0,46.0,290.8684,1093.6304,50307,3.028,over_band,aegis;fortified,block;armor;crit_negation,"{""armor"":120.0,""block"":9.0,""crit_negation"":0.68}",400,2247,1847,1
10,9,181054,hourglass_detour,4,plague_court,Plague Court,Withering Threat,13836,5271,2.625,4.75,37.0,37.0,244.4678,792.027,29305,2.118,over_band,spiteful;hexed,cleanse_threshold;suppress;slow;poison_resistance,"{""cleanse_threshold"":4.0,""poison_resistance"":0.26,""slow"":0.27,""suppress"":0.81}",400,1931,1531,1
10,9,181055,hourglass_detour,4,chrono_tyrant,Chrono Tyrant,Arcane Threat,24940,9501,2.625,4.75,45.0,45.0,302.1462,994.5556,44755,1.7945,over_band,devious;arcane,slow;cleanse_threshold;interrupt_skip_count;stun_duration_ms,"{""cleanse_threshold"":3.0,""interrupt_skip_count"":3.0,""slow"":0.42,""stun_duration_ms"":653.0}",400,3361,2961,1
10,9,181056,five_way_market,3,apex_bulwark,Apex Bulwark,Braced Guard,9770,3722,2.625,4.75,34.0,34.0,239.1155,898.8529,30561,3.128,over_band,aegis;fortified,block;armor;crit_negation,"{""armor"":120.0,""block"":14.0,""crit_negation"":0.68}",400,1406,1006,1
10,9,181057,split_spill_rejoin,4,apex_bulwark,Apex Bulwark,Braced Enemy,15558,5927,2.625,4.75,49.0,49.0,265.1825,996.9796,48852,3.14,over_band,aegis;fortified,block;armor;crit_negation,"{""armor"":120.0,""block"":11.0,""crit_negation"":0.8}",400,2131,1731,1
10,9,181058,elite_orbit,4,apex_bulwark,Apex Bulwark,Shielded Monster,10400,3962,2.625,4.75,30.0,30.0,288.0908,1083.0,32490,3.124,over_band,aegis;fortified,block;armor;crit_negation,"{""armor"":120.0,""block"":15.0,""crit_negation"":0.64}",400,1485,1085,0
10,9,181059,split_spill_rejoin,4,void_regent,Void Regent,Nullifying Acolyte,21743,8283,2.625,4.75,38.0,38.0,290.9531,1083.7105,41181,1.894,over_band,nullify;warded,absorb;poison_resistance;suppress,"{""absorb"":12.0,""poison_resistance"":0.44,""suppress"":0.34}",400,2844,2444,0
10,9,181060,five_way_market,3,void_regent,Void Regent,Warded Keeper,17771,6770,2.625,4.75,37.0,37.0,240.984,897.6757,33214,1.869,over_band,nullify;warded,absorb;poison_resistance;suppress,"{""absorb"":10.0,""poison_resistance"":0.43,""suppress"":0.37}",400,2342,1942,0
10,9,181061,split_spill_rejoin,4,void_regent,Void Regent,Hollow Acolyte,28292,10778,2.625,4.75,55.0,55.0,263.2075,980.4545,53925,1.906,over_band,nullify;warded,absorb;poison_resistance;suppress,"{""absorb"":11.0,""poison_resistance"":0.47,""suppress"":0.34}",400,3661,3261,0
10,9,181062,elite_orbit,4,chrono_tyrant,Chrono Tyrant,Arcane Threat,15829,6030,2.625,4.75,30.0,30.0,288.5109,949.7333,28492,1.8,over_band,devious;arcane,cleanse_threshold;slow;interrupt_skip_count;stun_duration_ms,"{""cleanse_threshold"":4.0,""interrupt_skip_count"":3.0,""slow"":0.37,""stun_duration_ms"":730.0}",400,2216,1816,1
10,9,181063,five_way_market,3,void_regent,Void Regent,Warded Acolyte,18813,7167,2.625,4.75,36.0,36.0,299.537,1115.7222,40166,2.135,over_band,nullify;warded,absorb;poison_resistance;suppress,"{""absorb"":14.0,""poison_resistance"":0.54,""suppress"":0.49}",400,2501,2101,0
10,9,181064,braided_sideboard,4,void_regent,Void Regent,Dimming Enemy,26405,10059,2.625,4.75,59.0,59.0,248.7138,926.4068,54658,2.07,over_band,nullify;warded,absorb;poison_resistance;suppress,"{""absorb"":12.0,""poison_resistance"":0.56,""suppress"":0.42}",400,3439,3039,0
10,9,181065,split_spill_rejoin,4,apex_bulwark,Apex Bulwark,Shielded Gatekeeper,16648,6342,2.625,4.75,49.0,49.0,277.4322,1043.0408,51109,3.07,over_band,aegis;fortified,block;armor;crit_negation,"{""armor"":120.0,""block"":9.0,""crit_negation"":0.75}",400,2257,1857,1
10,9,181066,elite_orbit,4,chrono_tyrant,Chrono Tyrant,Devious Threat,20089,7653,2.625,4.75,39.0,39.0,286.2042,942.1282,36743,1.829,over_band,devious;arcane,cleanse_threshold;slow;interrupt_skip_count;stun_duration_ms,"{""cleanse_threshold"":3.0,""interrupt_skip_count"":3.0,""slow"":0.45,""stun_duration_ms"":668.0}",400,2758,2358,1
10,9,181067,woven_boss_approach,3,chrono_tyrant,Chrono Tyrant,Arcane Threat,14165,5396,2.625,4.75,32.0,32.0,251.3876,827.5313,26481,1.8695,over_band,devious;arcane,cleanse_threshold;slow;interrupt_skip_count;stun_duration_ms,"{""cleanse_threshold"":4.0,""interrupt_skip_count"":2.0,""slow"":0.51,""stun_duration_ms"":653.0}",400,1998,1598,0
10,9,181068,hourglass_detour,4,void_regent,Void Regent,Warded Vessel,25100,9562,2.625,4.75,52.0,52.0,271.2146,1010.2692,52534,2.093,over_band,nullify;warded,absorb;poison_resistance;suppress,"{""absorb"":16.0,""poison_resistance"":0.49,""suppress"":0.45}",400,3287,2887,0
10,9,181069,woven_boss_approach,3,void_regent,Void Regent,Dimming Vessel,27426,10448,2.625,4.75,56.0,56.0,274.2784,1021.625,57211,2.086,over_band,nullify;warded,absorb;poison_resistance;suppress,"{""absorb"":12.0,""poison_resistance"":0.52,""suppress"":0.5}",400,3570,3170,0
10,9,181070,braided_sideboard,4,chrono_tyrant,Chrono Tyrant,Devious Enemy,21570,8217,2.625,4.75,46.0,46.0,278.1943,915.7826,42126,1.953,over_band,devious;arcane,cleanse_threshold;slow;stun_duration_ms;interrupt_skip_count,"{""cleanse_threshold"":3.0,""interrupt_skip_count"":3.0,""slow"":0.47,""stun_duration_ms"":880.0}",400,2957,2557,2
10,9,181071,split_spill_rejoin,4,apex_bulwark,Apex Bulwark,Shielded Threat,10618,4045,2.625,4.75,31.0,31.0,286.9748,1078.9355,33447,3.15,over_band,aegis;fortified,block;armor;crit_negation,"{""armor"":120.0,""block"":13.0,""crit_negation"":0.75}",400,1515,1115,1
10,9,181072,five_way_market,3,chrono_tyrant,Chrono Tyrant,Arcane Enemy,15635,5956,2.625,4.75,31.0,31.0,296.6369,976.4194,30269,1.936,over_band,devious;arcane,stun_duration_ms;interrupt_skip_count;slow;cleanse_threshold,"{""cleanse_threshold"":4.0,""interrupt_skip_count"":3.0,""slow"":0.51,""stun_duration_ms"":750.0}",400,2205,1805,1
10,9,181073,split_spill_rejoin,4,plague_court,Plague Court,Hexed Monster,22121,8427,2.625,4.75,50.0,50.0,280.0714,907.4,45370,2.051,over_band,spiteful;hexed,cleanse_threshold;suppress;slow;poison_resistance,"{""cleanse_threshold"":4.0,""poison_resistance"":0.2,""slow"":0.27,""suppress"":0.8}",400,2962,2562,1
10,9,181074,braided_sideboard,4,chrono_tyrant,Chrono Tyrant,Devious Monster,25061,9547,2.625,4.75,53.0,53.0,268.5591,884.0,46852,1.8695,over_band,devious;arcane,interrupt_skip_count;slow;stun_duration_ms;cleanse_threshold,"{""cleanse_threshold"":3.0,""interrupt_skip_count"":2.0,""slow"":0.49,""stun_duration_ms"":713.0}",400,3368,2968,0
10,9,181075,split_spill_rejoin,4,plague_court,Plague Court,Bitter Hexbearer,28807,10974,2.625,4.75,60.0,60.0,296.8295,961.6667,57700,2.003,over_band,spiteful;hexed,cleanse_threshold;suppress;poison_resistance;slow,"{""cleanse_threshold"":3.0,""poison_resistance"":0.32,""slow"":0.19,""suppress"":0.68}",400,3794,3394,1
10,9,181076,split_spill_rejoin,4,chrono_tyrant,Chrono Tyrant,Arcane Monster,14936,5690,2.625,4.75,35.0,35.0,257.4109,847.2857,29655,1.9855,over_band,devious;arcane,cleanse_threshold;interrupt_skip_count;stun_duration_ms;slow,"{""cleanse_threshold"":4.0,""interrupt_skip_count"":2.0,""slow"":0.58,""stun_duration_ms"":759.0}",400,2107,1707,1
10,9,181077,elite_orbit,4,apex_bulwark,Apex Bulwark,Shielded Sentinel,17771,6770,2.625,4.75,48.0,48.0,290.4996,1092.1667,52424,2.95,over_band,aegis;fortified,block;armor;crit_negation,"{""armor"":120.0,""block"":9.0,""crit_negation"":0.55}",400,2381,1981,0
10,9,181078,split_spill_rejoin,4,plague_court,Plague Court,Bitter Seer,14805,5640,2.625,4.75,30.0,30.0,292.2927,947.0333,28411,1.919,over_band,spiteful;hexed,cleanse_threshold;poison_resistance;suppress;slow,"{""cleanse_threshold"":4.0,""poison_resistance"":0.25,""slow"":0.2,""suppress"":0.63}",400,2032,1632,0
10,9,181079,braided_sideboard,4,apex_bulwark,Apex Bulwark,Braced Sentinel,15784,6013,2.625,4.75,49.0,49.0,262.5496,986.9796,48362,3.064,over_band,aegis;fortified,block;armor;crit_negation,"{""armor"":120.0,""block"":9.0,""crit_negation"":0.74}",400,2148,1748,1
10,9,181080,elite_orbit,4,plague_court,Plague Court,Spiteful Seer,15684,5975,2.625,4.75,34.0,34.0,294.5963,954.4118,32450,2.069,over_band,spiteful;hexed,cleanse_threshold;suppress;poison_resistance;slow,"{""cleanse_threshold"":4.0,""poison_resistance"":0.26,""slow"":0.27,""suppress"":0.74}",400,2157,1757,1
11,10,191001,split_spill_rejoin,4,void_regent,Void Regent,Nullifying Vessel,31560,10520,3.0,5.5,51.0,51.0,308.7665,1314.3725,67033,2.124,over_band,nullify;warded,absorb;poison_resistance;suppress,"{""absorb"":15.0,""poison_resistance"":0.56,""suppress"":0.42}",400,4093,3693,0
11,10,191002,hourglass_detour,4,chrono_tyrant,Chrono Tyrant,Arcane Enemy,31230,10410,3.0,5.5,57.0,57.0,293.3855,1103.7368,62913,2.0145,over_band,devious;arcane,slow;cleanse_threshold;stun_duration_ms;interrupt_skip_count,"{""cleanse_threshold"":4.0,""interrupt_skip_count"":3.0,""slow"":0.46,""stun_duration_ms"":997.0}",400,4165,3765,2
11,10,191003,hourglass_detour,4,apex_bulwark,Apex Bulwark,Fortified Guard,19116,6372,3.0,5.5,46.0,46.0,299.0546,1284.9348,59107,3.092,over_band,aegis;fortified,block;armor;crit_negation,"{""armor"":120.0,""block"":11.0,""crit_negation"":0.72}",400,2570,2170,1
11,10,191004,split_spill_rejoin,4,plague_court,Plague Court,Withering Hexbearer,33453,11151,3.0,5.5,55.0,55.0,332.9793,1232.8909,67809,2.027,over_band,spiteful;hexed,cleanse_threshold;suppress;poison_resistance;slow,"{""cleanse_threshold"":4.0,""poison_resistance"":0.24,""slow"":0.16,""suppress"":0.85}",400,4375,3975,1
11,10,191005,woven_boss_approach,3,void_regent,Void Regent,Nullifying Keeper,33837,11279,3.0,5.5,56.0,56.0,289.8398,1233.8393,69095,2.042,over_band,nullify;warded,absorb;poison_resistance;suppress,"{""absorb"":11.0,""poison_resistance"":0.55,""suppress"":0.42}",400,4365,3965,0
11,10,191006,woven_boss_approach,3,chrono_tyrant,Chrono Tyrant,Arcane Monster,29727,9909,3.0,5.5,55.0,55.0,282.0885,1061.2545,58369,1.9635,over_band,devious;arcane,stun_duration_ms;cleanse_threshold;interrupt_skip_count;slow,"{""cleanse_threshold"":4.0,""interrupt_skip_count"":3.0,""slow"":0.41,""stun_duration_ms"":985.0}",400,3972,3572,2
11,10,191007,braided_sideboard,4,plague_court,Plague Court,Spiteful Hexbearer,30555,10185,3.0,5.5,58.0,58.0,284.2793,1052.569,61049,1.998,over_band,spiteful;hexed,cleanse_threshold;slow;poison_resistance;suppress,"{""cleanse_threshold"":4.0,""poison_resistance"":0.29,""slow"":0.22,""suppress"":0.66}",400,4006,3606,0
11,10,191008,elite_orbit,4,apex_bulwark,Apex Bulwark,Fortified Threat,12219,4073,3.0,5.5,34.0,34.0,267.962,1151.4706,39150,3.204,over_band,aegis;fortified,block;armor;crit_negation,"{""armor"":120.0,""block"":16.0,""crit_negation"":0.74}",400,1722,1322,1
11,10,191009,woven_boss_approach,3,void_regent,Void Regent,Warded Keeper,24408,8136,3.0,5.5,37.0,37.0,323.8617,1378.7297,51013,2.09,over_band,nullify;warded,absorb;poison_resistance;suppress,"{""absorb"":15.0,""poison_resistance"":0.47,""suppress"":0.5}",400,3200,2800,0
11,10,191010,elite_orbit,4,void_regent,Void Regent,Warded Enemy,33510,11170,3.0,5.5,55.0,55.0,292.3969,1244.7455,68461,2.043,over_band,nullify;warded,absorb;poison_resistance;suppress,"{""absorb"":10.0,""poison_resistance"":0.52,""suppress"":0.49}",400,4324,3924,0
11,10,191011,braided_sideboard,4,apex_bulwark,Apex Bulwark,Fortified Enemy,18897,6299,3.0,5.5,39.0,39.0,347.5822,1493.359,58241,3.082,over_band,aegis;fortified,block;armor;crit_negation,"{""armor"":120.0,""block"":15.0,""crit_negation"":0.57}",400,2542,2142,0
11,10,191012,elite_orbit,4,plague_court,Plague Court,Withering Hexbearer,21735,7245,3.0,5.5,45.0,45.0,277.5886,1027.8222,46252,2.128,over_band,spiteful;hexed,cleanse_threshold;suppress;poison_resistance;slow,"{""cleanse_threshold"":4.0,""poison_resistance"":0.3,""slow"":0.19,""suppress"":0.87}",400,2918,2518,1
11,10,191013,split_spill_rejoin,4,plague_court,Plague Court,Spiteful Hexbearer,30516,10172,3.0,5.5,59.0,59.0,313.8897,1162.1864,68569,2.247,over_band,spiteful;hexed,cleanse_threshold;poison_resistance;suppress;slow,"{""cleanse_threshold"":4.0,""poison_resistance"":0.27,""slow"":0.27,""suppress"":0.98}",400,4030,3630,1
11,10,191014,woven_boss_approach,3,chrono_tyrant,Chrono Tyrant,Arcane Monster,20670,6890,3.0,5.5,39.0,39.0,284.3738,1069.7949,41722,2.0185,over_band,devious;arcane,slow;interrupt_skip_count;stun_duration_ms;cleanse_threshold,"{""cleanse_threshold"":3.0,""interrupt_skip_count"":2.0,""slow"":0.58,""stun_duration_ms"":849.0}",400,2835,2435,2
11,10,191015,elite_orbit,4,chrono_tyrant,Chrono Tyrant,Devious Monster,30606,10202,3.0,5.5,48.0,48.0,324.0761,1219.1458,58519,1.912,over_band,devious;arcane,cleanse_threshold;stun_duration_ms;interrupt_skip_count;slow,"{""cleanse_threshold"":4.0,""interrupt_skip_count"":2.0,""slow"":0.48,""stun_duration_ms"":792.0}",400,4059,3659,0
11,10,191016,elite_orbit,4,chrono_tyrant,Chrono Tyrant,Arcane Enemy,17874,5958,3.0,5.5,32.0,32.0,295.9029,1113.2188,35623,1.993,over_band,devious;arcane,slow;stun_duration_ms;cleanse_threshold;interrupt_skip_count,"{""cleanse_threshold"":3.0,""interrupt_skip_count"":3.0,""slow"":0.6,""stun_duration_ms"":726.0}",400,2498,2098,2
11,10,191017,elite_orbit,4,apex_bulwark,Apex Bulwark,Fortified Guard,26823,8941,3.0,5.5,56.0,56.0,345.7922,1485.8036,83205,3.102,over_band,aegis;fortified,block;armor;crit_negation,"{""armor"":120.0,""block"":16.0,""crit_negation"":0.57}",400,3535,3135,0
11,10,191018,split_spill_rejoin,4,void_regent,Void Regent,Dimming Acolyte,36348,12116,3.0,5.5,50.0,50.0,339.3225,1444.46,72223,1.987,over_band,nullify;warded,absorb;poison_resistance;suppress,"{""absorb"":10.0,""poison_resistance"":0.52,""suppress"":0.41}",400,4673,4273,0
11,10,191019,split_spill_rejoin,4,void_regent,Void Regent,Nullifying Threat,27492,9164,3.0,5.5,39.0,39.0,342.934,1459.8974,56936,2.071,over_band,nullify;warded,absorb;poison_resistance;suppress,"{""absorb"":9.0,""poison_resistance"":0.58,""suppress"":0.47}",400,3571,3171,0
11,10,191020,five_way_market,3,chrono_tyrant,Chrono Tyrant,Devious Monster,29997,9999,3.0,5.5,45.0,45.0,320.7304,1206.5556,54295,1.81,over_band,devious;arcane,stun_duration_ms;slow;cleanse_threshold;interrupt_skip_count,"{""cleanse_threshold"":3.0,""interrupt_skip_count"":3.0,""slow"":0.46,""stun_duration_ms"":612.0}",400,3994,3594,1
11,10,191021,elite_orbit,4,apex_bulwark,Apex Bulwark,Bulwark Gatekeeper,19995,6665,3.0,5.5,49.0,49.0,284.3453,1221.7347,59865,2.994,over_band,aegis;fortified,block;armor;crit_negation,"{""armor"":120.0,""block"":10.0,""crit_negation"":0.59}",400,2665,2265,0
11,10,191022,elite_orbit,4,chrono_tyrant,Chrono Tyrant,Arcane Enemy,32460,10820,3.0,5.5,49.0,49.0,348.1209,1309.6531,64173,1.977,over_band,devious;arcane,cleanse_threshold;interrupt_skip_count;stun_duration_ms;slow,"{""cleanse_threshold"":3.0,""interrupt_skip_count"":3.0,""slow"":0.63,""stun_duration_ms"":640.0}",400,4319,3919,2
11,10,191023,five_way_market,3,plague_court,Plague Court,Bitter Bloom,27426,9142,3.0,5.5,50.0,50.0,306.6655,1135.44,56772,2.07,over_band,spiteful;hexed,cleanse_threshold;suppress;poison_resistance;slow,"{""cleanse_threshold"":3.0,""poison_resistance"":0.33,""slow"":0.23,""suppress"":0.71}",400,3628,3228,1
11,10,191024,woven_boss_approach,3,plague_court,Plague Court,Spiteful Hexbearer,30702,10234,3.0,5.5,58.0,58.0,291.6579,1079.8621,62632,2.04,over_band,spiteful;hexed,cleanse_threshold;suppress;slow;poison_resistance,"{""cleanse_threshold"":3.0,""poison_resistance"":0.19,""slow"":0.22,""suppress"":0.88}",400,4043,3643,1
11,10,191025,braided_sideboard,4,apex_bulwark,Apex Bulwark,Fortified Guard,22158,7386,3.0,5.5,48.0,48.0,331.5725,1424.5833,68380,3.086,over_band,aegis;fortified,block;armor;crit_negation,"{""armor"":120.0,""block"":14.0,""crit_negation"":0.61}",400,2950,2550,0
11,10,191026,elite_orbit,4,void_regent,Void Regent,Hollow Monster,19218,6406,3.0,5.5,34.0,34.0,268.0793,1141.2059,38801,2.019,over_band,nullify;warded,absorb;poison_resistance;suppress,"{""absorb"":14.0,""poison_resistance"":0.41,""suppress"":0.51}",400,2546,2146,0
11,10,191027,elite_orbit,4,apex_bulwark,Apex Bulwark,Fortified Monster,21267,7089,3.0,5.5,56.0,56.0,278.2326,1195.5179,66949,3.148,over_band,aegis;fortified,block;armor;crit_negation,"{""armor"":120.0,""block"":12.0,""crit_negation"":0.78}",400,2845,2445,1
11,10,191028,five_way_market,3,plague_court,Plague Court,Spiteful Bloom,20085,6695,3.0,5.5,44.0,44.0,268.7639,995.1136,43785,2.18,over_band,spiteful;hexed,cleanse_threshold;suppress;slow;poison_resistance,"{""cleanse_threshold"":3.0,""poison_resistance"":0.32,""slow"":0.27,""suppress"":0.83}",400,2723,2323,1
11,10,191029,split_spill_rejoin,4,chrono_tyrant,Chrono Tyrant,Devious Enemy,25182,8394,3.0,5.5,45.0,45.0,305.7004,1149.9778,51749,2.055,over_band,devious;arcane,cleanse_threshold;interrupt_skip_count;stun_duration_ms;slow,"{""cleanse_threshold"":4.0,""interrupt_skip_count"":2.0,""slow"":0.59,""stun_duration_ms"":880.0}",400,3396,2996,2
11,10,191030,elite_orbit,4,chrono_tyrant,Chrono Tyrant,Arcane Enemy,20388,6796,3.0,5.5,34.0,34.0,301.1759,1133.0294,38523,1.8895,over_band,devious;arcane,interrupt_skip_count;slow;stun_duration_ms;cleanse_threshold,"{""cleanse_threshold"":4.0,""interrupt_skip_count"":2.0,""slow"":0.46,""stun_duration_ms"":783.0}",400,2779,2379,0
11,10,191031,five_way_market,3,plague_court,Plague Court,Spiteful Threat,20142,6714,3.0,5.5,38.0,38.0,289.9049,1073.3684,40788,2.025,over_band,spiteful;hexed,cleanse_threshold;slow;suppress;poison_resistance,"{""cleanse_threshold"":3.0,""poison_resistance"":0.37,""slow"":0.19,""suppress"":0.64}",400,2711,2311,0
11,10,191032,woven_boss_approach,3,chrono_tyrant,Chrono Tyrant,Arcane Threat,20910,6970,3.0,5.5,39.0,39.0,293.6033,1104.4872,43075,2.06,over_band,devious;arcane,stun_duration_ms;interrupt_skip_count;slow;cleanse_threshold,"{""cleanse_threshold"":4.0,""interrupt_skip_count"":3.0,""slow"":0.59,""stun_duration_ms"":854.0}",400,2878,2478,3
11,10,191033,hourglass_detour,4,chrono_tyrant,Chrono Tyrant,Arcane Enemy,21030,7010,3.0,5.5,38.0,38.0,307.9793,1158.5789,44026,2.0935,over_band,devious;arcane,stun_duration_ms;cleanse_threshold;slow;interrupt_skip_count,"{""cleanse_threshold"":3.0,""interrupt_skip_count"":3.0,""slow"":0.64,""stun_duration_ms"":855.0}",400,2904,2504,3
11,10,191034,elite_orbit,4,apex_bulwark,Apex Bulwark,Bulwark Gatekeeper,20466,6822,3.0,5.5,46.0,46.0,311.8905,1340.087,61644,3.012,over_band,aegis;fortified,block;armor;crit_negation,"{""armor"":120.0,""block"":10.0,""crit_negation"":0.62}",400,2727,2327,0
11,10,191035,five_way_market,3,void_regent,Void Regent,Hollow Vessel,33780,11260,3.0,5.5,55.0,55.0,276.5656,1177.3818,64756,1.917,over_band,nullify;warded,absorb;poison_resistance;suppress,"{""absorb"":11.0,""poison_resistance"":0.46,""suppress"":0.37}",400,4349,3949,0
11,10,191036,five_way_market,3,apex_bulwark,Apex Bulwark,Fortified Threat,15114,5038,3.0,5.5,38.0,38.0,294.5496,1265.6053,48093,3.182,over_band,aegis;fortified,block;armor;crit_negation,"{""armor"":120.0,""block"":14.0,""crit_negation"":0.77}",400,2082,1682,1
11,10,191037,braided_sideboard,4,void_regent,Void Regent,Dimming Enemy,36600,12200,3.0,5.5,52.0,52.0,329.8587,1404.1731,73017,1.995,over_band,nullify;warded,absorb;poison_resistance;suppress,"{""absorb"":9.0,""poison_resistance"":0.49,""suppress"":0.49}",400,4705,4305,0
11,10,191038,hourglass_detour,4,plague_court,Plague Court,Withering Threat,16512,5504,3.0,5.5,31.0,31.0,292.322,1082.3226,33552,2.032,over_band,spiteful;hexed,cleanse_threshold;suppress;poison_resistance;slow,"{""cleanse_threshold"":3.0,""poison_resistance"":0.24,""slow"":0.28,""suppress"":0.72}",400,2264,1864,1
11,10,191039,hourglass_detour,4,apex_bulwark,Apex Bulwark,Braced Gatekeeper,17220,5740,3.0,5.5,39.0,39.0,318.1482,1367.0,53313,3.096,over_band,aegis;fortified,block;armor;crit_negation,"{""armor"":120.0,""block"":13.0,""crit_negation"":0.66}",400,2334,1934,0
11,10,191040,hourglass_detour,4,void_regent,Void Regent,Dimming Acolyte,22665,7555,3.0,5.5,38.0,38.0,287.2407,1222.7105,46463,2.05,over_band,nullify;warded,absorb;poison_resistance;suppress,"{""absorb"":13.0,""poison_resistance"":0.48,""suppress"":0.48}",400,2975,2575,0
11,10,191041,five_way_market,3,void_regent,Void Regent,Warded Enemy,24339,8113,3.0,5.5,37.0,37.0,313.0697,1332.7297,49311,2.026,over_band,nullify;warded,absorb;poison_resistance;suppress,"{""absorb"":11.0,""poison_resistance"":0.52,""suppress"":0.44}",400,3176,2776,0
11,10,191042,elite_orbit,4,void_regent,Void Regent,Warded Threat,26358,8786,3.0,5.5,38.0,38.0,323.1104,1375.4737,52268,1.983,over_band,nullify;warded,absorb;poison_resistance;suppress,"{""absorb"":10.0,""poison_resistance"":0.46,""suppress"":0.49}",400,3427,3027,0
11,10,191043,braided_sideboard,4,void_regent,Void Regent,Warded Monster,26445,8815,3.0,5.5,48.0,48.0,276.555,1177.3542,56513,2.137,over_band,nullify;warded,absorb;poison_resistance;suppress,"{""absorb"":15.0,""poison_resistance"":0.58,""suppress"":0.41}",400,3454,3054,0
11,10,191044,split_spill_rejoin,4,void_regent,Void Regent,Warded Enemy,33939,11313,3.0,5.5,53.0,53.0,286.7122,1220.5283,64688,1.906,over_band,nullify;warded,absorb;poison_resistance;suppress,"{""absorb"":11.0,""poison_resistance"":0.47,""suppress"":0.34}",400,4366,3966,0
11,10,191045,split_spill_rejoin,4,void_regent,Void Regent,Nullifying Acolyte,33339,11113,3.0,5.5,56.0,56.0,281.9358,1200.1964,67211,2.016,over_band,nullify;warded,absorb;poison_resistance;suppress,"{""absorb"":8.0,""poison_resistance"":0.55,""suppress"":0.46}",400,4296,3896,0
11,10,191046,elite_orbit,4,chrono_tyrant,Chrono Tyrant,Arcane Monster,22128,7376,3.0,5.5,36.0,36.0,318.2747,1197.3611,43105,1.948,over_band,devious;arcane,stun_duration_ms;slow;interrupt_skip_count;cleanse_threshold,"{""cleanse_threshold"":3.0,""interrupt_skip_count"":3.0,""slow"":0.38,""stun_duration_ms"":1032.0}",400,3028,2628,2
11,10,191047,split_spill_rejoin,4,chrono_tyrant,Chrono Tyrant,Devious Threat,23862,7954,3.0,5.5,36.0,36.0,303.141,1140.4167,41055,1.7205,over_band,devious;arcane,slow;stun_duration_ms;cleanse_threshold;interrupt_skip_count,"{""cleanse_threshold"":3.0,""interrupt_skip_count"":2.0,""slow"":0.37,""stun_duration_ms"":631.0}",400,3202,2802,0
11,10,191048,split_spill_rejoin,4,plague_court,Plague Court,Bitter Monster,30243,10081,3.0,5.5,49.0,49.0,348.0666,1288.7143,63147,2.088,over_band,spiteful;hexed,cleanse_threshold;suppress;poison_resistance;slow,"{""cleanse_threshold"":4.0,""poison_resistance"":0.29,""slow"":0.18,""suppress"":0.84}",400,3978,3578,1
11,10,191049,hourglass_detour,4,apex_bulwark,Apex Bulwark,Bulwark Threat,23727,7909,3.0,5.5,51.0,51.0,328.9377,1413.3922,72083,3.038,over_band,aegis;fortified,block;armor;crit_negation,"{""armor"":120.0,""block"":11.0,""crit_negation"":0.63}",400,3138,2738,0
11,10,191050,elite_orbit,4,void_regent,Void Regent,Dimming Threat,45747,15249,3.0,5.5,60.0,60.0,336.3614,1431.8833,85913,1.878,over_band,nullify;warded,absorb;poison_resistance;suppress,"{""absorb"":8.0,""poison_resistance"":0.44,""suppress"":0.42}",400,5838,5438,0
11,10,191051,five_way_market,3,apex_bulwark,Apex Bulwark,Shielded Guard,24186,8062,3.0,5.5,58.0,58.0,306.3139,1316.0517,76331,3.156,over_band,aegis;fortified,block;armor;crit_negation,"{""armor"":120.0,""block"":13.0,""crit_negation"":0.76}",400,3212,2812,1
11,10,191052,five_way_market,3,void_regent,Void Regent,Hollow Keeper,17343,5781,3.0,5.5,31.0,31.0,268.6062,1143.5161,35449,2.044,over_band,nullify;warded,absorb;poison_resistance;suppress,"{""absorb"":13.0,""poison_resistance"":0.53,""suppress"":0.4}",400,2307,1907,0
11,10,191053,elite_orbit,4,chrono_tyrant,Chrono Tyrant,Arcane Threat,24945,8315,3.0,5.5,44.0,44.0,312.4601,1175.5227,51723,2.0735,over_band,devious;arcane,cleanse_threshold;interrupt_skip_count;slow;stun_duration_ms,"{""cleanse_threshold"":4.0,""interrupt_skip_count"":2.0,""slow"":0.57,""stun_duration_ms"":953.0}",400,3368,2968,1
11,10,191054,woven_boss_approach,3,chrono_tyrant,Chrono Tyrant,Devious Monster,36510,12170,3.0,5.5,52.0,52.0,339.1937,1276.0962,66357,1.8175,over_band,devious;arcane,stun_duration_ms;cleanse_threshold;slow;interrupt_skip_count,"{""cleanse_threshold"":3.0,""interrupt_skip_count"":2.0,""slow"":0.36,""stun_duration_ms"":843.0}",400,4795,4395,1
11,10,191055,five_way_market,3,apex_bulwark,Apex Bulwark,Fortified Gatekeeper,21981,7327,3.0,5.5,56.0,56.0,287.7804,1236.4286,69240,3.15,over_band,aegis;fortified,block;armor;crit_negation,"{""armor"":120.0,""block"":13.0,""crit_negation"":0.75}",400,2936,2536,1
11,10,191056,braided_sideboard,4,chrono_tyrant,Chrono Tyrant,Devious Threat,26472,8824,3.0,5.5,44.0,44.0,325.8305,1225.8409,53937,2.0375,over_band,devious;arcane,slow;stun_duration_ms;cleanse_threshold;interrupt_skip_count,"{""cleanse_threshold"":3.0,""interrupt_skip_count"":3.0,""slow"":0.61,""stun_duration_ms"":797.0}",400,3578,3178,2
11,10,191057,elite_orbit,4,void_regent,Void Regent,Nullifying Enemy,20721,6907,3.0,5.5,30.0,30.0,324.9954,1383.4667,41504,2.003,over_band,nullify;warded,absorb;poison_resistance;suppress,"{""absorb"":12.0,""poison_resistance"":0.43,""suppress"":0.51}",400,2728,2328,0
11,10,191058,five_way_market,3,chrono_tyrant,Chrono Tyrant,Arcane Enemy,29610,9870,3.0,5.5,51.0,51.0,321.4772,1209.3725,61678,2.083,over_band,devious;arcane,slow;interrupt_skip_count;cleanse_threshold;stun_duration_ms,"{""cleanse_threshold"":4.0,""interrupt_skip_count"":2.0,""slow"":0.53,""stun_duration_ms"":1044.0}",400,3954,3554,1
11,10,191059,elite_orbit,4,chrono_tyrant,Chrono Tyrant,Devious Enemy,34917,11639,3.0,5.5,52.0,52.0,344.575,1296.2885,67407,1.9305,over_band,devious;arcane,interrupt_skip_count;cleanse_threshold;slow;stun_duration_ms,"{""cleanse_threshold"":3.0,""interrupt_skip_count"":3.0,""slow"":0.51,""stun_duration_ms"":763.0}",400,4623,4223,1
11,10,191060,hourglass_detour,4,apex_bulwark,Apex Bulwark,Braced Guard,20559,6853,3.0,5.5,45.0,45.0,331.5406,1424.5111,64103,3.118,over_band,aegis;fortified,block;armor;crit_negation,"{""armor"":120.0,""block"":15.0,""crit_negation"":0.63}",400,2754,2354,0
11,10,191061,braided_sideboard,4,void_regent,Void Regent,Warded Vessel,21348,7116,3.0,5.5,31.0,31.0,302.5116,1287.7742,39921,1.87,over_band,nullify;warded,absorb;poison_resistance;suppress,"{""absorb"":12.0,""poison_resistance"":0.43,""suppress"":0.32}",400,2792,2392,0
11,10,191062,hourglass_detour,4,void_regent,Void Regent,Nullifying Keeper,33981,11327,3.0,5.5,59.0,59.0,268.2959,1142.1017,67384,1.983,over_band,nullify;warded,absorb;poison_resistance;suppress,"{""absorb"":11.0,""poison_resistance"":0.47,""suppress"":0.45}",400,4380,3980,0
11,10,191063,braided_sideboard,4,apex_bulwark,Apex Bulwark,Shielded Enemy,14544,4848,3.0,5.5,35.0,35.0,302.1584,1298.1429,45435,3.124,over_band,aegis;fortified,block;armor;crit_negation,"{""armor"":120.0,""block"":12.0,""crit_negation"":0.74}",400,2002,1602,1
11,10,191064,elite_orbit,4,plague_court,Plague Court,Bitter Hexbearer,31863,10621,3.0,5.5,58.0,58.0,320.3304,1186.069,68792,2.159,over_band,spiteful;hexed,cleanse_threshold;suppress;slow;poison_resistance,"{""cleanse_threshold"":4.0,""poison_resistance"":0.26,""slow"":0.3,""suppress"":0.83}",400,4189,3789,1
11,10,191065,woven_boss_approach,3,plague_court,Plague Court,Bitter Bloom,31389,10463,3.0,5.5,57.0,57.0,306.0816,1133.3158,64599,2.058,over_band,spiteful;hexed,cleanse_threshold;suppress;poison_resistance;slow,"{""cleanse_threshold"":3.0,""poison_resistance"":0.26,""slow"":0.24,""suppress"":0.78}",400,4127,3727,1
11,10,191066,split_spill_rejoin,4,chrono_tyrant,Chrono Tyrant,Devious Enemy,33699,11233,3.0,5.5,56.0,56.0,305.2938,1148.4821,64315,1.9085,over_band,devious;arcane,slow;stun_duration_ms;interrupt_skip_count;cleanse_threshold,"{""cleanse_threshold"":4.0,""interrupt_skip_count"":3.0,""slow"":0.37,""stun_duration_ms"":947.0}",400,4462,4062,2
11,10,191067,braided_sideboard,4,plague_court,Plague Court,Bitter Bloom,21507,7169,3.0,5.5,48.0,48.0,274.5928,1016.6458,48799,2.269,over_band,spiteful;hexed,cleanse_threshold;suppress;slow;poison_resistance,"{""cleanse_threshold"":3.0,""poison_resistance"":0.37,""slow"":0.22,""suppress"":0.95}",400,2908,2508,1
11,10,191068,five_way_market,3,apex_bulwark,Apex Bulwark,Braced Enemy,14496,4832,3.0,5.5,36.0,36.0,294.8434,1266.7778,45604,3.146,over_band,aegis;fortified,block;armor;crit_negation,"{""armor"":120.0,""block"":14.0,""crit_negation"":0.71}",400,2000,1600,1
11,10,191069,hourglass_detour,4,apex_bulwark,Apex Bulwark,Shielded Threat,24981,8327,3.0,5.5,57.0,57.0,314.3805,1350.7193,76991,3.082,over_band,aegis;fortified,block;armor;crit_negation,"{""armor"":120.0,""block"":9.0,""crit_negation"":0.77}",400,3301,2901,1
11,10,191070,woven_boss_approach,3,void_regent,Void Regent,Nullifying Threat,22638,7546,3.0,5.5,35.0,35.0,300.0778,1277.4286,44710,1.975,over_band,nullify;warded,absorb;poison_resistance;suppress,"{""absorb"":8.0,""poison_resistance"":0.53,""suppress"":0.43}",400,2956,2556,0
11,10,191071,split_spill_rejoin,4,chrono_tyrant,Chrono Tyrant,Devious Monster,26034,8678,3.0,5.5,38.0,38.0,331.3511,1246.5526,47369,1.8195,over_band,devious;arcane,cleanse_threshold;slow;stun_duration_ms;interrupt_skip_count,"{""cleanse_threshold"":4.0,""interrupt_skip_count"":2.0,""slow"":0.43,""stun_duration_ms"":697.0}",400,3477,3077,0
11,10,191072,braided_sideboard,4,apex_bulwark,Apex Bulwark,Fortified Enemy,16350,5450,3.0,5.5,36.0,36.0,321.3569,1380.6667,49704,3.04,over_band,aegis;fortified,block;armor;crit_negation,"{""armor"":120.0,""block"":9.0,""crit_negation"":0.7}",400,2216,1816,1
11,10,191073,elite_orbit,4,plague_court,Plague Court,Spiteful Bloom,23496,7832,3.0,5.5,38.0,38.0,338.4943,1253.3158,47626,2.027,over_band,spiteful;hexed,cleanse_threshold;suppress;slow;poison_resistance,"{""cleanse_threshold"":3.0,""poison_resistance"":0.29,""slow"":0.25,""suppress"":0.68}",400,3135,2735,1
11,10,191074,braided_sideboard,4,chrono_tyrant,Chrono Tyrant,Devious Threat,20052,6684,3.0,5.5,38.0,38.0,268.129,1008.6579,38329,1.9115,over_band,devious;arcane,cleanse_threshold;interrupt_skip_count;stun_duration_ms;slow,"{""cleanse_threshold"":4.0,""interrupt_skip_count"":2.0,""slow"":0.47,""stun_duration_ms"":809.0}",400,2740,2340,0
11,10,191075,hourglass_detour,4,void_regent,Void Regent,Hollow Keeper,17766,5922,3.0,5.5,32.0,32.0,284.4332,1210.875,38748,2.181,over_band,nullify;warded,absorb;poison_resistance;suppress,"{""absorb"":16.0,""poison_resistance"":0.55,""suppress"":0.49}",400,2377,1977,0
11,10,191076,split_spill_rejoin,4,apex_bulwark,Apex Bulwark,Braced Monster,22128,7376,3.0,5.5,45.0,45.0,347.9274,1494.8667,67269,3.04,over_band,aegis;fortified,block;armor;crit_negation,"{""armor"":120.0,""block"":9.0,""crit_negation"":0.7}",400,2938,2538,1
11,10,191077,split_spill_rejoin,4,void_regent,Void Regent,Dimming Monster,18153,6051,3.0,5.5,31.0,31.0,271.2515,1154.7742,35798,1.972,over_band,nullify;warded,absorb;poison_resistance;suppress,"{""absorb"":9.0,""poison_resistance"":0.46,""suppress"":0.5}",400,2399,1999,0
11,10,191078,elite_orbit,4,chrono_tyrant,Chrono Tyrant,Arcane Enemy,20640,6880,3.0,5.5,39.0,39.0,298.658,1123.5641,43819,2.123,over_band,devious;arcane,interrupt_skip_count;cleanse_threshold;stun_duration_ms;slow,"{""cleanse_threshold"":4.0,""interrupt_skip_count"":3.0,""slow"":0.55,""stun_duration_ms"":1052.0}",400,2853,2453,2
11,10,191079,braided_sideboard,4,void_regent,Void Regent,Warded Vessel,21918,7306,3.0,5.5,36.0,36.0,289.4802,1232.2778,44362,2.024,over_band,nullify;warded,absorb;poison_resistance;suppress,"{""absorb"":8.0,""poison_resistance"":0.53,""suppress"":0.5}",400,2871,2471,0
11,10,191080,woven_boss_approach,3,chrono_tyrant,Chrono Tyrant,Devious Monster,21519,7173,3.0,5.5,36.0,36.0,306.0296,1151.2778,41446,1.926,over_band,devious;arcane,slow;interrupt_skip_count;cleanse_threshold;stun_duration_ms,"{""cleanse_threshold"":3.0,""interrupt_skip_count"":2.0,""slow"":0.38,""stun_duration_ms"":1024.0}",400,2933,2533,1
12,11,201001,five_way_market,3,chrono_tyrant,Chrono Tyrant,Devious Threat,32751,9704,3.375,6.25,38.0,38.0,373.6798,1581.5263,60098,1.835,over_band,devious;arcane,cleanse_threshold;stun_duration_ms;interrupt_skip_count;slow,"{""cleanse_threshold"":3.0,""interrupt_skip_count"":2.0,""slow"":0.39,""stun_duration_ms"":824.0}",400,4326,3926,0
12,11,201002,five_way_market,3,chrono_tyrant,Chrono Tyrant,Devious Monster,43507,12891,3.375,6.25,51.0,51.0,391.54,1657.098,84512,1.9425,over_band,devious;arcane,slow;interrupt_skip_count;stun_duration_ms;cleanse_threshold,"{""cleanse_threshold"":4.0,""interrupt_skip_count"":2.0,""slow"":0.61,""stun_duration_ms"":619.0}",400,5672,5272,1
12,11,201003,braided_sideboard,4,plague_court,Plague Court,Hexed Bloom,34678,10275,3.375,6.25,46.0,46.0,378.9641,1578.6087,72616,2.094,over_band,spiteful;hexed,cleanse_threshold;suppress;slow;poison_resistance,"{""cleanse_threshold"":4.0,""poison_resistance"":0.24,""slow"":0.18,""suppress"":0.92}",400,4536,4136,1
12,11,201004,woven_boss_approach,3,plague_court,Plague Court,Withering Monster,31138,9226,3.375,6.25,46.0,46.0,339.297,1413.3913,65016,2.088,over_band,spiteful;hexed,cleanse_threshold;suppress;poison_resistance;slow,"{""cleanse_threshold"":4.0,""poison_resistance"":0.36,""slow"":0.25,""suppress"":0.65}",400,4085,3685,0
12,11,201005,five_way_market,3,plague_court,Plague Court,Bitter Seer,35883,10632,3.375,6.25,59.0,59.0,308.2281,1283.8814,75749,2.111,over_band,spiteful;hexed,cleanse_threshold;suppress;poison_resistance;slow,"{""cleanse_threshold"":3.0,""poison_resistance"":0.31,""slow"":0.29,""suppress"":0.72}",400,4690,4290,1
12,11,201006,elite_orbit,4,apex_bulwark,Apex Bulwark,Braced Monster,28792,8531,3.375,6.25,57.0,57.0,328.555,1588.1053,90522,3.144,over_band,aegis;fortified,block;armor;crit_negation,"{""armor"":120.0,""block"":13.0,""crit_negation"":0.74}",400,3786,3386,1
12,11,201007,hourglass_detour,4,void_regent,Void Regent,Dimming Vessel,24557,7276,3.375,6.25,31.0,31.0,334.9279,1604.129,49728,2.025,over_band,nullify;warded,absorb;poison_resistance;suppress,"{""absorb"":16.0,""poison_resistance"":0.52,""suppress"":0.31}",400,3210,2810,0
12,11,201008,woven_boss_approach,3,apex_bulwark,Apex Bulwark,Bulwark Threat,14870,4406,3.375,6.25,31.0,31.0,315.6003,1525.3871,47287,3.18,over_band,aegis;fortified,block;armor;crit_negation,"{""armor"":120.0,""block"":16.0,""crit_negation"":0.7}",400,2051,1651,1
12,11,201009,woven_boss_approach,3,void_regent,Void Regent,Warded Vessel,30669,9087,3.375,6.25,34.0,34.0,359.1748,1720.1765,58486,1.907,over_band,nullify;warded,absorb;poison_resistance;suppress,"{""absorb"":14.0,""poison_resistance"":0.41,""suppress"":0.35}",400,3965,3565,0
12,11,201010,split_spill_rejoin,4,chrono_tyrant,Chrono Tyrant,Devious Threat,31391,9301,3.375,6.25,36.0,36.0,365.5958,1547.3056,55703,1.7745,over_band,devious;arcane,cleanse_threshold;interrupt_skip_count;slow;stun_duration_ms,"{""cleanse_threshold"":3.0,""interrupt_skip_count"":2.0,""slow"":0.43,""stun_duration_ms"":631.0}",400,4149,3749,0
12,11,201011,split_spill_rejoin,4,void_regent,Void Regent,Hollow Vessel,43126,12778,3.375,6.25,56.0,56.0,317.9096,1522.5,85260,1.977,over_band,nullify;warded,absorb;poison_resistance;suppress,"{""absorb"":11.0,""poison_resistance"":0.52,""suppress"":0.37}",400,5520,5120,0
12,11,201012,split_spill_rejoin,4,void_regent,Void Regent,Dimming Monster,37004,10964,3.375,6.25,38.0,38.0,396.7038,1899.8684,72195,1.951,over_band,nullify;warded,absorb;poison_resistance;suppress,"{""absorb"":10.0,""poison_resistance"":0.47,""suppress"":0.43}",400,4754,4354,0
12,11,201013,five_way_market,3,void_regent,Void Regent,Hollow Threat,36872,10925,3.375,6.25,50.0,50.0,319.8192,1531.66,76583,2.077,over_band,nullify;warded,absorb;poison_resistance;suppress,"{""absorb"":16.0,""poison_resistance"":0.46,""suppress"":0.47}",400,4759,4359,0
12,11,201014,five_way_market,3,void_regent,Void Regent,Nullifying Monster,37182,11017,3.375,6.25,39.0,39.0,371.6852,1779.9744,69419,1.867,over_band,nullify;warded,absorb;poison_resistance;suppress,"{""absorb"":9.0,""poison_resistance"":0.46,""suppress"":0.35}",400,4766,4366,0
12,11,201015,split_spill_rejoin,4,apex_bulwark,Apex Bulwark,Bulwark Sentinel,26706,7913,3.375,6.25,50.0,50.0,349.6437,1689.96,84498,3.164,over_band,aegis;fortified,block;armor;crit_negation,"{""armor"":120.0,""block"":14.0,""crit_negation"":0.74}",400,3528,3128,1
12,11,201016,split_spill_rejoin,4,void_regent,Void Regent,Hollow Keeper,41182,12202,3.375,6.25,50.0,50.0,332.6119,1592.92,79646,1.934,over_band,nullify;warded,absorb;poison_resistance;suppress,"{""absorb"":9.0,""poison_resistance"":0.52,""suppress"":0.36}",400,5270,4870,0
12,11,201017,hourglass_detour,4,plague_court,Plague Court,Bitter Threat,39106,11587,3.375,6.25,55.0,55.0,367.5034,1530.8182,84195,2.153,over_band,spiteful;hexed,cleanse_threshold;suppress;slow;poison_resistance,"{""cleanse_threshold"":3.0,""poison_resistance"":0.36,""slow"":0.18,""suppress"":0.85}",400,5095,4695,1
12,11,201018,split_spill_rejoin,4,chrono_tyrant,Chrono Tyrant,Arcane Monster,45897,13599,3.375,6.25,59.0,59.0,395.6477,1674.4576,98793,2.1525,over_band,devious;arcane,cleanse_threshold;slow;interrupt_skip_count;stun_duration_ms,"{""cleanse_threshold"":4.0,""interrupt_skip_count"":3.0,""slow"":0.61,""stun_duration_ms"":1003.0}",400,6012,5612,3
12,11,201019,hourglass_detour,4,apex_bulwark,Apex Bulwark,Bulwark Enemy,17807,5276,3.375,6.25,36.0,36.0,319.2955,1543.2778,55558,3.12,over_band,aegis;fortified,block;armor;crit_negation,"{""armor"":120.0,""block"":10.0,""crit_negation"":0.8}",400,2409,2009,1
12,11,201020,hourglass_detour,4,chrono_tyrant,Chrono Tyrant,Arcane Enemy,39893,11820,3.375,6.25,59.0,59.0,321.5944,1361.1017,80305,2.013,over_band,devious;arcane,interrupt_skip_count;stun_duration_ms;cleanse_threshold;slow,"{""cleanse_threshold"":3.0,""interrupt_skip_count"":3.0,""slow"":0.61,""stun_duration_ms"":748.0}",400,5253,4853,2
12,11,201021,woven_boss_approach,3,chrono_tyrant,Chrono Tyrant,Arcane Enemy,21408,6343,3.375,6.25,32.0,32.0,315.5162,1335.3125,42730,1.996,over_band,devious;arcane,stun_duration_ms;interrupt_skip_count;slow;cleanse_threshold,"{""cleanse_threshold"":3.0,""interrupt_skip_count"":3.0,""slow"":0.44,""stun_duration_ms"":1020.0}",400,2943,2543,2
12,11,201022,braided_sideboard,4,chrono_tyrant,Chrono Tyrant,Arcane Monster,25971,7695,3.375,6.25,32.0,32.0,356.8812,1510.375,48332,1.861,over_band,devious;arcane,cleanse_threshold;interrupt_skip_count;stun_duration_ms;slow,"{""cleanse_threshold"":4.0,""interrupt_skip_count"":3.0,""slow"":0.42,""stun_duration_ms"":762.0}",400,3490,3090,1
12,11,201023,split_spill_rejoin,4,apex_bulwark,Apex Bulwark,Bulwark Gatekeeper,33784,10010,3.375,6.25,55.0,55.0,395.9881,1914.0182,105271,3.116,over_band,aegis;fortified,block;armor;crit_negation,"{""armor"":120.0,""block"":11.0,""crit_negation"":0.76}",400,4406,4006,1
12,11,201024,elite_orbit,4,plague_court,Plague Court,Withering Threat,20702,6134,3.375,6.25,35.0,35.0,309.681,1290.0286,45151,2.181,over_band,spiteful;hexed,cleanse_threshold;suppress;poison_resistance;slow,"{""cleanse_threshold"":3.0,""poison_resistance"":0.33,""slow"":0.26,""suppress"":0.83}",400,2800,2400,1
12,11,201025,woven_boss_approach,3,chrono_tyrant,Chrono Tyrant,Arcane Monster,33146,9821,3.375,6.25,51.0,51.0,306.8053,1298.549,66226,1.998,over_band,devious;arcane,interrupt_skip_count;cleanse_threshold;stun_duration_ms;slow,"{""cleanse_threshold"":4.0,""interrupt_skip_count"":3.0,""slow"":0.62,""stun_duration_ms"":676.0}",400,4400,4000,2
12,11,201026,split_spill_rejoin,4,void_regent,Void Regent,Nullifying Vessel,53571,15873,3.375,6.25,58.0,58.0,396.3425,1898.069,110088,2.055,over_band,nullify;warded,absorb;poison_resistance;suppress,"{""absorb"":13.0,""poison_resistance"":0.52,""suppress"":0.43}",400,6837,6437,0
12,11,201027,five_way_market,3,chrono_tyrant,Chrono Tyrant,Arcane Threat,48458,14358,3.375,6.25,58.0,58.0,388.0192,1642.1379,95244,1.9655,over_band,devious;arcane,interrupt_skip_count;stun_duration_ms;slow;cleanse_threshold,"{""cleanse_threshold"":3.0,""interrupt_skip_count"":3.0,""slow"":0.57,""stun_duration_ms"":725.0}",400,6318,5918,1
12,11,201028,woven_boss_approach,3,void_regent,Void Regent,Dimming Keeper,31425,9311,3.375,6.25,38.0,38.0,344.3083,1648.9737,62661,1.994,over_band,nullify;warded,absorb;poison_resistance;suppress,"{""absorb"":13.0,""poison_resistance"":0.48,""suppress"":0.4}",400,4064,3664,0
12,11,201029,woven_boss_approach,3,chrono_tyrant,Chrono Tyrant,Devious Monster,24513,7263,3.375,6.25,34.0,34.0,343.5718,1454.2059,49443,2.017,over_band,devious;arcane,stun_duration_ms;cleanse_threshold;interrupt_skip_count;slow,"{""cleanse_threshold"":4.0,""interrupt_skip_count"":3.0,""slow"":0.59,""stun_duration_ms"":768.0}",400,3323,2923,2
12,11,201030,split_spill_rejoin,4,apex_bulwark,Apex Bulwark,Fortified Enemy,23085,6840,3.375,6.25,48.0,48.0,309.2287,1494.75,71748,3.108,over_band,aegis;fortified,block;armor;crit_negation,"{""armor"":120.0,""block"":10.0,""crit_negation"":0.78}",400,3067,2667,1
12,11,201031,braided_sideboard,4,void_regent,Void Regent,Nullifying Keeper,36295,10754,3.375,6.25,38.0,38.0,395.4724,1894.0263,71973,1.983,over_band,nullify;warded,absorb;poison_resistance;suppress,"{""absorb"":13.0,""poison_resistance"":0.42,""suppress"":0.47}",400,4676,4276,0
12,11,201032,braided_sideboard,4,apex_bulwark,Apex Bulwark,Fortified Gatekeeper,28094,8324,3.375,6.25,48.0,48.0,372.699,1801.5208,86473,3.078,over_band,aegis;fortified,block;armor;crit_negation,"{""armor"":120.0,""block"":10.0,""crit_negation"":0.73}",400,3689,3289,1
12,11,201033,split_spill_rejoin,4,plague_court,Plague Court,Bitter Enemy,19457,5765,3.375,6.25,31.0,31.0,345.2286,1437.9355,44576,2.291,over_band,spiteful;hexed,cleanse_threshold;suppress;slow;poison_resistance,"{""cleanse_threshold"":3.0,""poison_resistance"":0.34,""slow"":0.27,""suppress"":0.96}",400,2655,2255,1
12,11,201034,braided_sideboard,4,chrono_tyrant,Chrono Tyrant,Arcane Enemy,43770,12969,3.375,6.25,57.0,57.0,391.4488,1656.7368,94434,2.1575,over_band,devious;arcane,stun_duration_ms;interrupt_skip_count;slow;cleanse_threshold,"{""cleanse_threshold"":4.0,""interrupt_skip_count"":3.0,""slow"":0.61,""stun_duration_ms"":1013.0}",400,5747,5347,3
12,11,201035,hourglass_detour,4,void_regent,Void Regent,Hollow Keeper,32231,9550,3.375,6.25,46.0,46.0,311.7825,1493.1304,68684,2.131,over_band,nullify;warded,absorb;poison_resistance;suppress,"{""absorb"":15.0,""poison_resistance"":0.56,""suppress"":0.43}",400,4178,3778,0
12,11,201036,five_way_market,3,plague_court,Plague Court,Withering Monster,29923,8866,3.375,6.25,46.0,46.0,325.7543,1356.9348,62419,2.086,over_band,spiteful;hexed,cleanse_threshold;suppress;poison_resistance;slow,"{""cleanse_threshold"":4.0,""poison_resistance"":0.24,""slow"":0.28,""suppress"":0.78}",400,3939,3539,1
12,11,201037,hourglass_detour,4,chrono_tyrant,Chrono Tyrant,Arcane Monster,23834,7062,3.375,6.25,35.0,35.0,311.7515,1319.3714,46178,1.9375,over_band,devious;arcane,stun_duration_ms;interrupt_skip_count;cleanse_threshold;slow,"{""cleanse_threshold"":3.0,""interrupt_skip_count"":2.0,""slow"":0.58,""stun_duration_ms"":687.0}",400,3220,2820,1
12,11,201038,braided_sideboard,4,chrono_tyrant,Chrono Tyrant,Devious Enemy,25117,7442,3.375,6.25,35.0,35.0,341.2259,1444.2286,50548,2.0125,over_band,devious;arcane,slow;stun_duration_ms;interrupt_skip_count;cleanse_threshold,"{""cleanse_threshold"":4.0,""interrupt_skip_count"":3.0,""slow"":0.63,""stun_duration_ms"":687.0}",400,3398,2998,2
12,11,201039,woven_boss_approach,3,plague_court,Plague Court,Bitter Hexbearer,28374,8407,3.375,6.25,44.0,44.0,333.9148,1390.9773,61203,2.157,over_band,spiteful;hexed,cleanse_threshold;poison_resistance;suppress;slow,"{""cleanse_threshold"":3.0,""poison_resistance"":0.33,""slow"":0.21,""suppress"":0.86}",400,3757,3357,1
12,11,201040,split_spill_rejoin,4,chrono_tyrant,Chrono Tyrant,Devious Monster,34931,10350,3.375,6.25,51.0,51.0,345.6639,1463.0,74613,2.136,over_band,devious;arcane,cleanse_threshold;stun_duration_ms;interrupt_skip_count;slow,"{""cleanse_threshold"":4.0,""interrupt_skip_count"":2.0,""slow"":0.64,""stun_duration_ms"":952.0}",400,4623,4223,2
12,11,201041,braided_sideboard,4,void_regent,Void Regent,Dimming Vessel,33055,9794,3.375,6.25,35.0,35.0,383.5588,1836.9143,64292,1.945,over_band,nullify;warded,absorb;poison_resistance;suppress,"{""absorb"":11.0,""poison_resistance"":0.53,""suppress"":0.31}",400,4257,3857,0
12,11,201042,split_spill_rejoin,4,void_regent,Void Regent,Nullifying Acolyte,25495,7554,3.375,6.25,30.0,30.0,347.6224,1664.8333,49945,1.959,over_band,nullify;warded,absorb;poison_resistance;suppress,"{""absorb"":11.0,""poison_resistance"":0.46,""suppress"":0.43}",400,3318,2918,0
12,11,201043,split_spill_rejoin,4,void_regent,Void Regent,Hollow Monster,37304,11053,3.375,6.25,39.0,39.0,389.27,1864.2308,72705,1.949,over_band,nullify;warded,absorb;poison_resistance;suppress,"{""absorb"":11.0,""poison_resistance"":0.52,""suppress"":0.33}",400,4789,4389,0
12,11,201044,split_spill_rejoin,4,void_regent,Void Regent,Dimming Acolyte,30466,9027,3.375,6.25,32.0,32.0,372.9457,1786.0625,57154,1.876,over_band,nullify;warded,absorb;poison_resistance;suppress,"{""absorb"":9.0,""poison_resistance"":0.42,""suppress"":0.42}",400,3930,3530,0
12,11,201045,split_spill_rejoin,4,chrono_tyrant,Chrono Tyrant,Arcane Enemy,20959,6210,3.375,6.25,31.0,31.0,308.3319,1304.871,40451,1.93,over_band,devious;arcane,slow;cleanse_threshold;stun_duration_ms;interrupt_skip_count,"{""cleanse_threshold"":4.0,""interrupt_skip_count"":3.0,""slow"":0.56,""stun_duration_ms"":648.0}",400,2869,2469,1
12,11,201046,elite_orbit,4,plague_court,Plague Court,Withering Monster,32630,9668,3.375,6.25,45.0,45.0,370.7651,1544.4889,69502,2.13,over_band,spiteful;hexed,cleanse_threshold;slow;suppress;poison_resistance,"{""cleanse_threshold"":4.0,""poison_resistance"":0.29,""slow"":0.18,""suppress"":0.9}",400,4281,3881,1
12,11,201047,braided_sideboard,4,plague_court,Plague Court,Bitter Seer,22619,6702,3.375,6.25,34.0,34.0,333.0154,1387.0882,47161,2.085,over_band,spiteful;hexed,cleanse_threshold;suppress;poison_resistance;slow,"{""cleanse_threshold"":4.0,""poison_resistance"":0.22,""slow"":0.2,""suppress"":0.91}",400,3028,2628,1
12,11,201048,woven_boss_approach,3,chrono_tyrant,Chrono Tyrant,Arcane Monster,22633,6706,3.375,6.25,32.0,32.0,320.5284,1356.5625,43410,1.918,over_band,devious;arcane,slow;cleanse_threshold;stun_duration_ms;interrupt_skip_count,"{""cleanse_threshold"":3.0,""interrupt_skip_count"":3.0,""slow"":0.36,""stun_duration_ms"":1008.0}",400,3087,2687,2
12,11,201049,woven_boss_approach,3,plague_court,Plague Court,Spiteful Enemy,30017,8894,3.375,6.25,36.0,36.0,398.1688,1658.4444,59704,1.989,over_band,spiteful;hexed,cleanse_threshold;suppress;slow;poison_resistance,"{""cleanse_threshold"":4.0,""poison_resistance"":0.27,""slow"":0.17,""suppress"":0.74}",400,3940,3540,1
12,11,201050,elite_orbit,4,plague_court,Plague Court,Hexed Seer,18340,5434,3.375,6.25,30.0,30.0,316.7183,1319.2667,39578,2.158,over_band,spiteful;hexed,cleanse_threshold;suppress;poison_resistance;slow,"{""cleanse_threshold"":3.0,""poison_resistance"":0.26,""slow"":0.32,""suppress"":0.82}",400,2506,2106,1
12,11,201051,hourglass_detour,4,apex_bulwark,Apex Bulwark,Bulwark Threat,28559,8462,3.375,6.25,48.0,48.0,390.2132,1886.0833,90532,3.17,over_band,aegis;fortified,block;armor;crit_negation,"{""armor"":120.0,""block"":14.0,""crit_negation"":0.75}",400,3761,3361,1
12,11,201052,hourglass_detour,4,void_regent,Void Regent,Nullifying Vessel,39498,11703,3.375,6.25,45.0,45.0,365.8145,1751.9556,78838,1.996,over_band,nullify;warded,absorb;poison_resistance;suppress,"{""absorb"":12.0,""poison_resistance"":0.5,""suppress"":0.4}",400,5070,4670,0
12,11,201053,hourglass_detour,4,apex_bulwark,Apex Bulwark,Shielded Monster,19157,5676,3.375,6.25,31.0,31.0,397.3689,1920.6452,59540,3.108,over_band,aegis;fortified,block;armor;crit_negation,"{""armor"":120.0,""block"":10.0,""crit_negation"":0.78}",400,2576,2176,1
12,11,201054,braided_sideboard,4,chrono_tyrant,Chrono Tyrant,Arcane Enemy,29876,8852,3.375,6.25,37.0,37.0,393.1841,1664.1622,61574,2.061,over_band,devious;arcane,slow;stun_duration_ms;cleanse_threshold;interrupt_skip_count,"{""cleanse_threshold"":4.0,""interrupt_skip_count"":3.0,""slow"":0.59,""stun_duration_ms"":856.0}",400,3999,3599,3
12,11,201055,elite_orbit,4,plague_court,Plague Court,Bitter Bloom,37952,11245,3.375,6.25,50.0,50.0,384.3135,1600.82,80041,2.109,over_band,spiteful;hexed,cleanse_threshold;suppress;poison_resistance;slow,"{""cleanse_threshold"":4.0,""poison_resistance"":0.2,""slow"":0.28,""suppress"":0.87}",400,4948,4548,1
12,11,201056,braided_sideboard,4,void_regent,Void Regent,Dimming Threat,37263,11041,3.375,6.25,39.0,39.0,378.0786,1810.5897,70613,1.895,over_band,nullify;warded,absorb;poison_resistance;suppress,"{""absorb"":8.0,""poison_resistance"":0.52,""suppress"":0.33}",400,4775,4375,0
12,11,201057,braided_sideboard,4,void_regent,Void Regent,Dimming Acolyte,30250,8963,3.375,6.25,39.0,39.0,311.7552,1493.1026,58231,1.925,over_band,nullify;warded,absorb;poison_resistance;suppress,"{""absorb"":9.0,""poison_resistance"":0.42,""suppress"":0.49}",400,3908,3508,0
12,11,201058,hourglass_detour,4,void_regent,Void Regent,Hollow Threat,31671,9384,3.375,6.25,32.0,32.0,373.0258,1786.4375,57166,1.805,over_band,nullify;warded,absorb;poison_resistance;suppress,"{""absorb"":8.0,""poison_resistance"":0.43,""suppress"":0.33}",400,4071,3671,0
12,11,201059,braided_sideboard,4,chrono_tyrant,Chrono Tyrant,Arcane Enemy,40740,12071,3.375,6.25,52.0,52.0,348.2096,1473.6923,76632,1.881,over_band,devious;arcane,interrupt_skip_count;slow;stun_duration_ms;cleanse_threshold,"{""cleanse_threshold"":4.0,""interrupt_skip_count"":3.0,""slow"":0.42,""stun_duration_ms"":802.0}",400,5339,4939,1
12,11,201060,woven_boss_approach,3,chrono_tyrant,Chrono Tyrant,Devious Monster,24658,7306,3.375,6.25,32.0,32.0,350.1022,1481.7813,47417,1.923,over_band,devious;arcane,interrupt_skip_count;stun_duration_ms;cleanse_threshold;slow,"{""cleanse_threshold"":3.0,""interrupt_skip_count"":3.0,""slow"":0.39,""stun_duration_ms"":964.0}",400,3341,2941,2
12,11,201061,hourglass_detour,4,apex_bulwark,Apex Bulwark,Shielded Enemy,18056,5350,3.375,6.25,31.0,31.0,372.1124,1798.6129,55757,3.088,over_band,aegis;fortified,block;armor;crit_negation,"{""armor"":120.0,""block"":12.0,""crit_negation"":0.68}",400,2436,2036,1
12,11,201062,braided_sideboard,4,apex_bulwark,Apex Bulwark,Bulwark Enemy,26639,7893,3.375,6.25,50.0,50.0,344.9891,1667.6,83380,3.13,over_band,aegis;fortified,block;armor;crit_negation,"{""armor"":120.0,""block"":12.0,""crit_negation"":0.75}",400,3515,3115,1
12,11,201063,hourglass_detour,4,void_regent,Void Regent,Nullifying Vessel,30925,9163,3.375,6.25,36.0,36.0,377.4162,1807.3889,65066,2.104,over_band,nullify;warded,absorb;poison_resistance;suppress,"{""absorb"":16.0,""poison_resistance"":0.55,""suppress"":0.38}",400,4014,3614,0
12,11,201064,elite_orbit,4,chrono_tyrant,Chrono Tyrant,Arcane Threat,29251,8667,3.375,6.25,35.0,35.0,373.8209,1582.0571,55372,1.893,over_band,devious;arcane,cleanse_threshold;interrupt_skip_count;slow;stun_duration_ms,"{""cleanse_threshold"":3.0,""interrupt_skip_count"":3.0,""slow"":0.4,""stun_duration_ms"":886.0}",400,3911,3511,2
12,11,201065,split_spill_rejoin,4,void_regent,Void Regent,Nullifying Acolyte,39707,11765,3.375,6.25,48.0,48.0,329.3863,1577.5208,75721,1.907,over_band,nullify;warded,absorb;poison_resistance;suppress,"{""absorb"":9.0,""poison_resistance"":0.43,""suppress"":0.45}",400,5087,4687,0
12,11,201066,elite_orbit,4,plague_court,Plague Court,Hexed Seer,22613,6700,3.375,6.25,34.0,34.0,342.4949,1426.6176,48505,2.145,over_band,spiteful;hexed,cleanse_threshold;suppress;slow;poison_resistance,"{""cleanse_threshold"":4.0,""poison_resistance"":0.35,""slow"":0.27,""suppress"":0.72}",400,3026,2626,1
12,11,201067,elite_orbit,4,void_regent,Void Regent,Warded Vessel,29066,8612,3.375,6.25,34.0,34.0,367.7006,1761.0588,59876,2.06,over_band,nullify;warded,absorb;poison_resistance;suppress,"{""absorb"":14.0,""poison_resistance"":0.5,""suppress"":0.44}",400,3776,3376,0
12,11,201068,braided_sideboard,4,void_regent,Void Regent,Warded Acolyte,47601,14104,3.375,6.25,56.0,56.0,356.3861,1706.8393,95583,2.008,over_band,nullify;warded,absorb;poison_resistance;suppress,"{""absorb"":9.0,""poison_resistance"":0.58,""suppress"":0.38}",400,6077,5677,0
12,11,201069,split_spill_rejoin,4,void_regent,Void Regent,Nullifying Monster,24422,7236,3.375,6.25,31.0,31.0,328.172,1571.6774,48722,1.995,over_band,nullify;warded,absorb;poison_resistance;suppress,"{""absorb"":10.0,""poison_resistance"":0.5,""suppress"":0.45}",400,3184,2784,0
12,11,201070,woven_boss_approach,3,apex_bulwark,Apex Bulwark,Bulwark Gatekeeper,19842,5879,3.375,6.25,35.0,35.0,357.2445,1726.8286,60439,3.046,over_band,aegis;fortified,block;armor;crit_negation,"{""armor"":120.0,""block"":9.0,""crit_negation"":0.71}",400,2653,2253,1
12,11,201071,split_spill_rejoin,4,plague_court,Plague Court,Withering Monster,27658,8195,3.375,6.25,46.0,46.0,304.7211,1269.2609,58386,2.111,over_band,spiteful;hexed,cleanse_threshold;suppress;slow;poison_resistance,"{""cleanse_threshold"":3.0,""poison_resistance"":0.25,""slow"":0.24,""suppress"":0.87}",400,3667,3267,1
12,11,201072,braided_sideboard,4,plague_court,Plague Court,Bitter Hexbearer,24114,7145,3.375,6.25,34.0,34.0,356.3859,1484.4412,50471,2.093,over_band,spiteful;hexed,cleanse_threshold;suppress;slow;poison_resistance,"{""cleanse_threshold"":3.0,""poison_resistance"":0.23,""slow"":0.18,""suppress"":0.95}",400,3222,2822,1
12,11,201073,split_spill_rejoin,4,void_regent,Void Regent,Dimming Acolyte,28978,8586,3.375,6.25,37.0,37.0,337.0578,1614.1622,59724,2.061,over_band,nullify;warded,absorb;poison_resistance;suppress,"{""absorb"":13.0,""poison_resistance"":0.54,""suppress"":0.41}",400,3762,3362,0
12,11,201074,five_way_market,3,apex_bulwark,Apex Bulwark,Braced Enemy,17861,5292,3.375,6.25,37.0,37.0,312.6076,1510.9459,55905,3.13,over_band,aegis;fortified,block;armor;crit_negation,"{""armor"":120.0,""block"":15.0,""crit_negation"":0.65}",400,2419,2019,0
12,11,201075,five_way_market,3,void_regent,Void Regent,Hollow Threat,28853,8549,3.375,6.25,32.0,32.0,374.492,1793.4063,57389,1.989,over_band,nullify;warded,absorb;poison_resistance;suppress,"{""absorb"":10.0,""poison_resistance"":0.55,""suppress"":0.37}",400,3735,3335,0
12,11,201076,split_spill_rejoin,4,chrono_tyrant,Chrono Tyrant,Arcane Enemy,25961,7692,3.375,6.25,32.0,32.0,351.2458,1486.6875,47574,1.8325,over_band,devious;arcane,slow;cleanse_threshold;stun_duration_ms;interrupt_skip_count,"{""cleanse_threshold"":3.0,""interrupt_skip_count"":3.0,""slow"":0.44,""stun_duration_ms"":693.0}",400,3493,3093,1
12,11,201077,braided_sideboard,4,chrono_tyrant,Chrono Tyrant,Devious Monster,31641,9375,3.375,6.25,44.0,44.0,316.8051,1340.7955,58995,1.8645,over_band,devious;arcane,stun_duration_ms;interrupt_skip_count;slow;cleanse_threshold,"{""cleanse_threshold"":3.0,""interrupt_skip_count"":2.0,""slow"":0.44,""stun_duration_ms"":793.0}",400,4191,3791,0
12,11,201078,elite_orbit,4,apex_bulwark,Apex Bulwark,Braced Guard,26598,7881,3.375,6.25,50.0,50.0,337.433,1630.98,81549,3.066,over_band,aegis;fortified,block;armor;crit_negation,"{""armor"":120.0,""block"":13.0,""crit_negation"":0.61}",400,3502,3102,0
12,11,201079,hourglass_detour,4,plague_court,Plague Court,Hexed Enemy,27118,8035,3.375,6.25,35.0,35.0,390.5962,1627.0857,56948,2.1,over_band,spiteful;hexed,cleanse_threshold;suppress;slow;poison_resistance,"{""cleanse_threshold"":4.0,""poison_resistance"":0.26,""slow"":0.32,""suppress"":0.72}",400,3589,3189,1
12,11,201080,braided_sideboard,4,void_regent,Void Regent,Hollow Monster,25066,7427,3.375,6.25,31.0,31.0,361.1587,1729.5484,53616,2.139,over_band,nullify;warded,absorb;poison_resistance;suppress,"{""absorb"":15.0,""poison_resistance"":0.54,""suppress"":0.47}",400,3284,2884,0
13,12,211001,woven_boss_approach,3,apex_bulwark,Apex Bulwark,Shielded Threat,36746,9799,3.75,7.0,49.0,49.0,425.0184,2282.7551,111855,3.044,over_band,aegis;fortified,block;armor;crit_negation,"{""armor"":120.0,""block"":11.0,""crit_negation"":0.64}",400,4766,4366,0
13,12,211002,hourglass_detour,4,chrono_tyrant,Chrono Tyrant,Devious Monster,50831,13555,3.75,7.0,48.0,48.0,398.9476,1875.9792,90047,1.7715,over_band,devious;arcane,slow;interrupt_skip_count;stun_duration_ms;cleanse_threshold,"{""cleanse_threshold"":4.0,""interrupt_skip_count"":3.0,""slow"":0.4,""stun_duration_ms"":619.0}",400,6587,6187,1
13,12,211003,elite_orbit,4,plague_court,Plague Court,Withering Hexbearer,48360,12896,3.75,7.0,51.0,51.0,397.6703,1840.5294,93867,1.941,over_band,spiteful;hexed,cleanse_threshold;suppress;slow;poison_resistance,"{""cleanse_threshold"":3.0,""poison_resistance"":0.23,""slow"":0.19,""suppress"":0.72}",400,6236,5836,1
13,12,211004,hourglass_detour,4,void_regent,Void Regent,Warded Monster,51116,13631,3.75,7.0,55.0,55.0,361.5261,1923.8182,105810,2.07,over_band,nullify;warded,absorb;poison_resistance;suppress,"{""absorb"":16.0,""poison_resistance"":0.46,""suppress"":0.46}",400,6539,6139,0
13,12,211005,split_spill_rejoin,4,plague_court,Plague Court,Hexed Seer,30836,8223,3.75,7.0,37.0,37.0,383.3523,1774.3243,65650,2.129,over_band,spiteful;hexed,cleanse_threshold;suppress;poison_resistance;slow,"{""cleanse_threshold"":3.0,""poison_resistance"":0.26,""slow"":0.21,""suppress"":0.92}",400,4066,3666,1
13,12,211006,braided_sideboard,4,chrono_tyrant,Chrono Tyrant,Devious Threat,40507,10802,3.75,7.0,39.0,39.0,392.8102,1847.2308,72042,1.7785,over_band,devious;arcane,stun_duration_ms;interrupt_skip_count;slow;cleanse_threshold,"{""cleanse_threshold"":4.0,""interrupt_skip_count"":3.0,""slow"":0.37,""stun_duration_ms"":687.0}",400,5297,4897,1
13,12,211007,elite_orbit,4,void_regent,Void Regent,Warded Vessel,63847,17026,3.75,7.0,60.0,60.0,377.5624,2009.05,120543,1.888,over_band,nullify;warded,absorb;poison_resistance;suppress,"{""absorb"":12.0,""poison_resistance"":0.42,""suppress"":0.36}",400,8107,7707,0
13,12,211008,five_way_market,3,apex_bulwark,Apex Bulwark,Braced Enemy,34324,9153,3.75,7.0,53.0,53.0,384.6781,2065.9245,109494,3.19,over_band,aegis;fortified,block;armor;crit_negation,"{""armor"":120.0,""block"":15.0,""crit_negation"":0.75}",400,4485,4085,1
13,12,211009,hourglass_detour,4,plague_court,Plague Court,Spiteful Monster,29715,7924,3.75,7.0,35.0,35.0,420.0988,1944.2,68047,2.29,over_band,spiteful;hexed,cleanse_threshold;suppress;poison_resistance;slow,"{""cleanse_threshold"":3.0,""poison_resistance"":0.36,""slow"":0.27,""suppress"":0.93}",400,3936,3536,1
13,12,211010,woven_boss_approach,3,apex_bulwark,Apex Bulwark,Fortified Monster,39409,10509,3.75,7.0,60.0,60.0,380.5638,2044.0167,122641,3.112,over_band,aegis;fortified,block;armor;crit_negation,"{""armor"":120.0,""block"":12.0,""crit_negation"":0.72}",400,5109,4709,1
13,12,211011,woven_boss_approach,3,chrono_tyrant,Chrono Tyrant,Arcane Enemy,52290,13944,3.75,7.0,56.0,56.0,380.9528,1791.3929,100318,1.9185,over_band,devious;arcane,cleanse_threshold;stun_duration_ms;interrupt_skip_count;slow,"{""cleanse_threshold"":3.0,""interrupt_skip_count"":2.0,""slow"":0.54,""stun_duration_ms"":721.0}",400,6776,6376,0
13,12,211012,braided_sideboard,4,plague_court,Plague Court,Bitter Enemy,30240,8064,3.75,7.0,37.0,37.0,373.6571,1729.4054,63988,2.116,over_band,spiteful;hexed,cleanse_threshold;poison_resistance;suppress;slow,"{""cleanse_threshold"":3.0,""poison_resistance"":0.36,""slow"":0.17,""suppress"":0.81}",400,3983,3583,1
13,12,211013,five_way_market,3,apex_bulwark,Apex Bulwark,Fortified Enemy,24540,6544,3.75,7.0,36.0,36.0,403.1222,2164.9722,77939,3.176,over_band,aegis;fortified,block;armor;crit_negation,"{""armor"":120.0,""block"":14.0,""crit_negation"":0.76}",400,3260,2860,1
13,12,211014,split_spill_rejoin,4,apex_bulwark,Apex Bulwark,Shielded Guard,33945,9052,3.75,7.0,56.0,56.0,354.8402,1905.7679,106723,3.144,over_band,aegis;fortified,block;armor;crit_negation,"{""armor"":120.0,""block"":16.0,""crit_negation"":0.64}",400,4430,4030,0
13,12,211015,hourglass_detour,4,chrono_tyrant,Chrono Tyrant,Devious Enemy,46597,12426,3.75,7.0,56.0,56.0,364.7772,1715.3571,96060,2.0615,over_band,devious;arcane,interrupt_skip_count;cleanse_threshold;stun_duration_ms;slow,"{""cleanse_threshold"":3.0,""interrupt_skip_count"":3.0,""slow"":0.52,""stun_duration_ms"":1007.0}",400,6098,5698,2
13,12,211016,split_spill_rejoin,4,chrono_tyrant,Chrono Tyrant,Devious Monster,28005,7468,3.75,7.0,31.0,31.0,354.6098,1667.6452,51697,1.846,over_band,devious;arcane,interrupt_skip_count;stun_duration_ms;slow;cleanse_threshold,"{""cleanse_threshold"":4.0,""interrupt_skip_count"":2.0,""slow"":0.51,""stun_duration_ms"":606.0}",400,3725,3325,0
13,12,211017,woven_boss_approach,3,chrono_tyrant,Chrono Tyrant,Arcane Enemy,62400,16640,3.75,7.0,58.0,58.0,442.5964,2081.2586,120713,1.9345,over_band,devious;arcane,interrupt_skip_count;slow;cleanse_threshold;stun_duration_ms,"{""cleanse_threshold"":4.0,""interrupt_skip_count"":3.0,""slow"":0.56,""stun_duration_ms"":657.0}",400,8049,7649,1
13,12,211018,braided_sideboard,4,plague_court,Plague Court,Withering Hexbearer,47070,12552,3.75,7.0,51.0,51.0,392.0354,1814.5098,92540,1.966,over_band,spiteful;hexed,cleanse_threshold;suppress;slow;poison_resistance,"{""cleanse_threshold"":3.0,""poison_resistance"":0.32,""slow"":0.18,""suppress"":0.64}",400,6073,5673,0
13,12,211019,braided_sideboard,4,apex_bulwark,Apex Bulwark,Braced Guard,22984,6129,3.75,7.0,31.0,31.0,424.3497,2279.129,70653,3.074,over_band,aegis;fortified,block;armor;crit_negation,"{""armor"":120.0,""block"":14.0,""crit_negation"":0.59}",400,3051,2651,0
13,12,211020,split_spill_rejoin,4,void_regent,Void Regent,Warded Acolyte,49912,13310,3.75,7.0,46.0,46.0,410.2641,2183.1087,100423,2.012,over_band,nullify;warded,absorb;poison_resistance;suppress,"{""absorb"":10.0,""poison_resistance"":0.51,""suppress"":0.46}",400,6372,5972,0
13,12,211021,elite_orbit,4,apex_bulwark,Apex Bulwark,Fortified Enemy,31429,8381,3.75,7.0,45.0,45.0,390.1158,2095.2667,94287,3.0,over_band,aegis;fortified,block;armor;crit_negation,"{""armor"":120.0,""block"":10.0,""crit_negation"":0.6}",400,4096,3696,0
13,12,211022,braided_sideboard,4,chrono_tyrant,Chrono Tyrant,Arcane Monster,49541,13211,3.75,7.0,56.0,56.0,353.0136,1660.0714,92964,1.8765,over_band,devious;arcane,stun_duration_ms;slow;cleanse_threshold;interrupt_skip_count,"{""cleanse_threshold"":3.0,""interrupt_skip_count"":2.0,""slow"":0.51,""stun_duration_ms"":691.0}",400,6428,6028,0
13,12,211023,five_way_market,3,void_regent,Void Regent,Warded Keeper,30401,8107,3.75,7.0,31.0,31.0,368.5846,1961.3548,60802,2.0,over_band,nullify;warded,absorb;poison_resistance;suppress,"{""absorb"":12.0,""poison_resistance"":0.49,""suppress"":0.42}",400,3934,3534,0
13,12,211024,hourglass_detour,4,apex_bulwark,Apex Bulwark,Fortified Guard,21814,5817,3.75,7.0,30.0,30.0,420.2454,2257.0333,67711,3.104,over_band,aegis;fortified,block;armor;crit_negation,"{""armor"":120.0,""block"":11.0,""crit_negation"":0.74}",400,2908,2508,1
13,12,211025,split_spill_rejoin,4,chrono_tyrant,Chrono Tyrant,Devious Monster,60499,16133,3.75,7.0,58.0,58.0,395.041,1857.7414,107749,1.781,over_band,devious;arcane,stun_duration_ms;cleanse_threshold;slow;interrupt_skip_count,"{""cleanse_threshold"":3.0,""interrupt_skip_count"":2.0,""slow"":0.39,""stun_duration_ms"":716.0}",400,7788,7388,0
13,12,211026,five_way_market,3,void_regent,Void Regent,Nullifying Threat,51802,13814,3.75,7.0,57.0,57.0,342.9392,1824.8772,104018,2.008,over_band,nullify;warded,absorb;poison_resistance;suppress,"{""absorb"":9.0,""poison_resistance"":0.51,""suppress"":0.48}",400,6606,6206,0
13,12,211027,hourglass_detour,4,void_regent,Void Regent,Dimming Acolyte,41190,10984,3.75,7.0,39.0,39.0,402.9239,2144.0,83616,2.03,over_band,nullify;warded,absorb;poison_resistance;suppress,"{""absorb"":9.0,""poison_resistance"":0.56,""suppress"":0.44}",400,5279,4879,0
13,12,211028,five_way_market,3,chrono_tyrant,Chrono Tyrant,Devious Enemy,50955,13588,3.75,7.0,51.0,51.0,383.3002,1802.4118,91923,1.804,over_band,devious;arcane,stun_duration_ms;interrupt_skip_count;cleanse_threshold;slow,"{""cleanse_threshold"":4.0,""interrupt_skip_count"":2.0,""slow"":0.4,""stun_duration_ms"":720.0}",400,6590,6190,0
13,12,211029,five_way_market,3,apex_bulwark,Apex Bulwark,Bulwark Sentinel,24660,6576,3.75,7.0,36.0,36.0,391.2766,2101.5833,75657,3.068,over_band,aegis;fortified,block;armor;crit_negation,"{""armor"":120.0,""block"":14.0,""crit_negation"":0.58}",400,3260,2860,0
13,12,211030,woven_boss_approach,3,apex_bulwark,Apex Bulwark,Shielded Sentinel,27142,7238,3.75,7.0,36.0,36.0,418.3453,2246.75,80883,2.98,over_band,aegis;fortified,block;armor;crit_negation,"{""armor"":120.0,""block"":9.0,""crit_negation"":0.6}",400,3557,3157,0
13,12,211031,braided_sideboard,4,plague_court,Plague Court,Bitter Threat,33090,8824,3.75,7.0,34.0,34.0,402.7,1863.7353,63367,1.915,over_band,spiteful;hexed,cleanse_threshold;suppress;slow;poison_resistance,"{""cleanse_threshold"":4.0,""poison_resistance"":0.21,""slow"":0.24,""suppress"":0.63}",400,4318,3918,0
13,12,211032,five_way_market,3,chrono_tyrant,Chrono Tyrant,Arcane Enemy,47820,12752,3.75,7.0,57.0,57.0,360.4527,1695.0877,96620,2.0205,over_band,devious;arcane,cleanse_threshold;stun_duration_ms;interrupt_skip_count;slow,"{""cleanse_threshold"":4.0,""interrupt_skip_count"":3.0,""slow"":0.56,""stun_duration_ms"":829.0}",400,6238,5838,2
13,12,211033,elite_orbit,4,plague_court,Plague Court,Spiteful Hexbearer,49069,13085,3.75,7.0,52.0,52.0,425.3149,1968.4231,102358,2.086,over_band,spiteful;hexed,cleanse_threshold;slow;poison_resistance;suppress,"{""cleanse_threshold"":4.0,""poison_resistance"":0.23,""slow"":0.19,""suppress"":0.91}",400,6334,5934,1
13,12,211034,five_way_market,3,apex_bulwark,Apex Bulwark,Bulwark Threat,34774,9273,3.75,7.0,56.0,56.0,355.4056,1908.8393,106895,3.074,over_band,aegis;fortified,block;armor;crit_negation,"{""armor"":120.0,""block"":11.0,""crit_negation"":0.69}",400,4524,4124,1
13,12,211035,woven_boss_approach,3,void_regent,Void Regent,Warded Monster,33060,8816,3.75,7.0,32.0,32.0,384.2202,2044.5625,65426,1.979,over_band,nullify;warded,absorb;poison_resistance;suppress,"{""absorb"":14.0,""poison_resistance"":0.44,""suppress"":0.41}",400,4271,3871,0
13,12,211036,woven_boss_approach,3,void_regent,Void Regent,Nullifying Enemy,31121,8299,3.75,7.0,34.0,34.0,359.153,1911.2059,64981,2.088,over_band,nullify;warded,absorb;poison_resistance;suppress,"{""absorb"":15.0,""poison_resistance"":0.51,""suppress"":0.44}",400,4037,3637,0
13,12,211037,five_way_market,3,plague_court,Plague Court,Bitter Bloom,53347,14226,3.75,7.0,58.0,58.0,437.4103,2024.431,117417,2.201,over_band,spiteful;hexed,cleanse_threshold;suppress;poison_resistance;slow,"{""cleanse_threshold"":3.0,""poison_resistance"":0.32,""slow"":0.27,""suppress"":0.86}",400,6882,6482,1
13,12,211038,elite_orbit,4,apex_bulwark,Apex Bulwark,Fortified Monster,32370,8632,3.75,7.0,50.0,50.0,367.3934,1973.28,98664,3.048,over_band,aegis;fortified,block;armor;crit_negation,"{""armor"":120.0,""block"":10.0,""crit_negation"":0.68}",400,4219,3819,1
13,12,211039,braided_sideboard,4,void_regent,Void Regent,Hollow Monster,57705,15388,3.75,7.0,58.0,58.0,390.58,2078.3793,120546,2.089,over_band,nullify;warded,absorb;poison_resistance;suppress,"{""absorb"":13.0,""poison_resistance"":0.54,""suppress"":0.45}",400,7356,6956,0
13,12,211040,five_way_market,3,plague_court,Plague Court,Spiteful Hexbearer,27495,7332,3.75,7.0,31.0,31.0,383.4372,1774.7419,55017,2.001,over_band,spiteful;hexed,cleanse_threshold;suppress;poison_resistance;slow,"{""cleanse_threshold"":4.0,""poison_resistance"":0.24,""slow"":0.17,""suppress"":0.8}",400,3627,3227,1
13,12,211041,braided_sideboard,4,chrono_tyrant,Chrono Tyrant,Arcane Threat,47974,12793,3.75,7.0,52.0,52.0,409.1342,1924.0385,100050,2.0855,over_band,devious;arcane,interrupt_skip_count;slow;cleanse_threshold;stun_duration_ms,"{""cleanse_threshold"":3.0,""interrupt_skip_count"":3.0,""slow"":0.51,""stun_duration_ms"":1073.0}",400,6273,5873,2
13,12,211042,split_spill_rejoin,4,plague_court,Plague Court,Bitter Monster,31155,8308,3.75,7.0,34.0,34.0,404.9012,1873.8824,63712,2.045,over_band,spiteful;hexed,cleanse_threshold;suppress;poison_resistance;slow,"{""cleanse_threshold"":3.0,""poison_resistance"":0.24,""slow"":0.31,""suppress"":0.7}",400,4096,3696,1
13,12,211043,elite_orbit,4,chrono_tyrant,Chrono Tyrant,Devious Threat,30990,8264,3.75,7.0,32.0,32.0,444.2106,2088.9063,66845,2.157,over_band,devious;arcane,cleanse_threshold;stun_duration_ms;interrupt_skip_count;slow,"{""cleanse_threshold"":4.0,""interrupt_skip_count"":2.0,""slow"":0.6,""stun_duration_ms"":1066.0}",400,4134,3734,2
13,12,211044,hourglass_detour,4,chrono_tyrant,Chrono Tyrant,Devious Enemy,40331,10755,3.75,7.0,38.0,38.0,446.0949,2097.7368,79714,1.9765,over_band,devious;arcane,cleanse_threshold;stun_duration_ms;slow;interrupt_skip_count,"{""cleanse_threshold"":4.0,""interrupt_skip_count"":3.0,""slow"":0.5,""stun_duration_ms"":849.0}",400,5297,4897,2
13,12,211045,hourglass_detour,4,apex_bulwark,Apex Bulwark,Bulwark Monster,44002,11734,3.75,7.0,60.0,60.0,417.0086,2239.7,134382,3.054,over_band,aegis;fortified,block;armor;crit_negation,"{""armor"":120.0,""block"":10.0,""crit_negation"":0.69}",400,5674,5274,1
13,12,211046,braided_sideboard,4,apex_bulwark,Apex Bulwark,Bulwark Threat,37672,10046,3.75,7.0,57.0,57.0,373.8477,2007.8596,114448,3.038,over_band,aegis;fortified,block;armor;crit_negation,"{""armor"":120.0,""block"":8.0,""crit_negation"":0.73}",400,4880,4480,1
13,12,211047,braided_sideboard,4,apex_bulwark,Apex Bulwark,Braced Guard,45112,12030,3.75,7.0,58.0,58.0,444.0181,2384.7069,138313,3.066,over_band,aegis;fortified,block;armor;crit_negation,"{""armor"":120.0,""block"":10.0,""crit_negation"":0.71}",400,5815,5415,1
13,12,211048,hourglass_detour,4,plague_court,Plague Court,Hexed Hexbearer,46234,12329,3.75,7.0,57.0,57.0,382.2396,1769.0526,100836,2.181,over_band,spiteful;hexed,cleanse_threshold;suppress;poison_resistance;slow,"{""cleanse_threshold"":4.0,""poison_resistance"":0.29,""slow"":0.26,""suppress"":0.87}",400,5986,5586,1
13,12,211049,five_way_market,3,apex_bulwark,Apex Bulwark,Shielded Threat,28395,7572,3.75,7.0,38.0,38.0,427.9539,2298.5,87343,3.076,over_band,aegis;fortified,block;armor;crit_negation,"{""armor"":120.0,""block"":9.0,""crit_negation"":0.76}",400,3726,3326,1
13,12,211050,five_way_market,3,void_regent,Void Regent,Dimming Monster,43879,11701,3.75,7.0,38.0,38.0,436.6193,2323.2895,88285,2.012,over_band,nullify;warded,absorb;poison_resistance;suppress,"{""absorb"":15.0,""poison_resistance"":0.42,""suppress"":0.46}",400,5629,5229,0
13,12,211051,elite_orbit,4,void_regent,Void Regent,Dimming Enemy,58110,15496,3.75,7.0,59.0,59.0,367.032,1953.0847,115232,1.983,over_band,nullify;warded,absorb;poison_resistance;suppress,"{""absorb"":10.0,""poison_resistance"":0.46,""suppress"":0.49}",400,7396,6996,0
13,12,211052,split_spill_rejoin,4,chrono_tyrant,Chrono Tyrant,Arcane Monster,43219,11525,3.75,7.0,50.0,50.0,352.5587,1657.88,82894,1.918,over_band,devious;arcane,cleanse_threshold;interrupt_skip_count;stun_duration_ms;slow,"{""cleanse_threshold"":4.0,""interrupt_skip_count"":3.0,""slow"":0.38,""stun_duration_ms"":948.0}",400,5653,5253,2
13,12,211053,woven_boss_approach,3,plague_court,Plague Court,Bitter Monster,45521,12139,3.75,7.0,58.0,58.0,346.2917,1602.6552,92954,2.042,over_band,spiteful;hexed,cleanse_threshold;suppress;poison_resistance;slow,"{""cleanse_threshold"":4.0,""poison_resistance"":0.37,""slow"":0.18,""suppress"":0.66}",400,5877,5477,0
13,12,211054,five_way_market,3,void_regent,Void Regent,Nullifying Enemy,68482,18262,3.75,7.0,56.0,56.0,438.7131,2334.5,130732,1.909,over_band,nullify;warded,absorb;poison_resistance;suppress,"{""absorb"":14.0,""poison_resistance"":0.44,""suppress"":0.31}",400,8690,8290,0
13,12,211055,split_spill_rejoin,4,void_regent,Void Regent,Hollow Vessel,41134,10969,3.75,7.0,37.0,37.0,420.3382,2236.8108,82762,2.012,over_band,nullify;warded,absorb;poison_resistance;suppress,"{""absorb"":13.0,""poison_resistance"":0.54,""suppress"":0.34}",400,5277,4877,0
13,12,211056,braided_sideboard,4,apex_bulwark,Apex Bulwark,Fortified Sentinel,35801,9547,3.75,7.0,53.0,53.0,391.9039,2104.8302,111556,3.116,over_band,aegis;fortified,block;armor;crit_negation,"{""armor"":120.0,""block"":11.0,""crit_negation"":0.76}",400,4658,4258,1
13,12,211057,five_way_market,3,void_regent,Void Regent,Nullifying Vessel,46747,12466,3.75,7.0,45.0,45.0,399.0265,2123.3556,95551,2.044,over_band,nullify;warded,absorb;poison_resistance;suppress,"{""absorb"":12.0,""poison_resistance"":0.59,""suppress"":0.34}",400,5977,5577,0
13,12,211058,elite_orbit,4,chrono_tyrant,Chrono Tyrant,Devious Threat,48611,12963,3.75,7.0,55.0,55.0,370.5435,1742.4909,95837,1.9715,over_band,devious;arcane,stun_duration_ms;interrupt_skip_count;cleanse_threshold;slow,"{""cleanse_threshold"":3.0,""interrupt_skip_count"":3.0,""slow"":0.51,""stun_duration_ms"":845.0}",400,6339,5939,2
13,12,211059,braided_sideboard,4,chrono_tyrant,Chrono Tyrant,Arcane Monster,34144,9105,3.75,7.0,34.0,34.0,384.5968,1808.6176,61493,1.801,over_band,devious;arcane,stun_duration_ms;cleanse_threshold;interrupt_skip_count;slow,"{""cleanse_threshold"":4.0,""interrupt_skip_count"":2.0,""slow"":0.41,""stun_duration_ms"":696.0}",400,4489,4089,0
13,12,211060,braided_sideboard,4,void_regent,Void Regent,Dimming Monster,31237,8330,3.75,7.0,30.0,30.0,403.2707,2145.9667,64379,2.061,over_band,nullify;warded,absorb;poison_resistance;suppress,"{""absorb"":12.0,""poison_resistance"":0.53,""suppress"":0.45}",400,4044,3644,0
13,12,211061,hourglass_detour,4,plague_court,Plague Court,Bitter Enemy,54094,14425,3.75,7.0,60.0,60.0,400.8964,1855.4167,111325,2.058,over_band,spiteful;hexed,cleanse_threshold;suppress;poison_resistance;slow,"{""cleanse_threshold"":4.0,""poison_resistance"":0.19,""slow"":0.32,""suppress"":0.76}",400,6960,6560,1
13,12,211062,elite_orbit,4,plague_court,Plague Court,Bitter Monster,57641,15371,3.75,7.0,56.0,56.0,444.1205,2055.5179,115109,1.997,over_band,spiteful;hexed,cleanse_threshold;suppress;slow;poison_resistance,"{""cleanse_threshold"":3.0,""poison_resistance"":0.27,""slow"":0.2,""suppress"":0.73}",400,7401,7001,1
13,12,211063,braided_sideboard,4,plague_court,Plague Court,Spiteful Threat,31639,8437,3.75,7.0,39.0,39.0,356.1686,1648.4615,64290,2.032,over_band,spiteful;hexed,cleanse_threshold;suppress;poison_resistance;slow,"{""cleanse_threshold"":3.0,""poison_resistance"":0.28,""slow"":0.29,""suppress"":0.65}",400,4153,3753,0
13,12,211064,braided_sideboard,4,apex_bulwark,Apex Bulwark,Fortified Sentinel,32197,8586,3.75,7.0,49.0,49.0,369.7485,1985.6939,97299,3.022,over_band,aegis;fortified,block;armor;crit_negation,"{""armor"":120.0,""block"":9.0,""crit_negation"":0.67}",400,4195,3795,1
13,12,211065,five_way_market,3,plague_court,Plague Court,Hexed Monster,46530,12408,3.75,7.0,56.0,56.0,408.785,1891.9464,105949,2.277,over_band,spiteful;hexed,cleanse_threshold;suppress;poison_resistance;slow,"{""cleanse_threshold"":3.0,""poison_resistance"":0.37,""slow"":0.26,""suppress"":0.91}",400,6036,5636,1
13,12,211066,five_way_market,3,chrono_tyrant,Chrono Tyrant,Devious Enemy,31496,8399,3.75,7.0,38.0,38.0,352.2563,1656.4474,62945,1.9985,over_band,devious;arcane,cleanse_threshold;interrupt_skip_count;slow;stun_duration_ms,"{""cleanse_threshold"":4.0,""interrupt_skip_count"":3.0,""slow"":0.6,""stun_duration_ms"":713.0}",400,4194,3794,2
13,12,211067,braided_sideboard,4,chrono_tyrant,Chrono Tyrant,Arcane Enemy,29764,7937,3.75,7.0,31.0,31.0,399.5686,1878.9677,58248,1.957,over_band,devious;arcane,stun_duration_ms;interrupt_skip_count;slow;cleanse_threshold,"{""cleanse_threshold"":3.0,""interrupt_skip_count"":3.0,""slow"":0.63,""stun_duration_ms"":600.0}",400,3980,3580,2
13,12,211068,elite_orbit,4,plague_court,Plague Court,Hexed Hexbearer,33885,9036,3.75,7.0,38.0,38.0,407.3052,1885.0789,71633,2.114,over_band,spiteful;hexed,cleanse_threshold;slow;poison_resistance;suppress,"{""cleanse_threshold"":4.0,""poison_resistance"":0.31,""slow"":0.21,""suppress"":0.81}",400,4435,4035,1
13,12,211069,hourglass_detour,4,apex_bulwark,Apex Bulwark,Shielded Enemy,22264,5937,3.75,7.0,38.0,38.0,343.2132,1843.2368,70043,3.146,over_band,aegis;fortified,block;armor;crit_negation,"{""armor"":120.0,""block"":14.0,""crit_negation"":0.71}",400,2971,2571,1
13,12,211070,elite_orbit,4,chrono_tyrant,Chrono Tyrant,Devious Threat,32704,8721,3.75,7.0,37.0,37.0,345.0836,1622.8378,60045,1.836,over_band,devious;arcane,stun_duration_ms;interrupt_skip_count;slow;cleanse_threshold,"{""cleanse_threshold"":3.0,""interrupt_skip_count"":3.0,""slow"":0.37,""stun_duration_ms"":826.0}",400,4337,3937,2
13,12,211071,elite_orbit,4,void_regent,Void Regent,Warded Acolyte,39787,10610,3.75,7.0,36.0,36.0,382.5877,2035.7778,73288,1.842,over_band,nullify;warded,absorb;poison_resistance;suppress,"{""absorb"":11.0,""poison_resistance"":0.42,""suppress"":0.32}",400,5093,4693,0
13,12,211072,five_way_market,3,void_regent,Void Regent,Hollow Threat,49811,13283,3.75,7.0,50.0,50.0,375.7417,1999.42,99971,2.007,over_band,nullify;warded,absorb;poison_resistance;suppress,"{""absorb"":15.0,""poison_resistance"":0.52,""suppress"":0.31}",400,6363,5963,0
13,12,211073,elite_orbit,4,chrono_tyrant,Chrono Tyrant,Arcane Threat,28282,7542,3.75,7.0,31.0,31.0,377.9304,1777.1935,55093,1.948,over_band,devious;arcane,interrupt_skip_count;cleanse_threshold;stun_duration_ms;slow,"{""cleanse_threshold"":4.0,""interrupt_skip_count"":2.0,""slow"":0.39,""stun_duration_ms"":1026.0}",400,3774,3374,1
13,12,211074,five_way_market,3,chrono_tyrant,Chrono Tyrant,Arcane Threat,37170,9912,3.75,7.0,34.0,34.0,423.1127,1989.6765,67649,1.82,over_band,devious;arcane,cleanse_threshold;stun_duration_ms;slow;interrupt_skip_count,"{""cleanse_threshold"":4.0,""interrupt_skip_count"":3.0,""slow"":0.41,""stun_duration_ms"":698.0}",400,4885,4485,1
13,12,211075,elite_orbit,4,void_regent,Void Regent,Nullifying Acolyte,57532,15342,3.75,7.0,53.0,53.0,372.7008,1983.2264,105111,1.827,over_band,nullify;warded,absorb;poison_resistance;suppress,"{""absorb"":8.0,""poison_resistance"":0.41,""suppress"":0.39}",400,7307,6907,0
13,12,211076,five_way_market,3,plague_court,Plague Court,Withering Seer,48382,12902,3.75,7.0,52.0,52.0,441.2847,2042.2692,106198,2.195,over_band,spiteful;hexed,cleanse_threshold;suppress;slow;poison_resistance,"{""cleanse_threshold"":3.0,""poison_resistance"":0.32,""slow"":0.17,""suppress"":0.98}",400,6262,5862,1
13,12,211077,split_spill_rejoin,4,apex_bulwark,Apex Bulwark,Bulwark Enemy,37736,10063,3.75,7.0,56.0,56.0,402.0076,2159.0357,120906,3.204,over_band,aegis;fortified,block;armor;crit_negation,"{""armor"":120.0,""block"":16.0,""crit_negation"":0.74}",400,4912,4512,1
13,12,211078,split_spill_rejoin,4,plague_court,Plague Court,Withering Hexbearer,24172,6446,3.75,7.0,30.0,30.0,396.757,1836.2667,55088,2.279,over_band,spiteful;hexed,cleanse_threshold;suppress;slow;poison_resistance,"{""cleanse_threshold"":4.0,""poison_resistance"":0.3,""slow"":0.28,""suppress"":0.97}",400,3239,2839,1
13,12,211079,braided_sideboard,4,apex_bulwark,Apex Bulwark,Braced Threat,39371,10499,3.75,7.0,57.0,57.0,406.6577,2184.0526,124491,3.162,over_band,aegis;fortified,block;armor;crit_negation,"{""armor"":120.0,""block"":13.0,""crit_negation"":0.77}",400,5111,4711,1
13,12,211080,hourglass_detour,4,apex_bulwark,Apex Bulwark,Braced Enemy,23257,6202,3.75,7.0,32.0,32.0,413.298,2219.5938,71027,3.054,over_band,aegis;fortified,block;armor;crit_negation,"{""armor"":120.0,""block"":10.0,""crit_negation"":0.69}",400,3081,2681,1
14,13,221001,elite_orbit,4,chrono_tyrant,Chrono Tyrant,Devious Threat,39922,9678,4.125,7.75,35.0,35.0,425.1398,2199.1429,76970,1.928,over_band,devious;arcane,cleanse_threshold;stun_duration_ms;slow;interrupt_skip_count,"{""cleanse_threshold"":4.0,""interrupt_skip_count"":3.0,""slow"":0.46,""stun_duration_ms"":824.0}",400,5240,4840,1
14,13,221002,split_spill_rejoin,4,plague_court,Plague Court,Withering Monster,54854,13298,4.125,7.75,48.0,48.0,480.1389,2444.4375,117333,2.139,over_band,spiteful;hexed,cleanse_threshold;suppress;slow;poison_resistance,"{""cleanse_threshold"":3.0,""poison_resistance"":0.33,""slow"":0.26,""suppress"":0.77}",400,7064,6664,1
14,13,221003,split_spill_rejoin,4,plague_court,Plague Court,Withering Bloom,30459,7384,4.125,7.75,32.0,32.0,406.6345,2070.25,66248,2.175,over_band,spiteful;hexed,cleanse_threshold;suppress;slow;poison_resistance,"{""cleanse_threshold"":3.0,""poison_resistance"":0.26,""slow"":0.3,""suppress"":0.87}",400,4022,3622,1
14,13,221004,split_spill_rejoin,4,apex_bulwark,Apex Bulwark,Shielded Threat,51983,12602,4.125,7.75,57.0,57.0,482.8695,2852.6842,162603,3.128,over_band,aegis;fortified,block;armor;crit_negation,"{""armor"":120.0,""block"":11.0,""crit_negation"":0.78}",400,6682,6282,1
14,13,221005,braided_sideboard,4,plague_court,Plague Court,Bitter Enemy,68574,16624,4.125,7.75,58.0,58.0,447.5072,2278.3103,132142,1.927,over_band,spiteful;hexed,cleanse_threshold;slow;suppress;poison_resistance,"{""cleanse_threshold"":3.0,""poison_resistance"":0.24,""slow"":0.21,""suppress"":0.66}",400,8761,8361,0
14,13,221006,five_way_market,3,apex_bulwark,Apex Bulwark,Braced Gatekeeper,47066,11410,4.125,7.75,57.0,57.0,430.4667,2543.2105,144963,3.08,over_band,aegis;fortified,block;armor;crit_negation,"{""armor"":120.0,""block"":11.0,""crit_negation"":0.7}",400,6061,5661,1
14,13,221007,five_way_market,3,void_regent,Void Regent,Nullifying Monster,49768,12065,4.125,7.75,36.0,36.0,465.2801,2723.4167,98043,1.97,over_band,nullify;warded,absorb;poison_resistance;suppress,"{""absorb"":14.0,""poison_resistance"":0.48,""suppress"":0.34}",400,6356,5956,0
14,13,221008,woven_boss_approach,3,apex_bulwark,Apex Bulwark,Braced Enemy,44950,10897,4.125,7.75,60.0,60.0,392.6158,2319.4167,139165,3.096,over_band,aegis;fortified,block;armor;crit_negation,"{""armor"":120.0,""block"":13.0,""crit_negation"":0.66}",400,5800,5400,0
14,13,221009,elite_orbit,4,plague_court,Plague Court,Spiteful Hexbearer,36836,8930,4.125,7.75,35.0,35.0,456.0659,2321.7143,81260,2.206,over_band,spiteful;hexed,cleanse_threshold;suppress;slow;poison_resistance,"{""cleanse_threshold"":3.0,""poison_resistance"":0.26,""slow"":0.28,""suppress"":0.94}",400,4823,4423,1
14,13,221010,five_way_market,3,void_regent,Void Regent,Warded Enemy,39588,9597,4.125,7.75,36.0,36.0,381.9473,2235.6111,80482,2.033,over_band,nullify;warded,absorb;poison_resistance;suppress,"{""absorb"":13.0,""poison_resistance"":0.54,""suppress"":0.37}",400,5086,4686,0
14,13,221011,hourglass_detour,4,chrono_tyrant,Chrono Tyrant,Arcane Threat,62304,15104,4.125,7.75,53.0,53.0,463.4863,2397.5283,127069,2.0395,over_band,devious;arcane,stun_duration_ms;slow;interrupt_skip_count;cleanse_threshold,"{""cleanse_threshold"":4.0,""interrupt_skip_count"":3.0,""slow"":0.54,""stun_duration_ms"":903.0}",400,8051,7651,2
14,13,221012,woven_boss_approach,3,plague_court,Plague Court,Withering Threat,36230,8783,4.125,7.75,36.0,36.0,382.7116,1948.3611,70141,1.936,over_band,spiteful;hexed,cleanse_threshold;suppress;slow;poison_resistance,"{""cleanse_threshold"":3.0,""poison_resistance"":0.24,""slow"":0.22,""suppress"":0.66}",400,4719,4319,0
14,13,221013,five_way_market,3,plague_court,Plague Court,Bitter Seer,32649,7915,4.125,7.75,35.0,35.0,391.9392,1995.3143,69836,2.139,over_band,spiteful;hexed,cleanse_threshold;poison_resistance;suppress;slow,"{""cleanse_threshold"":4.0,""poison_resistance"":0.32,""slow"":0.25,""suppress"":0.78}",400,4282,3882,1
14,13,221014,hourglass_detour,4,plague_court,Plague Court,Spiteful Seer,42257,10244,4.125,7.75,35.0,35.0,465.5253,2370.0,82950,1.963,over_band,spiteful;hexed,cleanse_threshold;suppress;poison_resistance;slow,"{""cleanse_threshold"":3.0,""poison_resistance"":0.3,""slow"":0.16,""suppress"":0.69}",400,5472,5072,1
14,13,221015,hourglass_detour,4,void_regent,Void Regent,Dimming Enemy,46328,11231,4.125,7.75,31.0,31.0,491.9987,2879.8065,89274,1.927,over_band,nullify;warded,absorb;poison_resistance;suppress,"{""absorb"":12.0,""poison_resistance"":0.48,""suppress"":0.33}",400,5918,5518,0
14,13,221016,hourglass_detour,4,void_regent,Void Regent,Warded Threat,70389,17064,4.125,7.75,60.0,60.0,384.4145,2250.1,135006,1.918,over_band,nullify;warded,absorb;poison_resistance;suppress,"{""absorb"":9.0,""poison_resistance"":0.49,""suppress"":0.38}",400,8921,8521,0
14,13,221017,five_way_market,3,chrono_tyrant,Chrono Tyrant,Arcane Enemy,35459,8596,4.125,7.75,32.0,32.0,390.7253,2021.1563,64677,1.824,over_band,devious;arcane,stun_duration_ms;cleanse_threshold;interrupt_skip_count;slow,"{""cleanse_threshold"":4.0,""interrupt_skip_count"":2.0,""slow"":0.43,""stun_duration_ms"":706.0}",400,4655,4255,0
14,13,221018,woven_boss_approach,3,chrono_tyrant,Chrono Tyrant,Devious Threat,53976,13085,4.125,7.75,46.0,46.0,434.399,2247.0435,103364,1.915,over_band,devious;arcane,cleanse_threshold;slow;stun_duration_ms;interrupt_skip_count,"{""cleanse_threshold"":4.0,""interrupt_skip_count"":2.0,""slow"":0.4,""stun_duration_ms"":942.0}",400,6982,6582,1
14,13,221019,elite_orbit,4,chrono_tyrant,Chrono Tyrant,Arcane Enemy,61467,14901,4.125,7.75,44.0,44.0,477.2164,2468.4545,108612,1.767,over_band,devious;arcane,interrupt_skip_count;stun_duration_ms;cleanse_threshold;slow,"{""cleanse_threshold"":3.0,""interrupt_skip_count"":3.0,""slow"":0.36,""stun_duration_ms"":706.0}",400,7923,7523,1
14,13,221020,braided_sideboard,4,plague_court,Plague Court,Hexed Bloom,36787,8918,4.125,7.75,30.0,30.0,484.8267,2468.4,74052,2.013,over_band,spiteful;hexed,cleanse_threshold;suppress;slow;poison_resistance,"{""cleanse_threshold"":3.0,""poison_resistance"":0.33,""slow"":0.19,""suppress"":0.68}",400,4792,4392,1
14,13,221021,hourglass_detour,4,chrono_tyrant,Chrono Tyrant,Arcane Monster,44600,10812,4.125,7.75,35.0,35.0,420.1391,2173.2857,76065,1.7055,over_band,devious;arcane,stun_duration_ms;slow;interrupt_skip_count;cleanse_threshold,"{""cleanse_threshold"":3.0,""interrupt_skip_count"":2.0,""slow"":0.36,""stun_duration_ms"":619.0}",400,5792,5392,0
14,13,221022,braided_sideboard,4,void_regent,Void Regent,Hollow Monster,40244,9756,4.125,7.75,30.0,30.0,443.2209,2594.4,77832,1.934,over_band,nullify;warded,absorb;poison_resistance;suppress,"{""absorb"":9.0,""poison_resistance"":0.45,""suppress"":0.46}",400,5157,4757,0
14,13,221023,elite_orbit,4,apex_bulwark,Apex Bulwark,Fortified Monster,44459,10778,4.125,7.75,53.0,53.0,450.1187,2659.1509,140935,3.17,over_band,aegis;fortified,block;armor;crit_negation,"{""armor"":120.0,""block"":14.0,""crit_negation"":0.75}",400,5748,5348,1
14,13,221024,split_spill_rejoin,4,plague_court,Plague Court,Bitter Enemy,55931,13559,4.125,7.75,50.0,50.0,415.0509,2113.08,105654,1.889,over_band,spiteful;hexed,cleanse_threshold;poison_resistance;suppress;slow,"{""cleanse_threshold"":3.0,""poison_resistance"":0.23,""slow"":0.21,""suppress"":0.62}",400,7176,6776,0
14,13,221025,woven_boss_approach,3,chrono_tyrant,Chrono Tyrant,Arcane Threat,37187,9015,4.125,7.75,32.0,32.0,441.1212,2281.7813,73017,1.9635,over_band,devious;arcane,stun_duration_ms;cleanse_threshold;interrupt_skip_count;slow,"{""cleanse_threshold"":4.0,""interrupt_skip_count"":3.0,""slow"":0.52,""stun_duration_ms"":787.0}",400,4902,4502,1
14,13,221026,braided_sideboard,4,plague_court,Plague Court,Bitter Enemy,40611,9845,4.125,7.75,39.0,39.0,410.9141,2091.9744,81587,2.009,over_band,spiteful;hexed,cleanse_threshold;suppress;slow;poison_resistance,"{""cleanse_threshold"":4.0,""poison_resistance"":0.33,""slow"":0.18,""suppress"":0.67}",400,5262,4862,0
14,13,221027,elite_orbit,4,plague_court,Plague Court,Withering Monster,53728,13025,4.125,7.75,60.0,60.0,387.8233,1974.5,118470,2.205,over_band,spiteful;hexed,cleanse_threshold;suppress;slow;poison_resistance,"{""cleanse_threshold"":3.0,""poison_resistance"":0.32,""slow"":0.22,""suppress"":0.93}",400,6932,6532,1
14,13,221028,five_way_market,3,apex_bulwark,Apex Bulwark,Bulwark Enemy,25290,6131,4.125,7.75,31.0,31.0,414.5766,2449.0645,75921,3.002,over_band,aegis;fortified,block;armor;crit_negation,"{""armor"":120.0,""block"":11.0,""crit_negation"":0.57}",400,3329,2929,0
14,13,221029,five_way_market,3,chrono_tyrant,Chrono Tyrant,Devious Enemy,47928,11619,4.125,7.75,45.0,45.0,385.5426,1994.3333,89745,1.8725,over_band,devious;arcane,slow;stun_duration_ms;cleanse_threshold;interrupt_skip_count,"{""cleanse_threshold"":3.0,""interrupt_skip_count"":2.0,""slow"":0.4,""stun_duration_ms"":881.0}",400,6228,5828,1
14,13,221030,hourglass_detour,4,plague_court,Plague Court,Hexed Enemy,30797,7466,4.125,7.75,30.0,30.0,441.8131,2249.2,67476,2.191,over_band,spiteful;hexed,cleanse_threshold;suppress;poison_resistance;slow,"{""cleanse_threshold"":4.0,""poison_resistance"":0.33,""slow"":0.18,""suppress"":0.93}",400,4057,3657,1
14,13,221031,woven_boss_approach,3,chrono_tyrant,Chrono Tyrant,Devious Threat,68591,16628,4.125,7.75,53.0,53.0,471.0909,2436.9245,129157,1.883,over_band,devious;arcane,slow;cleanse_threshold;interrupt_skip_count;stun_duration_ms,"{""cleanse_threshold"":3.0,""interrupt_skip_count"":3.0,""slow"":0.47,""stun_duration_ms"":740.0}",400,8826,8426,1
14,13,221032,five_way_market,3,chrono_tyrant,Chrono Tyrant,Devious Enemy,50490,12240,4.125,7.75,46.0,46.0,390.3403,2019.0435,92876,1.8395,over_band,devious;arcane,slow;cleanse_threshold;stun_duration_ms;interrupt_skip_count,"{""cleanse_threshold"":3.0,""interrupt_skip_count"":2.0,""slow"":0.51,""stun_duration_ms"":617.0}",400,6542,6142,0
14,13,221033,split_spill_rejoin,4,chrono_tyrant,Chrono Tyrant,Arcane Enemy,53349,12933,4.125,7.75,45.0,45.0,434.3193,2246.5778,101096,1.895,over_band,devious;arcane,slow;stun_duration_ms;cleanse_threshold;interrupt_skip_count,"{""cleanse_threshold"":3.0,""interrupt_skip_count"":3.0,""slow"":0.44,""stun_duration_ms"":818.0}",400,6924,6524,1
14,13,221034,five_way_market,3,plague_court,Plague Court,Bitter Seer,46241,11210,4.125,7.75,45.0,45.0,404.6996,2060.2889,92713,2.005,over_band,spiteful;hexed,cleanse_threshold;suppress;slow;poison_resistance,"{""cleanse_threshold"":3.0,""poison_resistance"":0.21,""slow"":0.26,""suppress"":0.75}",400,5979,5579,1
14,13,221035,five_way_market,3,chrono_tyrant,Chrono Tyrant,Devious Threat,40116,9725,4.125,7.75,35.0,35.0,423.5295,2190.9143,76682,1.9115,over_band,devious;arcane,interrupt_skip_count;stun_duration_ms;cleanse_threshold;slow,"{""cleanse_threshold"":3.0,""interrupt_skip_count"":3.0,""slow"":0.44,""stun_duration_ms"":851.0}",400,5272,4872,2
14,13,221036,hourglass_detour,4,chrono_tyrant,Chrono Tyrant,Devious Monster,55127,13364,4.125,7.75,45.0,45.0,470.5719,2434.1556,109537,1.987,over_band,devious;arcane,stun_duration_ms;cleanse_threshold;interrupt_skip_count;slow,"{""cleanse_threshold"":3.0,""interrupt_skip_count"":3.0,""slow"":0.59,""stun_duration_ms"":732.0}",400,7154,6754,2
14,13,221037,split_spill_rejoin,4,chrono_tyrant,Chrono Tyrant,Arcane Monster,54557,13226,4.125,7.75,51.0,51.0,387.3442,2003.6275,102185,1.873,over_band,devious;arcane,cleanse_threshold;slow;interrupt_skip_count;stun_duration_ms,"{""cleanse_threshold"":3.0,""interrupt_skip_count"":2.0,""slow"":0.54,""stun_duration_ms"":630.0}",400,7055,6655,0
14,13,221038,five_way_market,3,void_regent,Void Regent,Warded Acolyte,63368,15362,4.125,7.75,53.0,53.0,390.9714,2288.4151,121286,1.914,over_band,nullify;warded,absorb;poison_resistance;suppress,"{""absorb"":14.0,""poison_resistance"":0.41,""suppress"":0.36}",400,8053,7653,0
14,13,221039,five_way_market,3,plague_court,Plague Court,Withering Bloom,39386,9548,4.125,7.75,35.0,35.0,450.8936,2295.6286,80347,2.04,over_band,spiteful;hexed,cleanse_threshold;suppress;poison_resistance;slow,"{""cleanse_threshold"":4.0,""poison_resistance"":0.21,""slow"":0.2,""suppress"":0.86}",400,5119,4719,1
14,13,221040,woven_boss_approach,3,void_regent,Void Regent,Nullifying Vessel,40066,9713,4.125,7.75,35.0,35.0,407.5788,2385.6571,83498,2.084,over_band,nullify;warded,absorb;poison_resistance;suppress,"{""absorb"":13.0,""poison_resistance"":0.5,""suppress"":0.5}",400,5153,4753,0
14,13,221041,hourglass_detour,4,apex_bulwark,Apex Bulwark,Bulwark Monster,33120,8029,4.125,7.75,38.0,38.0,455.8815,2693.1842,102341,3.09,over_band,aegis;fortified,block;armor;crit_negation,"{""armor"":120.0,""block"":13.0,""crit_negation"":0.65}",400,4320,3920,0
14,13,221042,woven_boss_approach,3,plague_court,Plague Court,Spiteful Threat,55572,13472,4.125,7.75,49.0,49.0,472.058,2403.2041,117757,2.119,over_band,spiteful;hexed,cleanse_threshold;suppress;slow;poison_resistance,"{""cleanse_threshold"":4.0,""poison_resistance"":0.38,""slow"":0.2,""suppress"":0.73}",400,7143,6743,1
14,13,221043,hourglass_detour,4,plague_court,Plague Court,Hexed Hexbearer,46654,11310,4.125,7.75,37.0,37.0,488.8928,2489.0541,92095,1.974,over_band,spiteful;hexed,cleanse_threshold;suppress;slow;poison_resistance,"{""cleanse_threshold"":3.0,""poison_resistance"":0.3,""slow"":0.18,""suppress"":0.68}",400,6023,5623,1
14,13,221044,split_spill_rejoin,4,plague_court,Plague Court,Withering Monster,41564,10076,4.125,7.75,46.0,46.0,381.3861,1941.7609,89321,2.149,over_band,spiteful;hexed,cleanse_threshold;suppress;poison_resistance;slow,"{""cleanse_threshold"":3.0,""poison_resistance"":0.37,""slow"":0.32,""suppress"":0.65}",400,5402,5002,0
14,13,221045,elite_orbit,4,plague_court,Plague Court,Withering Threat,51624,12515,4.125,7.75,58.0,58.0,381.1224,1940.3448,112540,2.18,over_band,spiteful;hexed,cleanse_threshold;poison_resistance;suppress;slow,"{""cleanse_threshold"":3.0,""poison_resistance"":0.33,""slow"":0.22,""suppress"":0.88}",400,6666,6266,1
14,13,221046,elite_orbit,4,chrono_tyrant,Chrono Tyrant,Arcane Monster,58290,14131,4.125,7.75,60.0,60.0,388.1112,2007.6,120456,2.0665,over_band,devious;arcane,interrupt_skip_count;cleanse_threshold;slow;stun_duration_ms,"{""cleanse_threshold"":3.0,""interrupt_skip_count"":3.0,""slow"":0.64,""stun_duration_ms"":801.0}",400,7558,7158,2
14,13,221047,braided_sideboard,4,plague_court,Plague Court,Bitter Threat,29865,7240,4.125,7.75,30.0,30.0,416.1093,2118.4333,63553,2.128,over_band,spiteful;hexed,cleanse_threshold;suppress;slow;poison_resistance,"{""cleanse_threshold"":4.0,""poison_resistance"":0.23,""slow"":0.19,""suppress"":0.97}",400,3938,3538,1
14,13,221048,elite_orbit,4,chrono_tyrant,Chrono Tyrant,Arcane Threat,32134,7790,4.125,7.75,31.0,31.0,379.7496,1964.3226,60894,1.895,over_band,devious;arcane,interrupt_skip_count;stun_duration_ms;cleanse_threshold;slow,"{""cleanse_threshold"":4.0,""interrupt_skip_count"":3.0,""slow"":0.45,""stun_duration_ms"":776.0}",400,4265,3865,1
14,13,221049,split_spill_rejoin,4,apex_bulwark,Apex Bulwark,Shielded Threat,46654,11310,4.125,7.75,51.0,51.0,460.807,2722.3922,138842,2.976,over_band,aegis;fortified,block;armor;crit_negation,"{""armor"":120.0,""block"":10.0,""crit_negation"":0.56}",400,5996,5596,0
14,13,221050,five_way_market,3,apex_bulwark,Apex Bulwark,Shielded Gatekeeper,29556,7165,4.125,7.75,35.0,35.0,443.4046,2619.5143,91683,3.102,over_band,aegis;fortified,block;armor;crit_negation,"{""armor"":120.0,""block"":13.0,""crit_negation"":0.67}",400,3877,3477,1
14,13,221051,woven_boss_approach,3,plague_court,Plague Court,Spiteful Enemy,71556,17347,4.125,7.75,59.0,59.0,471.6752,2401.3729,141681,1.98,over_band,spiteful;hexed,cleanse_threshold;suppress;poison_resistance;slow,"{""cleanse_threshold"":4.0,""poison_resistance"":0.19,""slow"":0.28,""suppress"":0.7}",400,9135,8735,1
14,13,221052,split_spill_rejoin,4,apex_bulwark,Apex Bulwark,Bulwark Guard,47087,11415,4.125,7.75,51.0,51.0,472.9083,2793.8235,142485,3.026,over_band,aegis;fortified,block;armor;crit_negation,"{""armor"":120.0,""block"":8.0,""crit_negation"":0.71}",400,6056,5656,1
14,13,221053,split_spill_rejoin,4,void_regent,Void Regent,Dimming Vessel,47244,11453,4.125,7.75,36.0,36.0,440.1178,2576.1111,92740,1.963,over_band,nullify;warded,absorb;poison_resistance;suppress,"{""absorb"":12.0,""poison_resistance"":0.46,""suppress"":0.41}",400,6038,5638,0
14,13,221054,hourglass_detour,4,chrono_tyrant,Chrono Tyrant,Arcane Monster,53336,12930,4.125,7.75,50.0,50.0,450.605,2330.78,116539,2.185,over_band,devious;arcane,interrupt_skip_count;stun_duration_ms;slow;cleanse_threshold,"{""cleanse_threshold"":3.0,""interrupt_skip_count"":3.0,""slow"":0.62,""stun_duration_ms"":1074.0}",400,6953,6553,3
14,13,221055,five_way_market,3,apex_bulwark,Apex Bulwark,Shielded Sentinel,28417,6889,4.125,7.75,38.0,38.0,384.3181,2270.3684,86274,3.036,over_band,aegis;fortified,block;armor;crit_negation,"{""armor"":120.0,""block"":10.0,""crit_negation"":0.66}",400,3724,3324,0
14,13,221056,five_way_market,3,void_regent,Void Regent,Nullifying Vessel,66140,16034,4.125,7.75,53.0,53.0,418.3028,2448.434,129767,1.962,over_band,nullify;warded,absorb;poison_resistance;suppress,"{""absorb"":8.0,""poison_resistance"":0.58,""suppress"":0.34}",400,8389,7989,0
14,13,221057,split_spill_rejoin,4,chrono_tyrant,Chrono Tyrant,Arcane Enemy,60856,14753,4.125,7.75,51.0,51.0,440.3589,2277.9216,116174,1.909,over_band,devious;arcane,interrupt_skip_count;slow;cleanse_threshold;stun_duration_ms,"{""cleanse_threshold"":3.0,""interrupt_skip_count"":2.0,""slow"":0.42,""stun_duration_ms"":918.0}",400,7848,7448,1
14,13,221058,elite_orbit,4,chrono_tyrant,Chrono Tyrant,Arcane Enemy,51373,12454,4.125,7.75,49.0,49.0,418.2423,2163.4286,106008,2.0635,over_band,devious;arcane,slow;cleanse_threshold;stun_duration_ms;interrupt_skip_count,"{""cleanse_threshold"":4.0,""interrupt_skip_count"":3.0,""slow"":0.47,""stun_duration_ms"":1077.0}",400,6689,6289,2
14,13,221059,elite_orbit,4,apex_bulwark,Apex Bulwark,Shielded Monster,38193,9259,4.125,7.75,46.0,46.0,440.4704,2602.1087,119697,3.134,over_band,aegis;fortified,block;armor;crit_negation,"{""armor"":120.0,""block"":11.0,""crit_negation"":0.79}",400,4959,4559,1
14,13,221060,elite_orbit,4,plague_court,Plague Court,Spiteful Hexbearer,40615,9846,4.125,7.75,34.0,34.0,457.2975,2328.2059,79159,1.949,over_band,spiteful;hexed,cleanse_threshold;slow;suppress;poison_resistance,"{""cleanse_threshold"":4.0,""poison_resistance"":0.28,""slow"":0.2,""suppress"":0.63}",400,5259,4859,0
14,13,221061,five_way_market,3,plague_court,Plague Court,Hexed Monster,33256,8062,4.125,7.75,37.0,37.0,398.6473,2029.5135,75092,2.258,over_band,spiteful;hexed,cleanse_threshold;suppress;slow;poison_resistance,"{""cleanse_threshold"":4.0,""poison_resistance"":0.27,""slow"":0.29,""suppress"":0.97}",400,4374,3974,1
14,13,221062,elite_orbit,4,plague_court,Plague Court,Hexed Seer,62626,15182,4.125,7.75,59.0,59.0,474.1197,2413.7627,142412,2.274,over_band,spiteful;hexed,cleanse_threshold;suppress;poison_resistance;slow,"{""cleanse_threshold"":3.0,""poison_resistance"":0.36,""slow"":0.26,""suppress"":0.92}",400,8048,7648,1
14,13,221063,split_spill_rejoin,4,chrono_tyrant,Chrono Tyrant,Devious Enemy,57445,13926,4.125,7.75,56.0,56.0,384.916,1991.0893,111501,1.941,over_band,devious;arcane,stun_duration_ms;cleanse_threshold;slow;interrupt_skip_count,"{""cleanse_threshold"":3.0,""interrupt_skip_count"":3.0,""slow"":0.42,""stun_duration_ms"":946.0}",400,7442,7042,2
14,13,221064,split_spill_rejoin,4,void_regent,Void Regent,Warded Enemy,57750,14000,4.125,7.75,39.0,39.0,485.7062,2843.0769,110880,1.92,over_band,nullify;warded,absorb;poison_resistance;suppress,"{""absorb"":13.0,""poison_resistance"":0.42,""suppress"":0.38}",400,7351,6951,0
14,13,221065,split_spill_rejoin,4,chrono_tyrant,Chrono Tyrant,Arcane Monster,57812,14015,4.125,7.75,55.0,55.0,433.6298,2243.1091,123371,2.134,over_band,devious;arcane,stun_duration_ms;cleanse_threshold;interrupt_skip_count;slow,"{""cleanse_threshold"":3.0,""interrupt_skip_count"":2.0,""slow"":0.63,""stun_duration_ms"":990.0}",400,7491,7091,2
14,13,221066,split_spill_rejoin,4,plague_court,Plague Court,Spiteful Monster,29337,7112,4.125,7.75,30.0,30.0,388.006,1975.3667,59261,2.02,over_band,spiteful;hexed,cleanse_threshold;slow;poison_resistance;suppress,"{""cleanse_threshold"":4.0,""poison_resistance"":0.25,""slow"":0.18,""suppress"":0.8}",400,3859,3459,1
14,13,221067,hourglass_detour,4,void_regent,Void Regent,Warded Threat,87326,21170,4.125,7.75,60.0,60.0,471.4447,2759.5,165570,1.896,over_band,nullify;warded,absorb;poison_resistance;suppress,"{""absorb"":12.0,""poison_resistance"":0.4,""suppress"":0.4}",400,11044,10644,0
14,13,221068,five_way_market,3,chrono_tyrant,Chrono Tyrant,Devious Threat,43193,10471,4.125,7.75,36.0,36.0,415.7764,2150.6389,77423,1.7925,over_band,devious;arcane,interrupt_skip_count;slow;stun_duration_ms;cleanse_threshold,"{""cleanse_threshold"":4.0,""interrupt_skip_count"":2.0,""slow"":0.41,""stun_duration_ms"":679.0}",400,5619,5219,0
14,13,221069,hourglass_detour,4,chrono_tyrant,Chrono Tyrant,Devious Enemy,35768,8671,4.125,7.75,37.0,37.0,386.9266,2001.5676,74058,2.0705,over_band,devious;arcane,interrupt_skip_count;stun_duration_ms;slow;cleanse_threshold,"{""cleanse_threshold"":4.0,""interrupt_skip_count"":2.0,""slow"":0.53,""stun_duration_ms"":1019.0}",400,4722,4322,1
14,13,221070,split_spill_rejoin,4,apex_bulwark,Apex Bulwark,Shielded Guard,30723,7448,4.125,7.75,38.0,38.0,421.8021,2491.7895,94688,3.082,over_band,aegis;fortified,block;armor;crit_negation,"{""armor"":120.0,""block"":15.0,""crit_negation"":0.57}",400,4020,3620,0
14,13,221071,five_way_market,3,plague_court,Plague Court,Hexed Seer,34110,8269,4.125,7.75,32.0,32.0,403.2367,2053.0,65696,1.926,over_band,spiteful;hexed,cleanse_threshold;suppress;slow;poison_resistance,"{""cleanse_threshold"":4.0,""poison_resistance"":0.19,""slow"":0.22,""suppress"":0.7}",400,4449,4049,1
14,13,221072,woven_boss_approach,3,apex_bulwark,Apex Bulwark,Fortified Enemy,51167,12404,4.125,7.75,55.0,55.0,490.6725,2898.8364,159436,3.116,over_band,aegis;fortified,block;armor;crit_negation,"{""armor"":120.0,""block"":14.0,""crit_negation"":0.66}",400,6580,6180,0
14,13,221073,hourglass_detour,4,void_regent,Void Regent,Warded Monster,73149,17733,4.125,7.75,56.0,56.0,460.3867,2694.75,150906,2.063,over_band,nullify;warded,absorb;poison_resistance;suppress,"{""absorb"":10.0,""poison_resistance"":0.54,""suppress"":0.49}",400,9280,8880,0
14,13,221074,elite_orbit,4,chrono_tyrant,Chrono Tyrant,Arcane Enemy,47862,11603,4.125,7.75,36.0,36.0,469.5957,2429.0,87444,1.827,over_band,devious;arcane,slow;interrupt_skip_count;cleanse_threshold;stun_duration_ms,"{""cleanse_threshold"":4.0,""interrupt_skip_count"":2.0,""slow"":0.47,""stun_duration_ms"":640.0}",400,6205,5805,0
14,13,221075,split_spill_rejoin,4,apex_bulwark,Apex Bulwark,Braced Guard,38899,9430,4.125,7.75,51.0,51.0,390.944,2309.5294,117786,3.028,over_band,aegis;fortified,block;armor;crit_negation,"{""armor"":120.0,""block"":12.0,""crit_negation"":0.58}",400,5033,4633,0
14,13,221076,split_spill_rejoin,4,void_regent,Void Regent,Dimming Threat,77307,18741,4.125,7.75,56.0,56.0,466.0166,2727.8393,152759,1.976,over_band,nullify;warded,absorb;poison_resistance;suppress,"{""absorb"":11.0,""poison_resistance"":0.47,""suppress"":0.44}",400,9794,9394,0
14,13,221077,braided_sideboard,4,apex_bulwark,Apex Bulwark,Braced Sentinel,35566,8622,4.125,7.75,38.0,38.0,490.1563,2895.8158,110041,3.094,over_band,aegis;fortified,block;armor;crit_negation,"{""armor"":120.0,""block"":9.0,""crit_negation"":0.79}",400,4625,4225,1
14,13,221078,elite_orbit,4,plague_court,Plague Court,Bitter Enemy,38292,9283,4.125,7.75,38.0,38.0,447.9309,2280.3947,86655,2.263,over_band,spiteful;hexed,cleanse_threshold;suppress;poison_resistance;slow,"{""cleanse_threshold"":3.0,""poison_resistance"":0.32,""slow"":0.3,""suppress"":0.91}",400,5008,4608,1
14,13,221079,split_spill_rejoin,4,plague_court,Plague Court,Spiteful Threat,57750,14000,4.125,7.75,49.0,49.0,485.6756,2472.6327,121159,2.098,over_band,spiteful;hexed,cleanse_threshold;suppress;poison_resistance;slow,"{""cleanse_threshold"":3.0,""poison_resistance"":0.28,""slow"":0.2,""suppress"":0.86}",400,7425,7025,1
14,13,221080,five_way_market,3,void_regent,Void Regent,Dimming Monster,40293,9768,4.125,7.75,32.0,32.0,431.7391,2527.125,80868,2.007,over_band,nullify;warded,absorb;poison_resistance;suppress,"{""absorb"":16.0,""poison_resistance"":0.46,""suppress"":0.37}",400,5179,4779,0
15,14,231001,woven_boss_approach,3,plague_court,Plague Court,Hexed Bloom,62190,13820,4.5,8.5,53.0,53.0,474.1103,2633.0943,139554,2.244,over_band,spiteful;hexed,cleanse_threshold;suppress;poison_resistance;slow,"{""cleanse_threshold"":4.0,""poison_resistance"":0.35,""slow"":0.31,""suppress"":0.81}",400,7984,7584,1
15,14,231002,five_way_market,3,plague_court,Plague Court,Spiteful Monster,60957,13546,4.5,8.5,51.0,51.0,447.2027,2483.7059,126669,2.078,over_band,spiteful;hexed,cleanse_threshold;suppress;poison_resistance;slow,"{""cleanse_threshold"":3.0,""poison_resistance"":0.35,""slow"":0.17,""suppress"":0.77}",400,7820,7420,1
15,14,231003,split_spill_rejoin,4,void_regent,Void Regent,Hollow Acolyte,58419,12982,4.5,8.5,38.0,38.0,519.0587,3314.5,125951,2.156,over_band,nullify;warded,absorb;poison_resistance;suppress,"{""absorb"":16.0,""poison_resistance"":0.56,""suppress"":0.44}",400,7454,7054,0
15,14,231004,five_way_market,3,apex_bulwark,Apex Bulwark,Bulwark Threat,50562,11236,4.5,8.5,52.0,52.0,462.5666,2981.2115,155023,3.066,over_band,aegis;fortified,block;armor;crit_negation,"{""armor"":120.0,""block"":13.0,""crit_negation"":0.61}",400,6497,6097,0
15,14,231005,braided_sideboard,4,void_regent,Void Regent,Hollow Monster,59558,13235,4.5,8.5,34.0,34.0,525.3287,3354.5294,114054,1.915,over_band,nullify;warded,absorb;poison_resistance;suppress,"{""absorb"":8.0,""poison_resistance"":0.47,""suppress"":0.43}",400,7567,7167,0
15,14,231006,woven_boss_approach,3,void_regent,Void Regent,Warded Acolyte,83925,18650,4.5,8.5,50.0,50.0,531.7604,3395.6,169780,2.023,over_band,nullify;warded,absorb;poison_resistance;suppress,"{""absorb"":13.0,""poison_resistance"":0.46,""suppress"":0.47}",400,10632,10232,0
15,14,231007,woven_boss_approach,3,void_regent,Void Regent,Hollow Keeper,76694,17043,4.5,8.5,46.0,46.0,485.9151,3102.7826,142728,1.861,over_band,nullify;warded,absorb;poison_resistance;suppress,"{""absorb"":8.0,""poison_resistance"":0.43,""suppress"":0.41}",400,9705,9305,0
15,14,231008,woven_boss_approach,3,chrono_tyrant,Chrono Tyrant,Arcane Threat,80546,17899,4.5,8.5,56.0,56.0,532.8414,3006.8036,168381,2.0905,over_band,devious;arcane,slow;cleanse_threshold;interrupt_skip_count;stun_duration_ms,"{""cleanse_threshold"":4.0,""interrupt_skip_count"":3.0,""slow"":0.62,""stun_duration_ms"":861.0}",400,10336,9936,3
15,14,231009,five_way_market,3,plague_court,Plague Court,Bitter Hexbearer,43448,9655,4.5,8.5,35.0,35.0,418.8701,2326.3429,81422,1.874,over_band,spiteful;hexed,cleanse_threshold;suppress;poison_resistance;slow,"{""cleanse_threshold"":4.0,""poison_resistance"":0.22,""slow"":0.16,""suppress"":0.66}",400,5608,5208,0
15,14,231010,woven_boss_approach,3,apex_bulwark,Apex Bulwark,Braced Sentinel,41594,9243,4.5,8.5,44.0,44.0,452.0686,2913.4773,128193,3.082,over_band,aegis;fortified,block;armor;crit_negation,"{""armor"":120.0,""block"":15.0,""crit_negation"":0.57}",400,5379,4979,0
15,14,231011,woven_boss_approach,3,chrono_tyrant,Chrono Tyrant,Devious Monster,55728,12384,4.5,8.5,37.0,37.0,503.3997,2840.6216,105103,1.886,over_band,devious;arcane,interrupt_skip_count;slow;cleanse_threshold;stun_duration_ms,"{""cleanse_threshold"":3.0,""interrupt_skip_count"":3.0,""slow"":0.44,""stun_duration_ms"":800.0}",400,7220,6820,1
15,14,231012,hourglass_detour,4,plague_court,Plague Court,Bitter Monster,43677,9706,4.5,8.5,31.0,31.0,522.8166,2903.8065,90018,2.061,over_band,spiteful;hexed,cleanse_threshold;poison_resistance;suppress;slow,"{""cleanse_threshold"":3.0,""poison_resistance"":0.31,""slow"":0.25,""suppress"":0.7}",400,5661,5261,1
15,14,231013,five_way_market,3,apex_bulwark,Apex Bulwark,Bulwark Gatekeeper,30263,6725,4.5,8.5,35.0,35.0,414.3024,2670.0571,93452,3.088,over_band,aegis;fortified,block;armor;crit_negation,"{""armor"":120.0,""block"":9.0,""crit_negation"":0.78}",400,3961,3561,1
15,14,231014,split_spill_rejoin,4,void_regent,Void Regent,Nullifying Vessel,45891,10198,4.5,8.5,30.0,30.0,473.1227,3021.1667,90635,1.975,over_band,nullify;warded,absorb;poison_resistance;suppress,"{""absorb"":9.0,""poison_resistance"":0.47,""suppress"":0.49}",400,5865,5465,0
15,14,231015,split_spill_rejoin,4,void_regent,Void Regent,Dimming Vessel,59225,13161,4.5,8.5,46.0,46.0,414.962,2649.6739,121885,2.058,over_band,nullify;warded,absorb;poison_resistance;suppress,"{""absorb"":14.0,""poison_resistance"":0.47,""suppress"":0.48}",400,7547,7147,0
15,14,231016,five_way_market,3,apex_bulwark,Apex Bulwark,Bulwark Enemy,30533,6785,4.5,8.5,35.0,35.0,418.8214,2699.1143,94469,3.094,over_band,aegis;fortified,block;armor;crit_negation,"{""armor"":120.0,""block"":12.0,""crit_negation"":0.69}",400,3997,3597,1
15,14,231017,woven_boss_approach,3,plague_court,Plague Court,Spiteful Bloom,43389,9642,4.5,8.5,37.0,37.0,468.9577,2604.5135,96367,2.221,over_band,spiteful;hexed,cleanse_threshold;suppress;poison_resistance;slow,"{""cleanse_threshold"":3.0,""poison_resistance"":0.36,""slow"":0.31,""suppress"":0.78}",400,5638,5238,1
15,14,231018,woven_boss_approach,3,plague_court,Plague Court,Spiteful Enemy,52875,11750,4.5,8.5,37.0,37.0,515.8828,2865.2432,106014,2.005,over_band,spiteful;hexed,cleanse_threshold;suppress;poison_resistance;slow,"{""cleanse_threshold"":3.0,""poison_resistance"":0.27,""slow"":0.17,""suppress"":0.78}",400,6806,6406,1
15,14,231019,braided_sideboard,4,chrono_tyrant,Chrono Tyrant,Arcane Enemy,68427,15206,4.5,8.5,50.0,50.0,484.6634,2735.02,136751,1.9985,over_band,devious;arcane,cleanse_threshold;slow;stun_duration_ms;interrupt_skip_count,"{""cleanse_threshold"":3.0,""interrupt_skip_count"":3.0,""slow"":0.44,""stun_duration_ms"":1025.0}",400,8821,8421,2
15,14,231020,woven_boss_approach,3,chrono_tyrant,Chrono Tyrant,Arcane Monster,52704,11712,4.5,8.5,34.0,34.0,505.5818,2853.0,97002,1.8405,over_band,devious;arcane,slow;interrupt_skip_count;cleanse_threshold;stun_duration_ms,"{""cleanse_threshold"":3.0,""interrupt_skip_count"":3.0,""slow"":0.4,""stun_duration_ms"":781.0}",400,6837,6437,1
15,14,231021,woven_boss_approach,3,apex_bulwark,Apex Bulwark,Fortified Gatekeeper,43088,9575,4.5,8.5,49.0,49.0,438.5015,2826.2245,138485,3.214,over_band,aegis;fortified,block;armor;crit_negation,"{""armor"":120.0,""block"":15.0,""crit_negation"":0.79}",400,5583,5183,1
15,14,231022,elite_orbit,4,void_regent,Void Regent,Hollow Threat,58055,12901,4.5,8.5,38.0,38.0,515.3678,3290.7895,125050,2.154,over_band,nullify;warded,absorb;poison_resistance;suppress,"{""absorb"":13.0,""poison_resistance"":0.57,""suppress"":0.5}",400,7406,7006,0
15,14,231023,braided_sideboard,4,plague_court,Plague Court,Spiteful Enemy,40046,8899,4.5,8.5,36.0,36.0,417.4011,2318.2222,83456,2.084,over_band,spiteful;hexed,cleanse_threshold;suppress;poison_resistance;slow,"{""cleanse_threshold"":4.0,""poison_resistance"":0.25,""slow"":0.22,""suppress"":0.84}",400,5206,4806,1
15,14,231024,braided_sideboard,4,apex_bulwark,Apex Bulwark,Bulwark Enemy,33489,7442,4.5,8.5,36.0,36.0,441.9564,2848.4167,102543,3.062,over_band,aegis;fortified,block;armor;crit_negation,"{""armor"":120.0,""block"":11.0,""crit_negation"":0.67}",400,4362,3962,1
15,14,231025,braided_sideboard,4,plague_court,Plague Court,Spiteful Bloom,46179,10262,4.5,8.5,36.0,36.0,468.6437,2602.6944,93697,2.029,over_band,spiteful;hexed,cleanse_threshold;suppress;poison_resistance;slow,"{""cleanse_threshold"":3.0,""poison_resistance"":0.26,""slow"":0.2,""suppress"":0.79}",400,5972,5572,1
15,14,231026,braided_sideboard,4,apex_bulwark,Apex Bulwark,Braced Threat,46026,10228,4.5,8.5,46.0,46.0,479.7043,3091.7391,142220,3.09,over_band,aegis;fortified,block;armor;crit_negation,"{""armor"":120.0,""block"":10.0,""crit_negation"":0.75}",400,5932,5532,1
15,14,231027,braided_sideboard,4,apex_bulwark,Apex Bulwark,Fortified Sentinel,49514,11003,4.5,8.5,48.0,48.0,493.2954,3179.2083,152602,3.082,over_band,aegis;fortified,block;armor;crit_negation,"{""armor"":120.0,""block"":15.0,""crit_negation"":0.57}",400,6369,5969,0
15,14,231028,woven_boss_approach,3,void_regent,Void Regent,Warded Enemy,70857,15746,4.5,8.5,48.0,48.0,477.8406,3051.2708,146461,2.067,over_band,nullify;warded,absorb;poison_resistance;suppress,"{""absorb"":15.0,""poison_resistance"":0.51,""suppress"":0.41}",400,9002,8602,0
15,14,231029,elite_orbit,4,chrono_tyrant,Chrono Tyrant,Arcane Threat,53123,11805,4.5,8.5,37.0,37.0,513.4576,2897.3514,107202,2.018,over_band,devious;arcane,stun_duration_ms;interrupt_skip_count;cleanse_threshold;slow,"{""cleanse_threshold"":3.0,""interrupt_skip_count"":3.0,""slow"":0.47,""stun_duration_ms"":1010.0}",400,6909,6509,2
15,14,231030,braided_sideboard,4,apex_bulwark,Apex Bulwark,Shielded Sentinel,27311,6069,4.5,8.5,31.0,31.0,431.4427,2780.4516,86194,3.156,over_band,aegis;fortified,block;armor;crit_negation,"{""armor"":120.0,""block"":16.0,""crit_negation"":0.66}",400,3603,3203,0
15,14,231031,split_spill_rejoin,4,plague_court,Plague Court,Hexed Bloom,43083,9574,4.5,8.5,32.0,32.0,514.1793,2855.5938,91379,2.121,over_band,spiteful;hexed,cleanse_threshold;poison_resistance;suppress;slow,"{""cleanse_threshold"":4.0,""poison_resistance"":0.23,""slow"":0.19,""suppress"":0.96}",400,5589,5189,1
15,14,231032,five_way_market,3,plague_court,Plague Court,Spiteful Hexbearer,62330,13851,4.5,8.5,48.0,48.0,512.2807,2845.1042,136565,2.191,over_band,spiteful;hexed,cleanse_threshold;suppress;slow;poison_resistance,"{""cleanse_threshold"":3.0,""poison_resistance"":0.31,""slow"":0.27,""suppress"":0.86}",400,8005,7605,1
15,14,231033,hourglass_detour,4,apex_bulwark,Apex Bulwark,Braced Threat,33971,7549,4.5,8.5,36.0,36.0,464.4492,2993.2222,107756,3.172,over_band,aegis;fortified,block;armor;crit_negation,"{""armor"":120.0,""block"":15.0,""crit_negation"":0.72}",400,4438,4038,1
15,14,231034,five_way_market,3,plague_court,Plague Court,Spiteful Seer,62910,13980,4.5,8.5,45.0,45.0,473.2155,2628.2444,118271,1.88,over_band,spiteful;hexed,cleanse_threshold;slow;poison_resistance;suppress,"{""cleanse_threshold"":3.0,""poison_resistance"":0.19,""slow"":0.19,""suppress"":0.69}",400,8051,7651,1
15,14,231035,split_spill_rejoin,4,chrono_tyrant,Chrono Tyrant,Devious Monster,71987,15997,4.5,8.5,53.0,53.0,475.2546,2681.8491,142138,1.9745,over_band,devious;arcane,stun_duration_ms;cleanse_threshold;slow;interrupt_skip_count,"{""cleanse_threshold"":3.0,""interrupt_skip_count"":3.0,""slow"":0.55,""stun_duration_ms"":779.0}",400,9261,8861,1
15,14,231036,five_way_market,3,chrono_tyrant,Chrono Tyrant,Arcane Enemy,82175,18261,4.5,8.5,56.0,56.0,523.0557,2951.6964,165295,2.0115,over_band,devious;arcane,stun_duration_ms;slow;cleanse_threshold;interrupt_skip_count,"{""cleanse_threshold"":4.0,""interrupt_skip_count"":3.0,""slow"":0.53,""stun_duration_ms"":865.0}",400,10532,10132,2
15,14,231037,split_spill_rejoin,4,void_regent,Void Regent,Nullifying Threat,40829,9073,4.5,8.5,31.0,31.0,434.7872,2776.3871,86068,2.108,over_band,nullify;warded,absorb;poison_resistance;suppress,"{""absorb"":15.0,""poison_resistance"":0.53,""suppress"":0.44}",400,5252,4852,0
15,14,231038,braided_sideboard,4,apex_bulwark,Apex Bulwark,Bulwark Threat,38943,8654,4.5,8.5,38.0,38.0,493.5627,3181.0263,120879,3.104,over_band,aegis;fortified,block;armor;crit_negation,"{""armor"":120.0,""block"":11.0,""crit_negation"":0.74}",400,5049,4649,1
15,14,231039,split_spill_rejoin,4,chrono_tyrant,Chrono Tyrant,Arcane Monster,68967,15326,4.5,8.5,48.0,48.0,534.0466,3013.7083,144658,2.0975,over_band,devious;arcane,interrupt_skip_count;cleanse_threshold;stun_duration_ms;slow,"{""cleanse_threshold"":3.0,""interrupt_skip_count"":3.0,""slow"":0.57,""stun_duration_ms"":989.0}",400,8897,8497,2
15,14,231040,braided_sideboard,4,chrono_tyrant,Chrono Tyrant,Devious Enemy,47336,10519,4.5,8.5,35.0,35.0,466.0315,2629.8571,92045,1.9445,over_band,devious;arcane,cleanse_threshold;interrupt_skip_count;stun_duration_ms;slow,"{""cleanse_threshold"":4.0,""interrupt_skip_count"":2.0,""slow"":0.57,""stun_duration_ms"":695.0}",400,6152,5752,0
15,14,231041,five_way_market,3,chrono_tyrant,Chrono Tyrant,Arcane Threat,39596,8799,4.5,8.5,32.0,32.0,467.5045,2638.0938,84419,2.132,over_band,devious;arcane,cleanse_threshold;slow;interrupt_skip_count;stun_duration_ms,"{""cleanse_threshold"":3.0,""interrupt_skip_count"":3.0,""slow"":0.62,""stun_duration_ms"":968.0}",400,5230,4830,3
15,14,231042,braided_sideboard,4,chrono_tyrant,Chrono Tyrant,Devious Enemy,48713,10825,4.5,8.5,32.0,32.0,525.493,2965.4063,94893,1.948,over_band,devious;arcane,interrupt_skip_count;cleanse_threshold;stun_duration_ms;slow,"{""cleanse_threshold"":3.0,""interrupt_skip_count"":3.0,""slow"":0.6,""stun_duration_ms"":636.0}",400,6347,5947,2
15,14,231043,elite_orbit,4,chrono_tyrant,Chrono Tyrant,Devious Monster,52380,11640,4.5,8.5,35.0,35.0,511.8672,2888.3714,101093,1.93,over_band,devious;arcane,cleanse_threshold;interrupt_skip_count;stun_duration_ms;slow,"{""cleanse_threshold"":4.0,""interrupt_skip_count"":3.0,""slow"":0.4,""stun_duration_ms"":936.0}",400,6800,6400,2
15,14,231044,split_spill_rejoin,4,void_regent,Void Regent,Nullifying Threat,51237,11386,4.5,8.5,32.0,32.0,482.1694,3079.0313,98529,1.923,over_band,nullify;warded,absorb;poison_resistance;suppress,"{""absorb"":12.0,""poison_resistance"":0.42,""suppress"":0.41}",400,6535,6135,0
15,14,231045,braided_sideboard,4,apex_bulwark,Apex Bulwark,Fortified Gatekeeper,33602,7467,4.5,8.5,32.0,32.0,500.8479,3227.9063,103293,3.074,over_band,aegis;fortified,block;armor;crit_negation,"{""armor"":120.0,""block"":11.0,""crit_negation"":0.69}",400,4377,3977,1
15,14,231046,split_spill_rejoin,4,void_regent,Void Regent,Hollow Monster,58815,13070,4.5,8.5,37.0,37.0,521.281,3328.6216,123159,2.094,over_band,nullify;warded,absorb;poison_resistance;suppress,"{""absorb"":13.0,""poison_resistance"":0.51,""suppress"":0.5}",400,7498,7098,0
15,14,231047,woven_boss_approach,3,plague_court,Plague Court,Bitter Hexbearer,59742,13276,4.5,8.5,50.0,50.0,447.92,2487.66,124383,2.082,over_band,spiteful;hexed,cleanse_threshold;poison_resistance;suppress;slow,"{""cleanse_threshold"":4.0,""poison_resistance"":0.23,""slow"":0.31,""suppress"":0.75}",400,7667,7267,1
15,14,231048,hourglass_detour,4,plague_court,Plague Court,Bitter Seer,45351,10078,4.5,8.5,38.0,38.0,462.1977,2567.1053,97550,2.151,over_band,spiteful;hexed,cleanse_threshold;suppress;poison_resistance;slow,"{""cleanse_threshold"":3.0,""poison_resistance"":0.32,""slow"":0.23,""suppress"":0.84}",400,5879,5479,1
15,14,231049,hourglass_detour,4,apex_bulwark,Apex Bulwark,Fortified Enemy,34286,7619,4.5,8.5,37.0,37.0,434.7668,2802.1892,103681,3.024,over_band,aegis;fortified,block;armor;crit_negation,"{""armor"":120.0,""block"":10.0,""crit_negation"":0.64}",400,4456,4056,0
15,14,231050,elite_orbit,4,chrono_tyrant,Chrono Tyrant,Devious Monster,45725,10161,4.5,8.5,34.0,34.0,482.2421,2721.3235,92525,2.0235,over_band,devious;arcane,interrupt_skip_count;cleanse_threshold;slow;stun_duration_ms,"{""cleanse_threshold"":3.0,""interrupt_skip_count"":2.0,""slow"":0.53,""stun_duration_ms"":949.0}",400,5969,5569,1
15,14,231051,five_way_market,3,chrono_tyrant,Chrono Tyrant,Devious Threat,52718,11715,4.5,8.5,36.0,36.0,536.5149,3027.6111,108994,2.0675,over_band,devious;arcane,cleanse_threshold;interrupt_skip_count;stun_duration_ms;slow,"{""cleanse_threshold"":3.0,""interrupt_skip_count"":3.0,""slow"":0.61,""stun_duration_ms"":857.0}",400,6862,6462,3
15,14,231052,woven_boss_approach,3,void_regent,Void Regent,Nullifying Vessel,74007,16446,4.5,8.5,48.0,48.0,473.0065,3020.4167,144980,1.959,over_band,nullify;warded,absorb;poison_resistance;suppress,"{""absorb"":13.0,""poison_resistance"":0.41,""suppress"":0.45}",400,9387,8987,0
15,14,231053,braided_sideboard,4,chrono_tyrant,Chrono Tyrant,Arcane Threat,49716,11048,4.5,8.5,38.0,38.0,428.3333,2417.1053,91850,1.8475,over_band,devious;arcane,interrupt_skip_count;slow;stun_duration_ms;cleanse_threshold,"{""cleanse_threshold"":3.0,""interrupt_skip_count"":2.0,""slow"":0.5,""stun_duration_ms"":651.0}",400,6447,6047,0
15,14,231054,five_way_market,3,void_regent,Void Regent,Dimming Monster,91044,20232,4.5,8.5,56.0,56.0,527.5321,3368.625,188643,2.072,over_band,nullify;warded,absorb;poison_resistance;suppress,"{""absorb"":15.0,""poison_resistance"":0.55,""suppress"":0.36}",400,11524,11124,0
15,14,231055,five_way_market,3,void_regent,Void Regent,Warded Monster,48578,10795,4.5,8.5,36.0,36.0,419.4839,2678.5278,96427,1.985,over_band,nullify;warded,absorb;poison_resistance;suppress,"{""absorb"":11.0,""poison_resistance"":0.5,""suppress"":0.41}",400,6203,5803,0
15,14,231056,five_way_market,3,apex_bulwark,Apex Bulwark,Shielded Enemy,46859,10413,4.5,8.5,52.0,52.0,430.637,2775.5,144326,3.08,over_band,aegis;fortified,block;armor;crit_negation,"{""armor"":120.0,""block"":11.0,""crit_negation"":0.7}",400,6035,5635,1
15,14,231057,hourglass_detour,4,apex_bulwark,Apex Bulwark,Bulwark Monster,55755,12390,4.5,8.5,52.0,52.0,528.7283,3407.4808,177189,3.178,over_band,aegis;fortified,block;armor;crit_negation,"{""armor"":120.0,""block"":15.0,""crit_negation"":0.73}",400,7161,6761,1
15,14,231058,split_spill_rejoin,4,apex_bulwark,Apex Bulwark,Shielded Threat,59018,13115,4.5,8.5,58.0,58.0,475.2302,3062.8276,177644,3.01,over_band,aegis;fortified,block;armor;crit_negation,"{""armor"":120.0,""block"":9.0,""crit_negation"":0.65}",400,7545,7145,0
15,14,231059,woven_boss_approach,3,plague_court,Plague Court,Withering Monster,49046,10899,4.5,8.5,37.0,37.0,515.5155,2863.2162,105939,2.16,over_band,spiteful;hexed,cleanse_threshold;suppress;slow;poison_resistance,"{""cleanse_threshold"":3.0,""poison_resistance"":0.35,""slow"":0.23,""suppress"":0.81}",400,6340,5940,1
15,14,231060,hourglass_detour,4,void_regent,Void Regent,Hollow Vessel,75362,16747,4.5,8.5,49.0,49.0,475.4517,3036.0204,148765,1.974,over_band,nullify;warded,absorb;poison_resistance;suppress,"{""absorb"":13.0,""poison_resistance"":0.46,""suppress"":0.4}",400,9555,9155,0
15,14,231061,hourglass_detour,4,void_regent,Void Regent,Dimming Acolyte,59076,13128,4.5,8.5,35.0,35.0,533.4068,3406.1429,119215,2.018,over_band,nullify;warded,absorb;poison_resistance;suppress,"{""absorb"":10.0,""poison_resistance"":0.6,""suppress"":0.34}",400,7513,7113,0
15,14,231062,braided_sideboard,4,chrono_tyrant,Chrono Tyrant,Arcane Enemy,70038,15564,4.5,8.5,55.0,55.0,424.0283,2392.7455,131601,1.879,over_band,devious;arcane,slow;stun_duration_ms;cleanse_threshold;interrupt_skip_count,"{""cleanse_threshold"":3.0,""interrupt_skip_count"":2.0,""slow"":0.5,""stun_duration_ms"":714.0}",400,8991,8591,0
15,14,231063,split_spill_rejoin,4,apex_bulwark,Apex Bulwark,Bulwark Gatekeeper,33606,7468,4.5,8.5,32.0,32.0,499.5904,3219.875,103036,3.066,over_band,aegis;fortified,block;armor;crit_negation,"{""armor"":120.0,""block"":10.0,""crit_negation"":0.71}",400,4377,3977,1
15,14,231064,elite_orbit,4,chrono_tyrant,Chrono Tyrant,Devious Threat,43254,9612,4.5,8.5,32.0,32.0,502.5348,2835.8438,90747,2.098,over_band,devious;arcane,stun_duration_ms;slow;cleanse_threshold;interrupt_skip_count,"{""cleanse_threshold"":3.0,""interrupt_skip_count"":2.0,""slow"":0.6,""stun_duration_ms"":972.0}",400,5667,5267,2
15,14,231065,split_spill_rejoin,4,apex_bulwark,Apex Bulwark,Bulwark Threat,63662,14147,4.5,8.5,56.0,56.0,538.6785,3471.8571,194424,3.054,over_band,aegis;fortified,block;armor;crit_negation,"{""armor"":120.0,""block"":10.0,""crit_negation"":0.69}",400,8132,7732,1
15,14,231066,woven_boss_approach,3,void_regent,Void Regent,Hollow Enemy,42453,9434,4.5,8.5,31.0,31.0,431.4967,2755.3226,85415,2.012,over_band,nullify;warded,absorb;poison_resistance;suppress,"{""absorb"":12.0,""poison_resistance"":0.46,""suppress"":0.48}",400,5444,5044,0
15,14,231067,hourglass_detour,4,plague_court,Plague Court,Hexed Bloom,50567,11237,4.5,8.5,38.0,38.0,520.8643,2892.9737,109933,2.174,over_band,spiteful;hexed,cleanse_threshold;poison_resistance;suppress;slow,"{""cleanse_threshold"":4.0,""poison_resistance"":0.23,""slow"":0.28,""suppress"":0.92}",400,6530,6130,1
15,14,231068,split_spill_rejoin,4,plague_court,Plague Court,Bitter Enemy,55679,12373,4.5,8.5,48.0,48.0,457.5919,2541.5208,121993,2.191,over_band,spiteful;hexed,cleanse_threshold;slow;suppress;poison_resistance,"{""cleanse_threshold"":3.0,""poison_resistance"":0.28,""slow"":0.28,""suppress"":0.89}",400,7175,6775,1
15,14,231069,elite_orbit,4,void_regent,Void Regent,Hollow Threat,75303,16734,4.5,8.5,49.0,49.0,444.2687,2836.9184,139009,1.846,over_band,nullify;warded,absorb;poison_resistance;suppress,"{""absorb"":11.0,""poison_resistance"":0.41,""suppress"":0.34}",400,9534,9134,0
15,14,231070,woven_boss_approach,3,plague_court,Plague Court,Withering Seer,44055,9790,4.5,8.5,31.0,31.0,540.4278,3001.4194,93044,2.112,over_band,spiteful;hexed,cleanse_threshold;suppress;poison_resistance;slow,"{""cleanse_threshold"":4.0,""poison_resistance"":0.2,""slow"":0.26,""suppress"":0.9}",400,5711,5311,1
15,14,231071,elite_orbit,4,void_regent,Void Regent,Dimming Keeper,56264,12503,4.5,8.5,34.0,34.0,487.1937,3111.0588,105776,1.88,over_band,nullify;warded,absorb;poison_resistance;suppress,"{""absorb"":12.0,""poison_resistance"":0.44,""suppress"":0.32}",400,7157,6757,0
15,14,231072,woven_boss_approach,3,apex_bulwark,Apex Bulwark,Bulwark Guard,33642,7476,4.5,8.5,36.0,36.0,456.772,2943.6667,105972,3.15,over_band,aegis;fortified,block;armor;crit_negation,"{""armor"":120.0,""block"":16.0,""crit_negation"":0.65}",400,4393,3993,0
15,14,231073,woven_boss_approach,3,apex_bulwark,Apex Bulwark,Braced Monster,34070,7571,4.5,8.5,32.0,32.0,492.627,3174.9063,101597,2.982,over_band,aegis;fortified,block;armor;crit_negation,"{""armor"":120.0,""block"":10.0,""crit_negation"":0.57}",400,4424,4024,0
15,14,231074,five_way_market,3,chrono_tyrant,Chrono Tyrant,Arcane Threat,62447,13877,4.5,8.5,45.0,45.0,506.6999,2859.3778,128672,2.0605,over_band,devious;arcane,stun_duration_ms;cleanse_threshold;interrupt_skip_count;slow,"{""cleanse_threshold"":3.0,""interrupt_skip_count"":3.0,""slow"":0.63,""stun_duration_ms"":807.0}",400,8077,7677,2
15,14,231075,split_spill_rejoin,4,apex_bulwark,Apex Bulwark,Shielded Gatekeeper,51192,11376,4.5,8.5,48.0,48.0,506.3616,3263.5,156648,3.06,over_band,aegis;fortified,block;armor;crit_negation,"{""armor"":120.0,""block"":10.0,""crit_negation"":0.7}",400,6574,6174,1
15,14,231076,braided_sideboard,4,chrono_tyrant,Chrono Tyrant,Devious Monster,58239,12942,4.5,8.5,39.0,39.0,467.2089,2636.4359,102821,1.7655,over_band,devious;arcane,stun_duration_ms;cleanse_threshold;slow;interrupt_skip_count,"{""cleanse_threshold"":3.0,""interrupt_skip_count"":2.0,""slow"":0.43,""stun_duration_ms"":613.0}",400,7504,7104,0
15,14,231077,split_spill_rejoin,4,void_regent,Void Regent,Warded Enemy,57141,12698,4.5,8.5,37.0,37.0,481.5241,3074.8108,113768,1.991,over_band,nullify;warded,absorb;poison_resistance;suppress,"{""absorb"":15.0,""poison_resistance"":0.42,""suppress"":0.43}",400,7285,6885,0
15,14,231078,five_way_market,3,chrono_tyrant,Chrono Tyrant,Arcane Threat,65399,14533,4.5,8.5,48.0,48.0,492.0574,2776.7292,133283,2.038,over_band,devious;arcane,cleanse_threshold;slow;stun_duration_ms;interrupt_skip_count,"{""cleanse_threshold"":4.0,""interrupt_skip_count"":3.0,""slow"":0.58,""stun_duration_ms"":828.0}",400,8437,8037,3
15,14,231079,elite_orbit,4,apex_bulwark,Apex Bulwark,Fortified Guard,31442,6987,4.5,8.5,31.0,31.0,494.4618,3186.8065,98791,3.142,over_band,aegis;fortified,block;armor;crit_negation,"{""armor"":120.0,""block"":12.0,""crit_negation"":0.77}",400,4117,3717,1
15,14,231080,five_way_market,3,chrono_tyrant,Chrono Tyrant,Arcane Enemy,47664,10592,4.5,8.5,35.0,35.0,423.429,2389.3143,83626,1.7545,over_band,devious;arcane,interrupt_skip_count;slow;cleanse_threshold;stun_duration_ms,"{""cleanse_threshold"":3.0,""interrupt_skip_count"":3.0,""slow"":0.36,""stun_duration_ms"":681.0}",400,6197,5797,1
16,15,241001,hourglass_detour,4,void_regent,Void Regent,Dimming Enemy,55681,11026,5.05,9.7,31.0,31.0,506.0894,3626.4516,112420,2.019,over_band,nullify;warded,absorb;poison_resistance;suppress,"{""absorb"":15.0,""poison_resistance"":0.42,""suppress"":0.47}",400,7105,6705,0
16,15,241002,elite_orbit,4,apex_bulwark,Apex Bulwark,Braced Gatekeeper,43834,8680,5.05,9.7,34.0,34.0,536.8832,3883.1765,132028,3.012,over_band,aegis;fortified,block;armor;crit_negation,"{""armor"":120.0,""block"":10.0,""crit_negation"":0.62}",400,5648,5248,0
16,15,241003,hourglass_detour,4,chrono_tyrant,Chrono Tyrant,Devious Threat,79911,15824,5.05,9.7,38.0,38.0,586.447,3713.7632,141123,1.766,over_band,devious;arcane,interrupt_skip_count;stun_duration_ms;cleanse_threshold;slow,"{""cleanse_threshold"":4.0,""interrupt_skip_count"":3.0,""slow"":0.37,""stun_duration_ms"":662.0}",400,10222,9822,1
16,15,241004,hourglass_detour,4,plague_court,Plague Court,Spiteful Enemy,59105,11704,5.05,9.7,32.0,32.0,596.8491,3719.9063,119037,2.014,over_band,spiteful;hexed,cleanse_threshold;suppress;poison_resistance;slow,"{""cleanse_threshold"":4.0,""poison_resistance"":0.27,""slow"":0.26,""suppress"":0.66}",400,7577,7177,0
16,15,241005,braided_sideboard,4,void_regent,Void Regent,Nullifying Vessel,74296,14712,5.05,9.7,36.0,36.0,579.455,4152.3333,149484,2.012,over_band,nullify;warded,absorb;poison_resistance;suppress,"{""absorb"":13.0,""poison_resistance"":0.54,""suppress"":0.34}",400,9422,9022,0
16,15,241006,woven_boss_approach,3,apex_bulwark,Apex Bulwark,Shielded Monster,54974,10886,5.05,9.7,49.0,49.0,474.9896,3435.3061,168330,3.062,over_band,aegis;fortified,block;armor;crit_negation,"{""armor"":120.0,""block"":14.0,""crit_negation"":0.57}",400,7049,6649,0
16,15,241007,split_spill_rejoin,4,plague_court,Plague Court,Withering Enemy,96516,19112,5.05,9.7,55.0,55.0,618.0038,3851.8727,211853,2.195,over_band,spiteful;hexed,cleanse_threshold;suppress;poison_resistance;slow,"{""cleanse_threshold"":4.0,""poison_resistance"":0.38,""slow"":0.23,""suppress"":0.8}",400,12269,11869,1
16,15,241008,five_way_market,3,apex_bulwark,Apex Bulwark,Fortified Sentinel,66907,13249,5.05,9.7,59.0,59.0,493.5973,3569.8814,210623,3.148,over_band,aegis;fortified,block;armor;crit_negation,"{""armor"":120.0,""block"":15.0,""crit_negation"":0.68}",400,8551,8151,1
16,15,241009,woven_boss_approach,3,plague_court,Plague Court,Spiteful Bloom,82143,16266,5.05,9.7,51.0,51.0,608.0656,3789.8431,193282,2.353,over_band,spiteful;hexed,cleanse_threshold;poison_resistance;suppress;slow,"{""cleanse_threshold"":4.0,""poison_resistance"":0.37,""slow"":0.3,""suppress"":0.95}",400,10489,10089,1
16,15,241010,split_spill_rejoin,4,void_regent,Void Regent,Warded Vessel,107984,21383,5.05,9.7,55.0,55.0,510.1465,3655.7455,201066,1.862,over_band,nullify;warded,absorb;poison_resistance;suppress,"{""absorb"":10.0,""poison_resistance"":0.43,""suppress"":0.36}",400,13618,13218,0
16,15,241011,elite_orbit,4,apex_bulwark,Apex Bulwark,Shielded Sentinel,61130,12105,5.05,9.7,48.0,48.0,543.0312,3927.6042,188525,3.084,over_band,aegis;fortified,block;armor;crit_negation,"{""armor"":120.0,""block"":13.0,""crit_negation"":0.64}",400,7820,7420,0
16,15,241012,hourglass_detour,4,void_regent,Void Regent,Warded Enemy,49394,9781,5.05,9.7,30.0,30.0,478.8444,3431.2333,102937,2.084,over_band,nullify;warded,absorb;poison_resistance;suppress,"{""absorb"":14.0,""poison_resistance"":0.51,""suppress"":0.46}",400,6320,5920,0
16,15,241013,split_spill_rejoin,4,plague_court,Plague Court,Bitter Seer,86118,17053,5.05,9.7,52.0,52.0,570.2022,3554.0192,184809,2.146,over_band,spiteful;hexed,cleanse_threshold;suppress;poison_resistance;slow,"{""cleanse_threshold"":3.0,""poison_resistance"":0.27,""slow"":0.28,""suppress"":0.84}",400,10977,10577,1
16,15,241014,five_way_market,3,apex_bulwark,Apex Bulwark,Fortified Guard,40920,8103,5.05,9.7,35.0,35.0,503.3616,3640.7143,127425,3.114,over_band,aegis;fortified,block;armor;crit_negation,"{""armor"":120.0,""block"":10.0,""crit_negation"":0.79}",400,5297,4897,1
16,15,241015,split_spill_rejoin,4,chrono_tyrant,Chrono Tyrant,Arcane Monster,65610,12992,5.05,9.7,38.0,38.0,537.096,3401.3684,129252,1.97,over_band,devious;arcane,interrupt_skip_count;stun_duration_ms;cleanse_threshold;slow,"{""cleanse_threshold"":3.0,""interrupt_skip_count"":2.0,""slow"":0.57,""stun_duration_ms"":770.0}",400,8446,8046,0
16,15,241016,hourglass_detour,4,apex_bulwark,Apex Bulwark,Braced Guard,39163,7755,5.05,9.7,31.0,31.0,542.1614,3921.3548,121562,3.104,over_band,aegis;fortified,block;armor;crit_negation,"{""armor"":120.0,""block"":14.0,""crit_negation"":0.64}",400,5077,4677,0
16,15,241017,elite_orbit,4,apex_bulwark,Apex Bulwark,Braced Monster,67089,13285,5.05,9.7,56.0,56.0,521.1233,3768.9643,211062,3.146,over_band,aegis;fortified,block;armor;crit_negation,"{""armor"":120.0,""block"":14.0,""crit_negation"":0.71}",400,8574,8174,1
16,15,241018,split_spill_rejoin,4,chrono_tyrant,Chrono Tyrant,Devious Monster,58025,11490,5.05,9.7,35.0,35.0,485.228,3072.8286,107549,1.8535,over_band,devious;arcane,stun_duration_ms;cleanse_threshold;slow;interrupt_skip_count,"{""cleanse_threshold"":4.0,""interrupt_skip_count"":2.0,""slow"":0.41,""stun_duration_ms"":801.0}",400,7480,7080,0
16,15,241019,braided_sideboard,4,void_regent,Void Regent,Hollow Acolyte,92935,18403,5.05,9.7,53.0,53.0,503.0917,3605.1698,191074,2.056,over_band,nullify;warded,absorb;poison_resistance;suppress,"{""absorb"":10.0,""poison_resistance"":0.54,""suppress"":0.48}",400,11752,11352,0
16,15,241020,elite_orbit,4,apex_bulwark,Apex Bulwark,Braced Threat,52045,10306,5.05,9.7,45.0,45.0,480.7041,3476.6,156447,3.006,over_band,aegis;fortified,block;armor;crit_negation,"{""armor"":120.0,""block"":10.0,""crit_negation"":0.61}",400,6674,6274,0
16,15,241021,braided_sideboard,4,plague_court,Plague Court,Spiteful Threat,76396,15128,5.05,9.7,49.0,49.0,522.3294,3255.4082,159515,2.088,over_band,spiteful;hexed,cleanse_threshold;suppress;poison_resistance;slow,"{""cleanse_threshold"":3.0,""poison_resistance"":0.29,""slow"":0.17,""suppress"":0.87}",400,9755,9355,1
16,15,241022,five_way_market,3,plague_court,Plague Court,Bitter Hexbearer,79462,15735,5.05,9.7,49.0,49.0,491.2471,3061.7143,150024,1.888,over_band,spiteful;hexed,cleanse_threshold;poison_resistance;slow;suppress,"{""cleanse_threshold"":3.0,""poison_resistance"":0.26,""slow"":0.16,""suppress"":0.64}",400,10117,9717,0
16,15,241023,split_spill_rejoin,4,chrono_tyrant,Chrono Tyrant,Arcane Monster,74179,14689,5.05,9.7,37.0,37.0,601.988,3812.1892,141051,1.9015,over_band,devious;arcane,cleanse_threshold;stun_duration_ms;slow;interrupt_skip_count,"{""cleanse_threshold"":3.0,""interrupt_skip_count"":3.0,""slow"":0.39,""stun_duration_ms"":921.0}",400,9528,9128,2
16,15,241024,woven_boss_approach,3,chrono_tyrant,Chrono Tyrant,Arcane Monster,109287,21641,5.05,9.7,57.0,57.0,583.7317,3696.5789,210705,1.928,over_band,devious;arcane,cleanse_threshold;stun_duration_ms;interrupt_skip_count;slow,"{""cleanse_threshold"":4.0,""interrupt_skip_count"":2.0,""slow"":0.46,""stun_duration_ms"":860.0}",400,13896,13496,1
16,15,241025,hourglass_detour,4,void_regent,Void Regent,Dimming Enemy,75735,14997,5.05,9.7,35.0,35.0,588.8307,4219.5143,147683,1.95,over_band,nullify;warded,absorb;poison_resistance;suppress,"{""absorb"":13.0,""poison_resistance"":0.45,""suppress"":0.38}",400,9600,9200,0
16,15,241026,elite_orbit,4,apex_bulwark,Apex Bulwark,Fortified Guard,65286,12928,5.05,9.7,53.0,53.0,523.5275,3786.5849,200689,3.074,over_band,aegis;fortified,block;armor;crit_negation,"{""armor"":120.0,""block"":8.0,""crit_negation"":0.79}",400,8337,7937,1
16,15,241027,hourglass_detour,4,void_regent,Void Regent,Warded Vessel,118094,23385,5.05,9.7,51.0,51.0,591.6494,4239.8039,216230,1.831,over_band,nullify;warded,absorb;poison_resistance;suppress,"{""absorb"":9.0,""poison_resistance"":0.41,""suppress"":0.37}",400,14879,14479,0
16,15,241028,five_way_market,3,chrono_tyrant,Chrono Tyrant,Devious Threat,62994,12474,5.05,9.7,34.0,34.0,618.0687,3913.9706,133075,2.1125,over_band,devious;arcane,interrupt_skip_count;stun_duration_ms;slow;cleanse_threshold,"{""cleanse_threshold"":4.0,""interrupt_skip_count"":2.0,""slow"":0.63,""stun_duration_ms"":923.0}",400,8128,7728,2
16,15,241029,split_spill_rejoin,4,apex_bulwark,Apex Bulwark,Bulwark Monster,74306,14714,5.05,9.7,55.0,55.0,582.0718,4209.7636,231537,3.116,over_band,aegis;fortified,block;armor;crit_negation,"{""armor"":120.0,""block"":11.0,""crit_negation"":0.76}",400,9471,9071,1
16,15,241030,braided_sideboard,4,void_regent,Void Regent,Dimming Vessel,49758,9853,5.05,9.7,31.0,31.0,475.0546,3404.4194,105537,2.121,over_band,nullify;warded,absorb;poison_resistance;suppress,"{""absorb"":14.0,""poison_resistance"":0.54,""suppress"":0.47}",400,6368,5968,0
16,15,241031,braided_sideboard,4,plague_court,Plague Court,Spiteful Threat,56161,11121,5.05,9.7,32.0,32.0,601.4869,3748.75,119960,2.136,over_band,spiteful;hexed,cleanse_threshold;suppress;poison_resistance;slow,"{""cleanse_threshold"":4.0,""poison_resistance"":0.23,""slow"":0.23,""suppress"":0.93}",400,7226,6826,1
16,15,241032,hourglass_detour,4,apex_bulwark,Apex Bulwark,Fortified Gatekeeper,76038,15057,5.05,9.7,60.0,60.0,546.3229,3951.4333,237086,3.118,over_band,aegis;fortified,block;armor;crit_negation,"{""armor"":120.0,""block"":12.0,""crit_negation"":0.73}",400,9688,9288,1
16,15,241033,woven_boss_approach,3,plague_court,Plague Court,Spiteful Threat,85007,16833,5.05,9.7,51.0,51.0,538.0761,3353.6078,171034,2.012,over_band,spiteful;hexed,cleanse_threshold;suppress;poison_resistance;slow,"{""cleanse_threshold"":4.0,""poison_resistance"":0.27,""slow"":0.25,""suppress"":0.67}",400,10816,10416,0
16,15,241034,braided_sideboard,4,plague_court,Plague Court,Withering Threat,95869,18984,5.05,9.7,52.0,52.0,602.8366,3757.3269,195381,2.038,over_band,spiteful;hexed,cleanse_threshold;suppress;poison_resistance;slow,"{""cleanse_threshold"":4.0,""poison_resistance"":0.27,""slow"":0.17,""suppress"":0.81}",400,12177,11777,1
16,15,241035,split_spill_rejoin,4,void_regent,Void Regent,Nullifying Enemy,102752,20347,5.05,9.7,51.0,51.0,554.9919,3977.098,202832,1.974,over_band,nullify;warded,absorb;poison_resistance;suppress,"{""absorb"":10.0,""poison_resistance"":0.5,""suppress"":0.42}",400,12973,12573,0
16,15,241036,braided_sideboard,4,chrono_tyrant,Chrono Tyrant,Arcane Threat,64206,12714,5.05,9.7,38.0,38.0,566.7179,3588.7895,136374,2.124,over_band,devious;arcane,cleanse_threshold;stun_duration_ms;slow;interrupt_skip_count,"{""cleanse_threshold"":3.0,""interrupt_skip_count"":3.0,""slow"":0.62,""stun_duration_ms"":952.0}",400,8305,7905,3
16,15,241037,woven_boss_approach,3,apex_bulwark,Apex Bulwark,Shielded Enemy,54616,10815,5.05,9.7,45.0,45.0,496.047,3587.6667,161445,2.956,over_band,aegis;fortified,block;armor;crit_negation,"{""armor"":120.0,""block"":9.0,""crit_negation"":0.56}",400,6988,6588,0
16,15,241038,split_spill_rejoin,4,void_regent,Void Regent,Dimming Enemy,69124,13688,5.05,9.7,38.0,38.0,527.5055,3780.0,143640,2.078,over_band,nullify;warded,absorb;poison_resistance;suppress,"{""absorb"":9.0,""poison_resistance"":0.58,""suppress"":0.48}",400,8775,8375,0
16,15,241039,hourglass_detour,4,apex_bulwark,Apex Bulwark,Braced Gatekeeper,61969,12271,5.05,9.7,48.0,48.0,551.9391,3991.8333,191608,3.092,over_band,aegis;fortified,block;armor;crit_negation,"{""armor"":120.0,""block"":11.0,""crit_negation"":0.72}",400,7926,7526,1
16,15,241040,braided_sideboard,4,void_regent,Void Regent,Dimming Enemy,56010,11091,5.05,9.7,31.0,31.0,488.612,3501.5161,108547,1.938,over_band,nullify;warded,absorb;poison_resistance;suppress,"{""absorb"":10.0,""poison_resistance"":0.45,""suppress"":0.44}",400,7128,6728,0
16,15,241041,five_way_market,3,void_regent,Void Regent,Dimming Enemy,68210,13507,5.05,9.7,35.0,35.0,534.937,3833.4,134169,1.967,over_band,nullify;warded,absorb;poison_resistance;suppress,"{""absorb"":15.0,""poison_resistance"":0.48,""suppress"":0.31}",400,8661,8261,0
16,15,241042,five_way_market,3,chrono_tyrant,Chrono Tyrant,Devious Enemy,65357,12942,5.05,9.7,39.0,39.0,537.4755,3403.5897,132740,2.031,over_band,devious;arcane,slow;interrupt_skip_count;stun_duration_ms;cleanse_threshold,"{""cleanse_threshold"":4.0,""interrupt_skip_count"":3.0,""slow"":0.53,""stun_duration_ms"":904.0}",400,8432,8032,2
16,15,241043,braided_sideboard,4,apex_bulwark,Apex Bulwark,Braced Guard,75947,15039,5.05,9.7,53.0,53.0,613.3885,4436.4528,235132,3.096,over_band,aegis;fortified,block;armor;crit_negation,"{""armor"":120.0,""block"":13.0,""crit_negation"":0.66}",400,9674,9274,0
16,15,241044,elite_orbit,4,apex_bulwark,Apex Bulwark,Braced Monster,41698,8257,5.05,9.7,35.0,35.0,520.4949,3764.7429,131766,3.16,over_band,aegis;fortified,block;armor;crit_negation,"{""armor"":120.0,""block"":15.0,""crit_negation"":0.7}",400,5402,5002,1
16,15,241045,split_spill_rejoin,4,void_regent,Void Regent,Nullifying Keeper,107575,21302,5.05,9.7,55.0,55.0,548.0745,3927.4727,216011,2.008,over_band,nullify;warded,absorb;poison_resistance;suppress,"{""absorb"":11.0,""poison_resistance"":0.46,""suppress"":0.5}",400,13583,13183,0
16,15,241046,split_spill_rejoin,4,plague_court,Plague Court,Withering Monster,55580,11006,5.05,9.7,34.0,34.0,497.8116,3102.6765,105491,1.898,over_band,spiteful;hexed,cleanse_threshold;slow;poison_resistance;suppress,"{""cleanse_threshold"":3.0,""poison_resistance"":0.24,""slow"":0.17,""suppress"":0.67}",400,7134,6734,0
16,15,241047,woven_boss_approach,3,chrono_tyrant,Chrono Tyrant,Arcane Enemy,56575,11203,5.05,9.7,32.0,32.0,589.9317,3735.7188,119543,2.113,over_band,devious;arcane,cleanse_threshold;slow;stun_duration_ms;interrupt_skip_count,"{""cleanse_threshold"":4.0,""interrupt_skip_count"":2.0,""slow"":0.55,""stun_duration_ms"":1068.0}",400,7328,6928,1
16,15,241048,woven_boss_approach,3,apex_bulwark,Apex Bulwark,Shielded Sentinel,49116,9726,5.05,9.7,36.0,36.0,587.7735,4251.25,153045,3.116,over_band,aegis;fortified,block;armor;crit_negation,"{""armor"":120.0,""block"":11.0,""crit_negation"":0.76}",400,6323,5923,1
16,15,241049,braided_sideboard,4,chrono_tyrant,Chrono Tyrant,Arcane Enemy,102151,20228,5.05,9.7,52.0,52.0,586.1355,3711.8077,193014,1.8895,over_band,devious;arcane,cleanse_threshold;interrupt_skip_count;stun_duration_ms;slow,"{""cleanse_threshold"":3.0,""interrupt_skip_count"":3.0,""slow"":0.44,""stun_duration_ms"":807.0}",400,13023,12623,1
16,15,241050,five_way_market,3,chrono_tyrant,Chrono Tyrant,Arcane Monster,94874,18787,5.05,9.7,53.0,53.0,553.3316,3504.0755,185716,1.9575,over_band,devious;arcane,stun_duration_ms;cleanse_threshold;slow;interrupt_skip_count,"{""cleanse_threshold"":4.0,""interrupt_skip_count"":3.0,""slow"":0.45,""stun_duration_ms"":901.0}",400,12114,11714,2
16,15,241051,hourglass_detour,4,apex_bulwark,Apex Bulwark,Bulwark Threat,43637,8641,5.05,9.7,36.0,36.0,538.6322,3895.8056,140249,3.214,over_band,aegis;fortified,block;armor;crit_negation,"{""armor"":120.0,""block"":15.0,""crit_negation"":0.79}",400,5652,5252,1
16,15,241052,elite_orbit,4,plague_court,Plague Court,Bitter Hexbearer,66150,13099,5.05,9.7,48.0,48.0,476.041,2967.1042,142421,2.153,over_band,spiteful;hexed,cleanse_threshold;suppress;slow;poison_resistance,"{""cleanse_threshold"":4.0,""poison_resistance"":0.31,""slow"":0.23,""suppress"":0.84}",400,8473,8073,1
16,15,241053,braided_sideboard,4,apex_bulwark,Apex Bulwark,Fortified Guard,75992,15048,5.05,9.7,53.0,53.0,616.1245,4456.283,236183,3.108,over_band,aegis;fortified,block;armor;crit_negation,"{""armor"":120.0,""block"":13.0,""crit_negation"":0.68}",400,9681,9281,1
16,15,241054,hourglass_detour,4,void_regent,Void Regent,Dimming Threat,58575,11599,5.05,9.7,30.0,30.0,569.182,4078.7667,122363,2.089,over_band,nullify;warded,absorb;poison_resistance;suppress,"{""absorb"":11.0,""poison_resistance"":0.59,""suppress"":0.43}",400,7460,7060,0
16,15,241055,braided_sideboard,4,chrono_tyrant,Chrono Tyrant,Arcane Enemy,107095,21207,5.05,9.7,58.0,58.0,590.1539,3737.2414,216760,2.024,over_band,devious;arcane,stun_duration_ms;slow;interrupt_skip_count;cleanse_threshold,"{""cleanse_threshold"":3.0,""interrupt_skip_count"":3.0,""slow"":0.57,""stun_duration_ms"":842.0}",400,13655,13255,2
16,15,241056,woven_boss_approach,3,chrono_tyrant,Chrono Tyrant,Devious Monster,99798,19762,5.05,9.7,52.0,52.0,532.03,3369.1346,175195,1.7555,over_band,devious;arcane,cleanse_threshold;stun_duration_ms;slow;interrupt_skip_count,"{""cleanse_threshold"":4.0,""interrupt_skip_count"":3.0,""slow"":0.37,""stun_duration_ms"":641.0}",400,12706,12306,1
16,15,241057,split_spill_rejoin,4,apex_bulwark,Apex Bulwark,Fortified Guard,52212,10339,5.05,9.7,37.0,37.0,588.4691,4255.973,157471,3.016,over_band,aegis;fortified,block;armor;crit_negation,"{""armor"":120.0,""block"":9.0,""crit_negation"":0.66}",400,6696,6296,0
16,15,241058,split_spill_rejoin,4,chrono_tyrant,Chrono Tyrant,Devious Enemy,55454,10981,5.05,9.7,31.0,31.0,560.5765,3549.9355,110048,1.9845,over_band,devious;arcane,interrupt_skip_count;stun_duration_ms;cleanse_threshold;slow,"{""cleanse_threshold"":4.0,""interrupt_skip_count"":3.0,""slow"":0.43,""stun_duration_ms"":991.0}",400,7190,6790,2
16,15,241059,split_spill_rejoin,4,apex_bulwark,Apex Bulwark,Bulwark Sentinel,81830,16204,5.05,9.7,57.0,57.0,610.1675,4413.0702,251545,3.074,over_band,aegis;fortified,block;armor;crit_negation,"{""armor"":120.0,""block"":11.0,""crit_negation"":0.69}",400,10406,10006,1
16,15,241060,five_way_market,3,plague_court,Plague Court,Hexed Seer,50126,9926,5.05,9.7,36.0,36.0,475.6234,2964.3889,106718,2.129,over_band,spiteful;hexed,cleanse_threshold;suppress;poison_resistance;slow,"{""cleanse_threshold"":3.0,""poison_resistance"":0.27,""slow"":0.3,""suppress"":0.79}",400,6476,6076,1
16,15,241061,woven_boss_approach,3,apex_bulwark,Apex Bulwark,Shielded Threat,72952,14446,5.05,9.7,57.0,57.0,563.0804,4072.5088,232133,3.182,over_band,aegis;fortified,block;armor;crit_negation,"{""armor"":120.0,""block"":14.0,""crit_negation"":0.77}",400,9312,8912,1
16,15,241062,woven_boss_approach,3,apex_bulwark,Apex Bulwark,Braced Guard,45319,8974,5.05,9.7,37.0,37.0,515.8105,3730.8649,138042,3.046,over_band,aegis;fortified,block;armor;crit_negation,"{""armor"":120.0,""block"":12.0,""crit_negation"":0.61}",400,5839,5439,0
16,15,241063,split_spill_rejoin,4,void_regent,Void Regent,Warded Threat,91218,18063,5.05,9.7,52.0,52.0,493.0063,3532.9423,183713,2.014,over_band,nullify;warded,absorb;poison_resistance;suppress,"{""absorb"":10.0,""poison_resistance"":0.54,""suppress"":0.42}",400,11533,11133,0
16,15,241064,braided_sideboard,4,void_regent,Void Regent,Hollow Keeper,65367,12944,5.05,9.7,35.0,35.0,526.7406,3774.4857,132107,2.021,over_band,nullify;warded,absorb;poison_resistance;suppress,"{""absorb"":8.0,""poison_resistance"":0.59,""suppress"":0.41}",400,8298,7898,0
16,15,241065,elite_orbit,4,plague_court,Plague Court,Spiteful Threat,55247,10940,5.05,9.7,37.0,37.0,496.8748,3096.8108,114582,2.074,over_band,spiteful;hexed,cleanse_threshold;poison_resistance;suppress;slow,"{""cleanse_threshold"":4.0,""poison_resistance"":0.21,""slow"":0.23,""suppress"":0.87}",400,7106,6706,1
16,15,241066,hourglass_detour,4,void_regent,Void Regent,Hollow Threat,82376,16312,5.05,9.7,44.0,44.0,510.7518,3660.1136,161045,1.955,over_band,nullify;warded,absorb;poison_resistance;suppress,"{""absorb"":9.0,""poison_resistance"":0.45,""suppress"":0.49}",400,10425,10025,0
16,15,241067,elite_orbit,4,apex_bulwark,Apex Bulwark,Braced Gatekeeper,57408,11368,5.05,9.7,49.0,49.0,508.3081,3676.449,180146,3.138,over_band,aegis;fortified,block;armor;crit_negation,"{""armor"":120.0,""block"":13.0,""crit_negation"":0.73}",400,7362,6962,1
16,15,241068,woven_boss_approach,3,plague_court,Plague Court,Bitter Monster,52141,10325,5.05,9.7,30.0,30.0,610.6929,3806.3,114189,2.19,over_band,spiteful;hexed,cleanse_threshold;suppress;poison_resistance;slow,"{""cleanse_threshold"":4.0,""poison_resistance"":0.29,""slow"":0.27,""suppress"":0.87}",400,6726,6326,1
16,15,241069,split_spill_rejoin,4,void_regent,Void Regent,Hollow Acolyte,117367,23241,5.05,9.7,55.0,55.0,564.6004,4045.9636,222528,1.896,over_band,nullify;warded,absorb;poison_resistance;suppress,"{""absorb"":12.0,""poison_resistance"":0.4,""suppress"":0.4}",400,14799,14399,0
16,15,241070,split_spill_rejoin,4,chrono_tyrant,Chrono Tyrant,Arcane Threat,117155,23199,5.05,9.7,57.0,57.0,604.9948,3831.1754,218377,1.864,over_band,devious;arcane,stun_duration_ms;interrupt_skip_count;cleanse_threshold;slow,"{""cleanse_threshold"":4.0,""interrupt_skip_count"":3.0,""slow"":0.42,""stun_duration_ms"":768.0}",400,14888,14488,1
16,15,241071,split_spill_rejoin,4,chrono_tyrant,Chrono Tyrant,Arcane Threat,90284,17878,5.05,9.7,51.0,51.0,552.7901,3500.7255,178537,1.9775,over_band,devious;arcane,interrupt_skip_count;stun_duration_ms;slow;cleanse_threshold,"{""cleanse_threshold"":3.0,""interrupt_skip_count"":3.0,""slow"":0.62,""stun_duration_ms"":659.0}",400,11548,11148,2
16,15,241072,braided_sideboard,4,chrono_tyrant,Chrono Tyrant,Arcane Monster,103788,20552,5.05,9.7,60.0,60.0,576.0884,3648.15,218889,2.109,over_band,devious;arcane,slow;interrupt_skip_count;cleanse_threshold;stun_duration_ms,"{""cleanse_threshold"":4.0,""interrupt_skip_count"":3.0,""slow"":0.55,""stun_duration_ms"":1024.0}",400,13245,12845,2
16,15,241073,braided_sideboard,4,void_regent,Void Regent,Dimming Enemy,67801,13426,5.05,9.7,35.0,35.0,531.4894,3808.4857,133297,1.966,over_band,nullify;warded,absorb;poison_resistance;suppress,"{""absorb"":13.0,""poison_resistance"":0.48,""suppress"":0.36}",400,8608,8208,0
16,15,241074,woven_boss_approach,3,apex_bulwark,Apex Bulwark,Braced Threat,74578,14768,5.05,9.7,59.0,59.0,539.6837,3903.339,230297,3.088,over_band,aegis;fortified,block;armor;crit_negation,"{""armor"":120.0,""block"":15.0,""crit_negation"":0.58}",400,9502,9102,0
16,15,241075,woven_boss_approach,3,void_regent,Void Regent,Nullifying Enemy,125089,24770,5.05,9.7,58.0,58.0,618.174,4429.8793,256933,2.054,over_band,nullify;warded,absorb;poison_resistance;suppress,"{""absorb"":9.0,""poison_resistance"":0.57,""suppress"":0.46}",400,15769,15369,0
16,15,241076,braided_sideboard,4,plague_court,Plague Court,Bitter Seer,70170,13895,5.05,9.7,49.0,49.0,505.9233,3153.3469,154514,2.202,over_band,spiteful;hexed,cleanse_threshold;suppress;poison_resistance;slow,"{""cleanse_threshold"":3.0,""poison_resistance"":0.3,""slow"":0.27,""suppress"":0.89}",400,8986,8586,1
16,15,241077,five_way_market,3,chrono_tyrant,Chrono Tyrant,Devious Enemy,51904,10278,5.05,9.7,31.0,31.0,517.0009,3274.129,101498,1.9555,over_band,devious;arcane,cleanse_threshold;stun_duration_ms;slow;interrupt_skip_count,"{""cleanse_threshold"":3.0,""interrupt_skip_count"":2.0,""slow"":0.64,""stun_duration_ms"":615.0}",400,6731,6331,1
16,15,241078,five_way_market,3,void_regent,Void Regent,Hollow Threat,79139,15671,5.05,9.7,46.0,46.0,489.5326,3507.913,161364,2.039,over_band,nullify;warded,absorb;poison_resistance;suppress,"{""absorb"":12.0,""poison_resistance"":0.55,""suppress"":0.39}",400,10027,9627,0
16,15,241079,braided_sideboard,4,plague_court,Plague Court,Withering Monster,82865,16409,5.05,9.7,52.0,52.0,505.9758,3153.6538,163990,1.979,over_band,spiteful;hexed,cleanse_threshold;poison_resistance;suppress;slow,"{""cleanse_threshold"":3.0,""poison_resistance"":0.2,""slow"":0.18,""suppress"":0.83}",400,10556,10156,1
16,15,241080,five_way_market,3,plague_court,Plague Court,Spiteful Seer,77709,15388,5.05,9.7,53.0,53.0,525.5421,3275.5094,173602,2.234,over_band,spiteful;hexed,cleanse_threshold;suppress;slow;poison_resistance,"{""cleanse_threshold"":4.0,""poison_resistance"":0.34,""slow"":0.24,""suppress"":0.9}",400,9924,9524,1
17,16,251001,split_spill_rejoin,4,void_regent,Void Regent,Dimming Enemy,89079,15907,5.6,10.9,34.0,34.0,662.3625,5263.5294,178960,2.009,over_band,nullify;warded,absorb;poison_resistance;suppress,"{""absorb"":9.0,""poison_resistance"":0.56,""suppress"":0.41}",400,11263,10863,0
17,16,251002,hourglass_detour,4,apex_bulwark,Apex Bulwark,Fortified Sentinel,87724,15665,5.6,10.9,57.0,57.0,595.2342,4774.0351,272120,3.102,over_band,aegis;fortified,block;armor;crit_negation,"{""armor"":120.0,""block"":10.0,""crit_negation"":0.77}",400,11147,10747,1
17,16,251003,five_way_market,3,void_regent,Void Regent,Nullifying Keeper,114117,20378,5.6,10.9,53.0,53.0,540.5643,4295.5283,227663,1.995,over_band,nullify;warded,absorb;poison_resistance;suppress,"{""absorb"":15.0,""poison_resistance"":0.41,""suppress"":0.45}",400,14407,14007,0
17,16,251004,braided_sideboard,4,void_regent,Void Regent,Warded Vessel,96488,17230,5.6,10.9,35.0,35.0,655.3261,5207.6,182266,1.889,over_band,nullify;warded,absorb;poison_resistance;suppress,"{""absorb"":9.0,""poison_resistance"":0.44,""suppress"":0.41}",400,12183,11783,0
17,16,251005,woven_boss_approach,3,apex_bulwark,Apex Bulwark,Shielded Sentinel,77773,13888,5.6,10.9,55.0,55.0,536.3372,4301.5455,236585,3.042,over_band,aegis;fortified,block;armor;crit_negation,"{""armor"":120.0,""block"":10.0,""crit_negation"":0.67}",400,9895,9495,1
17,16,251006,braided_sideboard,4,apex_bulwark,Apex Bulwark,Fortified Monster,55614,9931,5.6,10.9,36.0,36.0,596.7375,4785.8889,172292,3.098,over_band,aegis;fortified,block;armor;crit_negation,"{""armor"":120.0,""block"":11.0,""crit_negation"":0.73}",400,7132,6732,1
17,16,251007,hourglass_detour,4,chrono_tyrant,Chrono Tyrant,Devious Enemy,102866,18369,5.6,10.9,53.0,53.0,597.8206,4198.0943,222499,2.163,over_band,devious;arcane,stun_duration_ms;interrupt_skip_count;slow;cleanse_threshold,"{""cleanse_threshold"":3.0,""interrupt_skip_count"":3.0,""slow"":0.61,""stun_duration_ms"":1048.0}",400,13142,12742,3
17,16,251008,elite_orbit,4,apex_bulwark,Apex Bulwark,Bulwark Gatekeeper,97070,17334,5.6,10.9,56.0,56.0,657.4519,5272.9821,295287,3.042,over_band,aegis;fortified,block;armor;crit_negation,"{""armor"":120.0,""block"":13.0,""crit_negation"":0.57}",400,12308,11908,0
17,16,251009,braided_sideboard,4,apex_bulwark,Apex Bulwark,Bulwark Guard,104944,18740,5.6,10.9,59.0,59.0,688.8354,5524.678,325956,3.106,over_band,aegis;fortified,block;armor;crit_negation,"{""armor"":120.0,""block"":12.0,""crit_negation"":0.71}",400,13300,12900,1
17,16,251010,braided_sideboard,4,plague_court,Plague Court,Hexed Hexbearer,67620,12075,5.6,10.9,36.0,36.0,550.0762,3801.75,136863,2.024,over_band,spiteful;hexed,cleanse_threshold;suppress;slow;poison_resistance,"{""cleanse_threshold"":3.0,""poison_resistance"":0.34,""slow"":0.23,""suppress"":0.63}",400,8647,8247,0
17,16,251011,braided_sideboard,4,apex_bulwark,Apex Bulwark,Bulwark Gatekeeper,45690,8159,5.6,10.9,31.0,31.0,571.1363,4580.8065,142005,3.108,over_band,aegis;fortified,block;armor;crit_negation,"{""armor"":120.0,""block"":10.0,""crit_negation"":0.78}",400,5892,5492,1
17,16,251012,woven_boss_approach,3,chrono_tyrant,Chrono Tyrant,Devious Threat,80237,14328,5.6,10.9,36.0,36.0,682.541,4793.0556,172550,2.1505,over_band,devious;arcane,stun_duration_ms;cleanse_threshold;interrupt_skip_count;slow,"{""cleanse_threshold"":4.0,""interrupt_skip_count"":3.0,""slow"":0.6,""stun_duration_ms"":1017.0}",400,10305,9905,3
17,16,251013,braided_sideboard,4,apex_bulwark,Apex Bulwark,Bulwark Enemy,61074,10906,5.6,10.9,36.0,36.0,678.5786,5442.3611,195925,3.208,over_band,aegis;fortified,block;armor;crit_negation,"{""armor"":120.0,""block"":15.0,""crit_negation"":0.78}",400,7830,7430,1
17,16,251014,elite_orbit,4,apex_bulwark,Apex Bulwark,Bulwark Guard,100380,17925,5.6,10.9,57.0,57.0,679.3569,5448.7018,310576,3.094,over_band,aegis;fortified,block;armor;crit_negation,"{""armor"":120.0,""block"":9.0,""crit_negation"":0.79}",400,12727,12327,1
17,16,251015,braided_sideboard,4,void_regent,Void Regent,Dimming Vessel,86167,15387,5.6,10.9,34.0,34.0,641.3773,5096.5294,173282,2.011,over_band,nullify;warded,absorb;poison_resistance;suppress,"{""absorb"":10.0,""poison_resistance"":0.6,""suppress"":0.33}",400,10898,10498,0
17,16,251016,woven_boss_approach,3,apex_bulwark,Apex Bulwark,Fortified Enemy,51610,9216,5.6,10.9,37.0,37.0,546.7804,4385.4595,162262,3.144,over_band,aegis;fortified,block;armor;crit_negation,"{""armor"":120.0,""block"":13.0,""crit_negation"":0.74}",400,6638,6238,1
17,16,251017,hourglass_detour,4,apex_bulwark,Apex Bulwark,Shielded Monster,74710,13341,5.6,10.9,53.0,53.0,554.3153,4445.9434,235635,3.154,over_band,aegis;fortified,block;armor;crit_negation,"{""armor"":120.0,""block"":15.0,""crit_negation"":0.69}",400,9528,9128,1
17,16,251018,elite_orbit,4,plague_court,Plague Court,Bitter Monster,102603,18322,5.6,10.9,49.0,49.0,641.0557,4430.7755,217108,2.116,over_band,spiteful;hexed,cleanse_threshold;suppress;poison_resistance;slow,"{""cleanse_threshold"":4.0,""poison_resistance"":0.36,""slow"":0.18,""suppress"":0.78}",400,13021,12621,1
17,16,251019,woven_boss_approach,3,chrono_tyrant,Chrono Tyrant,Arcane Monster,58654,10474,5.6,10.9,32.0,32.0,535.3537,3759.3438,120299,2.051,over_band,devious;arcane,cleanse_threshold;stun_duration_ms;slow;interrupt_skip_count,"{""cleanse_threshold"":3.0,""interrupt_skip_count"":2.0,""slow"":0.62,""stun_duration_ms"":842.0}",400,7587,7187,2
17,16,251020,split_spill_rejoin,4,apex_bulwark,Apex Bulwark,Bulwark Gatekeeper,53519,9557,5.6,10.9,39.0,39.0,548.8706,4402.2821,171689,3.208,over_band,aegis;fortified,block;armor;crit_negation,"{""armor"":120.0,""block"":15.0,""crit_negation"":0.78}",400,6886,6486,1
17,16,251021,braided_sideboard,4,plague_court,Plague Court,Bitter Bloom,55502,9911,5.6,10.9,31.0,31.0,531.3215,3672.0968,113835,2.051,over_band,spiteful;hexed,cleanse_threshold;suppress;poison_resistance;slow,"{""cleanse_threshold"":3.0,""poison_resistance"":0.25,""slow"":0.22,""suppress"":0.81}",400,7141,6741,1
17,16,251022,woven_boss_approach,3,void_regent,Void Regent,Dimming Threat,88222,15754,5.6,10.9,37.0,37.0,533.4975,4239.4324,156859,1.778,over_band,nullify;warded,absorb;poison_resistance;suppress,"{""absorb"":8.0,""poison_resistance"":0.41,""suppress"":0.32}",400,11138,10738,0
17,16,251023,braided_sideboard,4,chrono_tyrant,Chrono Tyrant,Arcane Threat,78887,14087,5.6,10.9,32.0,32.0,684.2229,4804.7188,153751,1.949,over_band,devious;arcane,stun_duration_ms;interrupt_skip_count;slow;cleanse_threshold,"{""cleanse_threshold"":3.0,""interrupt_skip_count"":3.0,""slow"":0.59,""stun_duration_ms"":656.0}",400,10119,9719,2
17,16,251024,split_spill_rejoin,4,void_regent,Void Regent,Hollow Keeper,109161,19493,5.6,10.9,49.0,49.0,543.3219,4317.4286,211554,1.938,over_band,nullify;warded,absorb;poison_resistance;suppress,"{""absorb"":12.0,""poison_resistance"":0.47,""suppress"":0.36}",400,13773,13373,0
17,16,251025,split_spill_rejoin,4,void_regent,Void Regent,Nullifying Acolyte,112689,20123,5.6,10.9,39.0,39.0,662.8848,5267.4872,205432,1.823,over_band,nullify;warded,absorb;poison_resistance;suppress,"{""absorb"":9.0,""poison_resistance"":0.43,""suppress"":0.33}",400,14201,13801,0
17,16,251026,hourglass_detour,4,plague_court,Plague Court,Bitter Bloom,104362,18636,5.6,10.9,53.0,53.0,568.1038,3926.3774,208098,1.994,over_band,spiteful;hexed,cleanse_threshold;suppress;slow;poison_resistance,"{""cleanse_threshold"":4.0,""poison_resistance"":0.24,""slow"":0.24,""suppress"":0.7}",400,13235,12835,1
17,16,251027,braided_sideboard,4,void_regent,Void Regent,Hollow Keeper,113148,20205,5.6,10.9,51.0,51.0,560.9102,4457.1373,227314,2.009,over_band,nullify;warded,absorb;poison_resistance;suppress,"{""absorb"":15.0,""poison_resistance"":0.48,""suppress"":0.37}",400,14284,13884,0
17,16,251028,hourglass_detour,4,void_regent,Void Regent,Hollow Enemy,120708,21555,5.6,10.9,51.0,51.0,583.1983,4634.2353,236346,1.958,over_band,nullify;warded,absorb;poison_resistance;suppress,"{""absorb"":10.0,""poison_resistance"":0.47,""suppress"":0.44}",400,15217,14817,0
17,16,251029,woven_boss_approach,3,plague_court,Plague Court,Hexed Hexbearer,98801,17643,5.6,10.9,45.0,45.0,662.3382,4577.7778,206000,2.085,over_band,spiteful;hexed,cleanse_threshold;suppress;poison_resistance;slow,"{""cleanse_threshold"":4.0,""poison_resistance"":0.34,""slow"":0.16,""suppress"":0.79}",400,12544,12144,1
17,16,251030,elite_orbit,4,plague_court,Plague Court,Withering Enemy,122791,21927,5.6,10.9,58.0,58.0,653.686,4517.8621,262036,2.134,over_band,spiteful;hexed,cleanse_threshold;suppress;poison_resistance;slow,"{""cleanse_threshold"":4.0,""poison_resistance"":0.3,""slow"":0.29,""suppress"":0.75}",400,15550,15150,1
17,16,251031,split_spill_rejoin,4,plague_court,Plague Court,Hexed Monster,61135,10917,5.6,10.9,31.0,31.0,608.0415,4202.5484,130279,2.131,over_band,spiteful;hexed,cleanse_threshold;suppress;poison_resistance;slow,"{""cleanse_threshold"":3.0,""poison_resistance"":0.24,""slow"":0.25,""suppress"":0.9}",400,7854,7454,1
17,16,251032,five_way_market,3,apex_bulwark,Apex Bulwark,Fortified Sentinel,50422,9004,5.6,10.9,32.0,32.0,609.4042,4887.7813,156409,3.102,over_band,aegis;fortified,block;armor;crit_negation,"{""armor"":120.0,""block"":10.0,""crit_negation"":0.77}",400,6484,6084,1
17,16,251033,woven_boss_approach,3,apex_bulwark,Apex Bulwark,Bulwark Monster,48686,8694,5.6,10.9,32.0,32.0,577.4669,4631.25,148200,3.044,over_band,aegis;fortified,block;armor;crit_negation,"{""armor"":120.0,""block"":11.0,""crit_negation"":0.64}",400,6259,5859,0
17,16,251034,elite_orbit,4,plague_court,Plague Court,Hexed Enemy,96342,17204,5.6,10.9,51.0,51.0,589.5389,4074.7059,207810,2.157,over_band,spiteful;hexed,cleanse_threshold;poison_resistance;suppress;slow,"{""cleanse_threshold"":3.0,""poison_resistance"":0.29,""slow"":0.2,""suppress"":0.93}",400,12256,11856,1
17,16,251035,five_way_market,3,chrono_tyrant,Chrono Tyrant,Arcane Threat,126381,22568,5.6,10.9,58.0,58.0,548.9062,3854.6207,223568,1.769,over_band,devious;arcane,cleanse_threshold;stun_duration_ms;interrupt_skip_count;slow,"{""cleanse_threshold"":3.0,""interrupt_skip_count"":3.0,""slow"":0.42,""stun_duration_ms"":602.0}",400,16038,15638,1
17,16,251036,elite_orbit,4,chrono_tyrant,Chrono Tyrant,Arcane Threat,90843,16222,5.6,10.9,36.0,36.0,680.0501,4775.5556,171920,1.8925,over_band,devious;arcane,stun_duration_ms;cleanse_threshold;interrupt_skip_count;slow,"{""cleanse_threshold"":4.0,""interrupt_skip_count"":2.0,""slow"":0.49,""stun_duration_ms"":735.0}",400,11585,11185,0
17,16,251037,hourglass_detour,4,apex_bulwark,Apex Bulwark,Shielded Threat,65643,11722,5.6,10.9,36.0,36.0,677.4803,5433.7778,195616,2.98,over_band,aegis;fortified,block;armor;crit_negation,"{""armor"":120.0,""block"":9.0,""crit_negation"":0.6}",400,8369,7969,0
17,16,251038,five_way_market,3,void_regent,Void Regent,Warded Enemy,72593,12963,5.6,10.9,31.0,31.0,581.4253,4620.1935,143226,1.973,over_band,nullify;warded,absorb;poison_resistance;suppress,"{""absorb"":13.0,""poison_resistance"":0.48,""suppress"":0.37}",400,9208,8808,0
17,16,251039,five_way_market,3,apex_bulwark,Apex Bulwark,Braced Monster,83782,14961,5.6,10.9,56.0,56.0,568.1832,4557.1429,255200,3.046,over_band,aegis;fortified,block;armor;crit_negation,"{""armor"":120.0,""block"":9.0,""crit_negation"":0.71}",400,10646,10246,1
17,16,251040,braided_sideboard,4,chrono_tyrant,Chrono Tyrant,Arcane Threat,63224,11290,5.6,10.9,31.0,31.0,573.8756,4030.0323,124931,1.976,over_band,devious;arcane,stun_duration_ms;interrupt_skip_count;slow;cleanse_threshold,"{""cleanse_threshold"":4.0,""interrupt_skip_count"":2.0,""slow"":0.5,""stun_duration_ms"":884.0}",400,8143,7743,1
17,16,251041,split_spill_rejoin,4,void_regent,Void Regent,Warded Monster,119084,21265,5.6,10.9,49.0,49.0,606.1682,4816.8163,236024,1.982,over_band,nullify;warded,absorb;poison_resistance;suppress,"{""absorb"":11.0,""poison_resistance"":0.56,""suppress"":0.32}",400,15013,14613,0
17,16,251042,woven_boss_approach,3,plague_court,Plague Court,Spiteful Hexbearer,68247,12187,5.6,10.9,36.0,36.0,576.5604,3984.8611,143455,2.102,over_band,spiteful;hexed,cleanse_threshold;suppress;poison_resistance;slow,"{""cleanse_threshold"":4.0,""poison_resistance"":0.23,""slow"":0.2,""suppress"":0.92}",400,8733,8333,1
17,16,251043,split_spill_rejoin,4,chrono_tyrant,Chrono Tyrant,Arcane Enemy,63633,11363,5.6,10.9,31.0,31.0,531.259,3730.7419,115653,1.8175,over_band,devious;arcane,interrupt_skip_count;cleanse_threshold;slow;stun_duration_ms,"{""cleanse_threshold"":3.0,""interrupt_skip_count"":3.0,""slow"":0.38,""stun_duration_ms"":771.0}",400,8200,7800,1
17,16,251044,split_spill_rejoin,4,chrono_tyrant,Chrono Tyrant,Devious Monster,78546,14026,5.6,10.9,38.0,38.0,566.4488,3977.9474,151162,1.9245,over_band,devious;arcane,interrupt_skip_count;slow;cleanse_threshold;stun_duration_ms,"{""cleanse_threshold"":3.0,""interrupt_skip_count"":3.0,""slow"":0.57,""stun_duration_ms"":643.0}",400,10074,9674,1
17,16,251045,woven_boss_approach,3,apex_bulwark,Apex Bulwark,Braced Gatekeeper,103354,18456,5.6,10.9,58.0,58.0,678.0963,5438.5517,315436,3.052,over_band,aegis;fortified,block;armor;crit_negation,"{""armor"":120.0,""block"":9.0,""crit_negation"":0.72}",400,13093,12693,1
17,16,251046,five_way_market,3,plague_court,Plague Court,Bitter Threat,90916,16235,5.6,10.9,50.0,50.0,546.6864,3778.46,188923,2.078,over_band,spiteful;hexed,cleanse_threshold;suppress;poison_resistance;slow,"{""cleanse_threshold"":3.0,""poison_resistance"":0.27,""slow"":0.29,""suppress"":0.73}",400,11569,11169,1
17,16,251047,split_spill_rejoin,4,void_regent,Void Regent,Hollow Acolyte,118955,21242,5.6,10.9,53.0,53.0,584.6774,4645.9811,246237,2.07,over_band,nullify;warded,absorb;poison_resistance;suppress,"{""absorb"":15.0,""poison_resistance"":0.52,""suppress"":0.4}",400,15013,14613,0
17,16,251048,woven_boss_approach,3,apex_bulwark,Apex Bulwark,Fortified Guard,76451,13652,5.6,10.9,48.0,48.0,641.0299,5141.3333,246784,3.228,over_band,aegis;fortified,block;armor;crit_negation,"{""armor"":120.0,""block"":16.0,""crit_negation"":0.78}",400,9754,9354,1
17,16,251049,woven_boss_approach,3,void_regent,Void Regent,Nullifying Vessel,116749,20848,5.6,10.9,56.0,56.0,543.6023,4319.7143,241904,2.072,over_band,nullify;warded,absorb;poison_resistance;suppress,"{""absorb"":12.0,""poison_resistance"":0.59,""suppress"":0.38}",400,14731,14331,0
17,16,251050,hourglass_detour,4,plague_court,Plague Court,Bitter Enemy,71467,12762,5.6,10.9,36.0,36.0,665.5281,4599.6944,165589,2.317,over_band,spiteful;hexed,cleanse_threshold;suppress;slow;poison_resistance,"{""cleanse_threshold"":3.0,""poison_resistance"":0.33,""slow"":0.31,""suppress"":0.96}",400,9160,8760,1
17,16,251051,split_spill_rejoin,4,apex_bulwark,Apex Bulwark,Braced Gatekeeper,62009,11073,5.6,10.9,34.0,34.0,678.9908,5445.8529,185159,2.986,over_band,aegis;fortified,block;armor;crit_negation,"{""armor"":120.0,""block"":9.0,""crit_negation"":0.61}",400,7916,7516,0
17,16,251052,hourglass_detour,4,plague_court,Plague Court,Withering Threat,102486,18301,5.6,10.9,46.0,46.0,691.1101,4776.7391,219730,2.144,over_band,spiteful;hexed,cleanse_threshold;suppress;poison_resistance;slow,"{""cleanse_threshold"":4.0,""poison_resistance"":0.24,""slow"":0.29,""suppress"":0.85}",400,13016,12616,1
17,16,251053,five_way_market,3,plague_court,Plague Court,Withering Monster,122506,21876,5.6,10.9,51.0,51.0,693.693,4794.549,244522,1.996,over_band,spiteful;hexed,cleanse_threshold;suppress;poison_resistance;slow,"{""cleanse_threshold"":3.0,""poison_resistance"":0.33,""slow"":0.21,""suppress"":0.63}",400,15505,15105,0
17,16,251054,elite_orbit,4,void_regent,Void Regent,Nullifying Acolyte,67122,11986,5.6,10.9,31.0,31.0,562.6683,4471.1935,138607,2.065,over_band,nullify;warded,absorb;poison_resistance;suppress,"{""absorb"":15.0,""poison_resistance"":0.55,""suppress"":0.35}",400,8532,8132,0
17,16,251055,braided_sideboard,4,chrono_tyrant,Chrono Tyrant,Devious Threat,69978,12496,5.6,10.9,38.0,38.0,537.1814,3772.3684,143350,2.0485,over_band,devious;arcane,cleanse_threshold;interrupt_skip_count;slow;stun_duration_ms,"{""cleanse_threshold"":4.0,""interrupt_skip_count"":3.0,""slow"":0.49,""stun_duration_ms"":1011.0}",400,9012,8612,2
17,16,251056,five_way_market,3,plague_court,Plague Court,Withering Seer,98106,17519,5.6,10.9,49.0,49.0,647.7538,4476.8367,219365,2.236,over_band,spiteful;hexed,cleanse_threshold;suppress;slow;poison_resistance,"{""cleanse_threshold"":4.0,""poison_resistance"":0.25,""slow"":0.28,""suppress"":0.98}",400,12478,12078,1
17,16,251057,braided_sideboard,4,chrono_tyrant,Chrono Tyrant,Arcane Monster,130374,23281,5.6,10.9,51.0,51.0,654.171,4593.7647,234282,1.797,over_band,devious;arcane,cleanse_threshold;stun_duration_ms;interrupt_skip_count;slow,"{""cleanse_threshold"":3.0,""interrupt_skip_count"":3.0,""slow"":0.39,""stun_duration_ms"":712.0}",400,16541,16141,1
17,16,251058,hourglass_detour,4,chrono_tyrant,Chrono Tyrant,Devious Threat,64282,11479,5.6,10.9,31.0,31.0,622.2974,4370.129,135474,2.1075,over_band,devious;arcane,interrupt_skip_count;slow;cleanse_threshold;stun_duration_ms,"{""cleanse_threshold"":4.0,""interrupt_skip_count"":2.0,""slow"":0.57,""stun_duration_ms"":1021.0}",400,8289,7889,1
17,16,251059,elite_orbit,4,void_regent,Void Regent,Warded Enemy,94489,16873,5.6,10.9,38.0,38.0,649.3099,5159.6053,196065,2.075,over_band,nullify;warded,absorb;poison_resistance;suppress,"{""absorb"":14.0,""poison_resistance"":0.55,""suppress"":0.39}",400,11953,11553,0
17,16,251060,split_spill_rejoin,4,chrono_tyrant,Chrono Tyrant,Arcane Threat,103942,18561,5.6,10.9,50.0,50.0,629.203,4418.58,220929,2.1255,over_band,devious;arcane,cleanse_threshold;interrupt_skip_count;stun_duration_ms;slow,"{""cleanse_threshold"":4.0,""interrupt_skip_count"":2.0,""slow"":0.56,""stun_duration_ms"":1075.0}",400,13250,12850,1
17,16,251061,braided_sideboard,4,apex_bulwark,Apex Bulwark,Bulwark Enemy,43154,7706,5.6,10.9,30.0,30.0,532.3452,4269.3667,128081,2.968,over_band,aegis;fortified,block;armor;crit_negation,"{""armor"":120.0,""block"":9.0,""crit_negation"":0.58}",400,5556,5156,0
17,16,251062,braided_sideboard,4,void_regent,Void Regent,Nullifying Enemy,135789,24248,5.6,10.9,50.0,50.0,676.6758,5377.24,268862,1.98,over_band,nullify;warded,absorb;poison_resistance;suppress,"{""absorb"":9.0,""poison_resistance"":0.58,""suppress"":0.34}",400,17098,16698,0
17,16,251063,five_way_market,3,plague_court,Plague Court,Hexed Bloom,66780,11925,5.6,10.9,35.0,35.0,571.704,3951.4571,138301,2.071,over_band,spiteful;hexed,cleanse_threshold;suppress;slow;poison_resistance,"{""cleanse_threshold"":3.0,""poison_resistance"":0.31,""slow"":0.3,""suppress"":0.65}",400,8549,8149,0
17,16,251064,split_spill_rejoin,4,void_regent,Void Regent,Nullifying Acolyte,134193,23963,5.6,10.9,53.0,53.0,657.6523,5225.9245,276974,2.064,over_band,nullify;warded,absorb;poison_resistance;suppress,"{""absorb"":16.0,""poison_resistance"":0.51,""suppress"":0.38}",400,16920,16520,0
17,16,251065,split_spill_rejoin,4,void_regent,Void Regent,Warded Vessel,80444,14365,5.6,10.9,32.0,32.0,635.2494,5047.875,161532,2.008,over_band,nullify;warded,absorb;poison_resistance;suppress,"{""absorb"":11.0,""poison_resistance"":0.46,""suppress"":0.5}",400,10192,9792,0
17,16,251066,five_way_market,3,void_regent,Void Regent,Hollow Enemy,138634,24756,5.6,10.9,60.0,60.0,599.2825,4762.0833,285725,2.061,over_band,nullify;warded,absorb;poison_resistance;suppress,"{""absorb"":12.0,""poison_resistance"":0.53,""suppress"":0.45}",400,17468,17068,0
17,16,251067,woven_boss_approach,3,void_regent,Void Regent,Dimming Threat,78058,13939,5.6,10.9,37.0,37.0,536.3016,4261.5405,157677,2.02,over_band,nullify;warded,absorb;poison_resistance;suppress,"{""absorb"":15.0,""poison_resistance"":0.47,""suppress"":0.4}",400,9898,9498,0
17,16,251068,elite_orbit,4,void_regent,Void Regent,Nullifying Monster,143802,25679,5.6,10.9,57.0,57.0,588.9289,4679.8772,266753,1.855,over_band,nullify;warded,absorb;poison_resistance;suppress,"{""absorb"":10.0,""poison_resistance"":0.43,""suppress"":0.35}",400,18094,17694,0
17,16,251069,five_way_market,3,plague_court,Plague Court,Hexed Hexbearer,129220,23075,5.6,10.9,58.0,58.0,684.02,4727.6724,274205,2.122,over_band,spiteful;hexed,cleanse_threshold;poison_resistance;slow;suppress,"{""cleanse_threshold"":4.0,""poison_resistance"":0.23,""slow"":0.3,""suppress"":0.82}",400,16356,15956,1
17,16,251070,elite_orbit,4,plague_court,Plague Court,Bitter Hexbearer,83294,14874,5.6,10.9,38.0,38.0,689.4726,4765.2895,181081,2.174,over_band,spiteful;hexed,cleanse_threshold;poison_resistance;suppress;slow,"{""cleanse_threshold"":3.0,""poison_resistance"":0.34,""slow"":0.21,""suppress"":0.87}",400,10623,10223,1
17,16,251071,hourglass_detour,4,chrono_tyrant,Chrono Tyrant,Devious Enemy,76776,13710,5.6,10.9,38.0,38.0,563.0307,3953.9737,150251,1.957,over_band,devious;arcane,stun_duration_ms;interrupt_skip_count;cleanse_threshold;slow,"{""cleanse_threshold"":3.0,""interrupt_skip_count"":2.0,""slow"":0.58,""stun_duration_ms"":726.0}",400,9841,9441,1
17,16,251072,hourglass_detour,4,plague_court,Plague Court,Withering Monster,67441,12043,5.6,10.9,35.0,35.0,640.9429,4429.9143,155047,2.299,over_band,spiteful;hexed,cleanse_threshold;suppress;poison_resistance;slow,"{""cleanse_threshold"":3.0,""poison_resistance"":0.36,""slow"":0.28,""suppress"":0.93}",400,8653,8253,1
17,16,251073,five_way_market,3,void_regent,Void Regent,Dimming Vessel,120882,21586,5.6,10.9,57.0,57.0,531.1004,4220.2632,240555,1.99,over_band,nullify;warded,absorb;poison_resistance;suppress,"{""absorb"":11.0,""poison_resistance"":0.54,""suppress"":0.36}",400,15239,14839,0
17,16,251074,woven_boss_approach,3,chrono_tyrant,Chrono Tyrant,Arcane Monster,97306,17376,5.6,10.9,37.0,37.0,647.5145,4547.0811,168242,1.729,over_band,devious;arcane,interrupt_skip_count;slow;stun_duration_ms;cleanse_threshold,"{""cleanse_threshold"":3.0,""interrupt_skip_count"":2.0,""slow"":0.37,""stun_duration_ms"":648.0}",400,12383,11983,0
17,16,251075,woven_boss_approach,3,chrono_tyrant,Chrono Tyrant,Arcane Enemy,91829,16398,5.6,10.9,46.0,46.0,556.0422,3904.7391,179618,1.956,over_band,devious;arcane,stun_duration_ms;cleanse_threshold;interrupt_skip_count;slow,"{""cleanse_threshold"":3.0,""interrupt_skip_count"":2.0,""slow"":0.56,""stun_duration_ms"":760.0}",400,11723,11323,0
17,16,251076,woven_boss_approach,3,void_regent,Void Regent,Nullifying Acolyte,143237,25578,5.6,10.9,51.0,51.0,672.5864,5344.7059,272580,1.903,over_band,nullify;warded,absorb;poison_resistance;suppress,"{""absorb"":12.0,""poison_resistance"":0.4,""suppress"":0.41}",400,18034,17634,0
17,16,251077,five_way_market,3,plague_court,Plague Court,Bitter Enemy,104210,18609,5.6,10.9,55.0,55.0,592.7036,4096.4,225302,2.162,over_band,spiteful;hexed,cleanse_threshold;suppress;poison_resistance;slow,"{""cleanse_threshold"":3.0,""poison_resistance"":0.29,""slow"":0.26,""suppress"":0.86}",400,13238,12838,1
17,16,251078,braided_sideboard,4,apex_bulwark,Apex Bulwark,Bulwark Threat,103018,18396,5.6,10.9,59.0,59.0,683.145,5479.1525,323270,3.138,over_band,aegis;fortified,block;armor;crit_negation,"{""armor"":120.0,""block"":13.0,""crit_negation"":0.73}",400,13063,12663,1
17,16,251079,woven_boss_approach,3,void_regent,Void Regent,Warded Monster,106014,18931,5.6,10.9,38.0,38.0,675.4833,5367.6579,203971,1.924,over_band,nullify;warded,absorb;poison_resistance;suppress,"{""absorb"":15.0,""poison_resistance"":0.43,""suppress"":0.32}",400,13385,12985,0
17,16,251080,elite_orbit,4,apex_bulwark,Apex Bulwark,Shielded Enemy,79302,14161,5.6,10.9,52.0,52.0,563.2169,4517.1731,234893,2.962,over_band,aegis;fortified,block;armor;crit_negation,"{""armor"":120.0,""block"":9.0,""crit_negation"":0.57}",400,10075,9675,0
18,17,261001,split_spill_rejoin,4,void_regent,Void Regent,Nullifying Monster,145281,23623,6.15,12.1,48.0,48.0,661.384,5771.8958,277051,1.907,over_band,nullify;warded,absorb;poison_resistance;suppress,"{""absorb"":8.0,""poison_resistance"":0.49,""suppress"":0.39}",400,18279,17879,0
18,17,261002,five_way_market,3,plague_court,Plague Court,Withering Threat,84593,13755,6.15,12.1,34.0,34.0,704.3979,5346.7647,181790,2.149,over_band,spiteful;hexed,cleanse_threshold;poison_resistance;slow;suppress,"{""cleanse_threshold"":3.0,""poison_resistance"":0.28,""slow"":0.21,""suppress"":0.92}",400,10786,10386,1
18,17,261003,hourglass_detour,4,apex_bulwark,Apex Bulwark,Braced Gatekeeper,61518,10003,6.15,12.1,35.0,35.0,625.8278,5512.0,192920,3.136,over_band,aegis;fortified,block;armor;crit_negation,"{""armor"":120.0,""block"":15.0,""crit_negation"":0.66}",400,7877,7477,0
18,17,261004,five_way_market,3,apex_bulwark,Apex Bulwark,Bulwark Threat,96426,15679,6.15,12.1,53.0,53.0,637.4342,5614.5472,297571,3.086,over_band,aegis;fortified,block;armor;crit_negation,"{""armor"":120.0,""block"":14.0,""crit_negation"":0.61}",400,12233,11833,0
18,17,261005,woven_boss_approach,3,plague_court,Plague Court,Withering Bloom,133111,21644,6.15,12.1,52.0,52.0,700.4749,5316.7692,276472,2.077,over_band,spiteful;hexed,cleanse_threshold;suppress;slow;poison_resistance,"{""cleanse_threshold"":3.0,""poison_resistance"":0.3,""slow"":0.24,""suppress"":0.75}",400,16842,16442,1
18,17,261006,hourglass_detour,4,void_regent,Void Regent,Warded Vessel,97010,15774,6.15,12.1,31.0,31.0,704.6144,6149.1935,190625,1.965,over_band,nullify;warded,absorb;poison_resistance;suppress,"{""absorb"":12.0,""poison_resistance"":0.42,""suppress"":0.47}",400,12261,11861,0
18,17,261007,braided_sideboard,4,apex_bulwark,Apex Bulwark,Fortified Gatekeeper,93283,15168,6.15,12.1,53.0,53.0,642.2311,5656.8302,299812,3.214,over_band,aegis;fortified,block;armor;crit_negation,"{""armor"":120.0,""block"":15.0,""crit_negation"":0.79}",400,11857,11457,1
18,17,261008,five_way_market,3,apex_bulwark,Apex Bulwark,Shielded Sentinel,110270,17930,6.15,12.1,55.0,55.0,714.7254,6295.4182,346248,3.14,over_band,aegis;fortified,block;armor;crit_negation,"{""armor"":120.0,""block"":11.0,""crit_negation"":0.8}",400,13970,13570,1
18,17,261009,elite_orbit,4,plague_court,Plague Court,Bitter Threat,146954,23895,6.15,12.1,59.0,59.0,683.5352,5188.2203,306105,2.083,over_band,spiteful;hexed,cleanse_threshold;poison_resistance;suppress;slow,"{""cleanse_threshold"":3.0,""poison_resistance"":0.31,""slow"":0.22,""suppress"":0.77}",400,18572,18172,1
18,17,261010,hourglass_detour,4,void_regent,Void Regent,Dimming Enemy,115337,18754,6.15,12.1,44.0,44.0,604.3329,5274.0455,232058,2.012,over_band,nullify;warded,absorb;poison_resistance;suppress,"{""absorb"":14.0,""poison_resistance"":0.48,""suppress"":0.4}",400,14556,14156,0
18,17,261011,split_spill_rejoin,4,chrono_tyrant,Chrono Tyrant,Arcane Threat,85952,13976,6.15,12.1,35.0,35.0,640.6927,4941.0,172935,2.012,over_band,devious;arcane,cleanse_threshold;stun_duration_ms;slow;interrupt_skip_count,"{""cleanse_threshold"":4.0,""interrupt_skip_count"":3.0,""slow"":0.5,""stun_duration_ms"":920.0}",400,11004,10604,2
18,17,261012,split_spill_rejoin,4,void_regent,Void Regent,Dimming Keeper,129304,21025,6.15,12.1,46.0,46.0,671.8967,5863.6522,269728,2.086,over_band,nullify;warded,absorb;poison_resistance;suppress,"{""absorb"":13.0,""poison_resistance"":0.6,""suppress"":0.36}",400,16302,15902,0
18,17,261013,braided_sideboard,4,plague_court,Plague Court,Spiteful Enemy,93714,15238,6.15,12.1,38.0,38.0,686.214,5208.5263,197924,2.112,over_band,spiteful;hexed,cleanse_threshold;suppress;slow;poison_resistance,"{""cleanse_threshold"":3.0,""poison_resistance"":0.32,""slow"":0.21,""suppress"":0.81}",400,11919,11519,1
18,17,261014,hourglass_detour,4,plague_court,Plague Court,Bitter Monster,99249,16138,6.15,12.1,36.0,36.0,726.4379,5513.8333,198498,2.0,over_band,spiteful;hexed,cleanse_threshold;slow;suppress;poison_resistance,"{""cleanse_threshold"":3.0,""poison_resistance"":0.26,""slow"":0.16,""suppress"":0.8}",400,12602,12202,1
18,17,261015,elite_orbit,4,apex_bulwark,Apex Bulwark,Fortified Enemy,124513,20246,6.15,12.1,57.0,57.0,761.3662,6706.2281,382255,3.07,over_band,aegis;fortified,block;armor;crit_negation,"{""armor"":120.0,""block"":12.0,""crit_negation"":0.65}",400,15741,15341,0
18,17,261016,hourglass_detour,4,plague_court,Plague Court,Spiteful Threat,85571,13914,6.15,12.1,34.0,34.0,726.1548,5511.7647,187400,2.19,over_band,spiteful;hexed,cleanse_threshold;suppress;poison_resistance;slow,"{""cleanse_threshold"":3.0,""poison_resistance"":0.32,""slow"":0.18,""suppress"":0.96}",400,10910,10510,1
18,17,261017,elite_orbit,4,plague_court,Plague Court,Hexed Bloom,74520,12117,6.15,12.1,30.0,30.0,715.724,5432.5,162975,2.187,over_band,spiteful;hexed,cleanse_threshold;suppress;slow;poison_resistance,"{""cleanse_threshold"":3.0,""poison_resistance"":0.36,""slow"":0.28,""suppress"":0.77}",400,9525,9125,1
18,17,261018,hourglass_detour,4,apex_bulwark,Apex Bulwark,Shielded Enemy,67539,10982,6.15,12.1,38.0,38.0,618.2669,5445.7632,206939,3.064,over_band,aegis;fortified,block;armor;crit_negation,"{""armor"":120.0,""block"":9.0,""crit_negation"":0.74}",400,8617,8217,1
18,17,261019,five_way_market,3,chrono_tyrant,Chrono Tyrant,Arcane Monster,109415,17791,6.15,12.1,46.0,46.0,590.1714,4551.4348,209366,1.9135,over_band,devious;arcane,stun_duration_ms;interrupt_skip_count;cleanse_threshold;slow,"{""cleanse_threshold"":4.0,""interrupt_skip_count"":3.0,""slow"":0.42,""stun_duration_ms"":867.0}",400,13927,13527,2
18,17,261020,elite_orbit,4,plague_court,Plague Court,Hexed Seer,78714,12799,6.15,12.1,35.0,35.0,666.0498,5055.6857,176949,2.248,over_band,spiteful;hexed,cleanse_threshold;suppress;slow;poison_resistance,"{""cleanse_threshold"":3.0,""poison_resistance"":0.36,""slow"":0.27,""suppress"":0.87}",400,10056,9656,1
18,17,261021,split_spill_rejoin,4,void_regent,Void Regent,Warded Vessel,128953,20968,6.15,12.1,51.0,51.0,604.6917,5276.9608,269125,2.087,over_band,nullify;warded,absorb;poison_resistance;suppress,"{""absorb"":11.0,""poison_resistance"":0.56,""suppress"":0.47}",400,16258,15858,0
18,17,261022,hourglass_detour,4,chrono_tyrant,Chrono Tyrant,Devious Monster,89495,14552,6.15,12.1,38.0,38.0,594.1054,4581.9211,174113,1.9455,over_band,devious;arcane,interrupt_skip_count;stun_duration_ms;cleanse_threshold;slow,"{""cleanse_threshold"":3.0,""interrupt_skip_count"":3.0,""slow"":0.53,""stun_duration_ms"":757.0}",400,11446,11046,1
18,17,261023,elite_orbit,4,apex_bulwark,Apex Bulwark,Braced Guard,88394,14373,6.15,12.1,45.0,45.0,706.9386,6226.8667,280209,3.17,over_band,aegis;fortified,block;armor;crit_negation,"{""armor"":120.0,""block"":14.0,""crit_negation"":0.75}",400,11240,10840,1
18,17,261024,five_way_market,3,apex_bulwark,Apex Bulwark,Braced Threat,111192,18080,6.15,12.1,56.0,56.0,697.0224,6139.3929,343806,3.092,over_band,aegis;fortified,block;armor;crit_negation,"{""armor"":120.0,""block"":11.0,""crit_negation"":0.72}",400,14079,13679,1
18,17,261025,elite_orbit,4,chrono_tyrant,Chrono Tyrant,Devious Threat,156222,25402,6.15,12.1,55.0,55.0,709.734,5473.4545,301040,1.927,over_band,devious;arcane,interrupt_skip_count;stun_duration_ms;slow;cleanse_threshold,"{""cleanse_threshold"":3.0,""interrupt_skip_count"":2.0,""slow"":0.42,""stun_duration_ms"":954.0}",400,19771,19371,1
18,17,261026,hourglass_detour,4,plague_court,Plague Court,Bitter Hexbearer,91002,14797,6.15,12.1,37.0,37.0,679.1695,5155.1351,190740,2.096,over_band,spiteful;hexed,cleanse_threshold;suppress;poison_resistance;slow,"{""cleanse_threshold"":4.0,""poison_resistance"":0.37,""slow"":0.24,""suppress"":0.66}",400,11568,11168,0
18,17,261027,hourglass_detour,4,apex_bulwark,Apex Bulwark,Shielded Sentinel,107397,17463,6.15,12.1,56.0,56.0,652.3358,5745.7321,321761,2.996,over_band,aegis;fortified,block;armor;crit_negation,"{""armor"":120.0,""block"":8.0,""crit_negation"":0.66}",400,13591,13191,0
18,17,261028,braided_sideboard,4,void_regent,Void Regent,Hollow Threat,118959,19343,6.15,12.1,35.0,35.0,756.3611,6600.5143,231018,1.942,over_band,nullify;warded,absorb;poison_resistance;suppress,"{""absorb"":14.0,""poison_resistance"":0.41,""suppress"":0.4}",400,15005,14605,0
18,17,261029,split_spill_rejoin,4,plague_court,Plague Court,Hexed Enemy,84138,13681,6.15,12.1,37.0,37.0,620.7756,4711.7297,174334,2.072,over_band,spiteful;hexed,cleanse_threshold;poison_resistance;suppress;slow,"{""cleanse_threshold"":3.0,""poison_resistance"":0.2,""slow"":0.19,""suppress"":0.95}",400,10725,10325,1
18,17,261030,hourglass_detour,4,chrono_tyrant,Chrono Tyrant,Devious Threat,123277,20045,6.15,12.1,49.0,49.0,649.6601,5010.3265,245506,1.9915,over_band,devious;arcane,interrupt_skip_count;cleanse_threshold;slow;stun_duration_ms,"{""cleanse_threshold"":3.0,""interrupt_skip_count"":3.0,""slow"":0.59,""stun_duration_ms"":741.0}",400,15673,15273,2
18,17,261031,elite_orbit,4,void_regent,Void Regent,Warded Threat,152471,24792,6.15,12.1,56.0,56.0,615.2417,5369.1607,300673,1.972,over_band,nullify;warded,absorb;poison_resistance;suppress,"{""absorb"":12.0,""poison_resistance"":0.49,""suppress"":0.38}",400,19190,18790,0
18,17,261032,split_spill_rejoin,4,void_regent,Void Regent,Dimming Vessel,103142,16771,6.15,12.1,35.0,35.0,730.7285,6377.1143,223199,2.164,over_band,nullify;warded,absorb;poison_resistance;suppress,"{""absorb"":15.0,""poison_resistance"":0.6,""suppress"":0.42}",400,13043,12643,0
18,17,261033,woven_boss_approach,3,plague_court,Plague Court,Bitter Seer,123929,20151,6.15,12.1,52.0,52.0,665.007,5047.7308,262482,2.118,over_band,spiteful;hexed,cleanse_threshold;suppress;slow;poison_resistance,"{""cleanse_threshold"":3.0,""poison_resistance"":0.24,""slow"":0.29,""suppress"":0.83}",400,15701,15301,1
18,17,261034,hourglass_detour,4,void_regent,Void Regent,Nullifying Vessel,113990,18535,6.15,12.1,37.0,37.0,665.8091,5810.4054,214985,1.886,over_band,nullify;warded,absorb;poison_resistance;suppress,"{""absorb"":8.0,""poison_resistance"":0.42,""suppress"":0.46}",400,14371,13971,0
18,17,261035,hourglass_detour,4,void_regent,Void Regent,Hollow Keeper,97471,15849,6.15,12.1,35.0,35.0,663.7557,5792.5714,202740,2.08,over_band,nullify;warded,absorb;poison_resistance;suppress,"{""absorb"":12.0,""poison_resistance"":0.57,""suppress"":0.42}",400,12323,11923,0
18,17,261036,five_way_market,3,void_regent,Void Regent,Dimming Keeper,169273,27524,6.15,12.1,57.0,57.0,672.4279,5868.1228,334483,1.976,over_band,nullify;warded,absorb;poison_resistance;suppress,"{""absorb"":8.0,""poison_resistance"":0.58,""suppress"":0.36}",400,21281,20881,0
18,17,261037,elite_orbit,4,apex_bulwark,Apex Bulwark,Bulwark Guard,121518,19759,6.15,12.1,56.0,56.0,757.3222,6670.4643,373546,3.074,over_band,aegis;fortified,block;armor;crit_negation,"{""armor"":120.0,""block"":14.0,""crit_negation"":0.59}",400,15368,14968,0
18,17,261038,braided_sideboard,4,apex_bulwark,Apex Bulwark,Bulwark Gatekeeper,88007,14310,6.15,12.1,53.0,53.0,596.0936,5250.5283,278278,3.162,over_band,aegis;fortified,block;armor;crit_negation,"{""armor"":120.0,""block"":13.0,""crit_negation"":0.77}",400,11191,10791,1
18,17,261039,elite_orbit,4,chrono_tyrant,Chrono Tyrant,Arcane Threat,114408,18603,6.15,12.1,46.0,46.0,642.9041,4958.087,228072,1.9935,over_band,devious;arcane,stun_duration_ms;slow;interrupt_skip_count;cleanse_threshold,"{""cleanse_threshold"":3.0,""interrupt_skip_count"":3.0,""slow"":0.59,""stun_duration_ms"":745.0}",400,14565,14165,2
18,17,261040,five_way_market,3,chrono_tyrant,Chrono Tyrant,Devious Enemy,90663,14742,6.15,12.1,31.0,31.0,761.8445,5875.5484,182142,2.009,over_band,devious;arcane,stun_duration_ms;interrupt_skip_count;cleanse_threshold;slow,"{""cleanse_threshold"":4.0,""interrupt_skip_count"":3.0,""slow"":0.43,""stun_duration_ms"":1040.0}",400,11594,11194,2
18,17,261041,hourglass_detour,4,void_regent,Void Regent,Nullifying Acolyte,149297,24276,6.15,12.1,52.0,52.0,608.6321,5311.5192,276199,1.85,over_band,nullify;warded,absorb;poison_resistance;suppress,"{""absorb"":12.0,""poison_resistance"":0.41,""suppress"":0.32}",400,18784,18384,0
18,17,261042,split_spill_rejoin,4,chrono_tyrant,Chrono Tyrant,Arcane Monster,112041,18218,6.15,12.1,39.0,39.0,753.7897,5813.2051,226715,2.0235,over_band,devious;arcane,cleanse_threshold;interrupt_skip_count;stun_duration_ms;slow,"{""cleanse_threshold"":4.0,""interrupt_skip_count"":2.0,""slow"":0.5,""stun_duration_ms"":979.0}",400,14251,13851,1
18,17,261043,five_way_market,3,plague_court,Plague Court,Withering Threat,152668,24824,6.15,12.1,57.0,57.0,753.73,5721.0351,326099,2.136,over_band,spiteful;hexed,cleanse_threshold;suppress;poison_resistance;slow,"{""cleanse_threshold"":4.0,""poison_resistance"":0.25,""slow"":0.2,""suppress"":0.94}",400,19289,18889,1
18,17,261044,hourglass_detour,4,plague_court,Plague Court,Hexed Bloom,124353,20220,6.15,12.1,53.0,53.0,647.2737,4913.1132,260395,2.094,over_band,spiteful;hexed,cleanse_threshold;poison_resistance;suppress;slow,"{""cleanse_threshold"":4.0,""poison_resistance"":0.2,""slow"":0.31,""suppress"":0.81}",400,15746,15346,1
18,17,261045,elite_orbit,4,chrono_tyrant,Chrono Tyrant,Arcane Monster,142028,23094,6.15,12.1,52.0,52.0,731.3469,5640.1538,293288,2.065,over_band,devious;arcane,interrupt_skip_count;stun_duration_ms;slow;cleanse_threshold,"{""cleanse_threshold"":3.0,""interrupt_skip_count"":2.0,""slow"":0.62,""stun_duration_ms"":870.0}",400,18010,17610,2
18,17,261046,five_way_market,3,plague_court,Plague Court,Hexed Threat,98701,16049,6.15,12.1,44.0,44.0,643.6783,4885.7045,214971,2.178,over_band,spiteful;hexed,cleanse_threshold;suppress;slow;poison_resistance,"{""cleanse_threshold"":4.0,""poison_resistance"":0.34,""slow"":0.31,""suppress"":0.73}",400,12541,12141,1
18,17,261047,split_spill_rejoin,4,plague_court,Plague Court,Hexed Threat,102619,16686,6.15,12.1,46.0,46.0,611.0466,4637.9348,213345,2.079,over_band,spiteful;hexed,cleanse_threshold;suppress;poison_resistance;slow,"{""cleanse_threshold"":3.0,""poison_resistance"":0.28,""slow"":0.28,""suppress"":0.73}",400,13030,12630,1
18,17,261048,five_way_market,3,void_regent,Void Regent,Hollow Enemy,179236,29144,6.15,12.1,52.0,52.0,735.0422,6414.5769,333558,1.861,over_band,nullify;warded,absorb;poison_resistance;suppress,"{""absorb"":10.0,""poison_resistance"":0.45,""suppress"":0.33}",400,22524,22124,0
18,17,261049,hourglass_detour,4,plague_court,Plague Court,Hexed Bloom,86690,14096,6.15,12.1,34.0,34.0,715.1669,5428.3235,184563,2.129,over_band,spiteful;hexed,cleanse_threshold;suppress;slow;poison_resistance,"{""cleanse_threshold"":4.0,""poison_resistance"":0.28,""slow"":0.19,""suppress"":0.9}",400,11038,10638,1
18,17,261050,elite_orbit,4,plague_court,Plague Court,Hexed Monster,153399,24943,6.15,12.1,59.0,59.0,733.0451,5563.9661,328274,2.14,over_band,spiteful;hexed,cleanse_threshold;suppress;poison_resistance;slow,"{""cleanse_threshold"":4.0,""poison_resistance"":0.3,""slow"":0.18,""suppress"":0.9}",400,19377,18977,1
18,17,261051,five_way_market,3,plague_court,Plague Court,Bitter Threat,78117,12702,6.15,12.1,36.0,36.0,595.2221,4517.7778,162640,2.082,over_band,spiteful;hexed,cleanse_threshold;suppress;slow;poison_resistance,"{""cleanse_threshold"":3.0,""poison_resistance"":0.3,""slow"":0.23,""suppress"":0.77}",400,9968,9568,1
18,17,261052,split_spill_rejoin,4,plague_court,Plague Court,Spiteful Seer,97557,15863,6.15,12.1,38.0,38.0,745.4855,5658.3158,215016,2.204,over_band,spiteful;hexed,cleanse_threshold;suppress;slow;poison_resistance,"{""cleanse_threshold"":3.0,""poison_resistance"":0.32,""slow"":0.32,""suppress"":0.8}",400,12409,12009,1
18,17,261053,braided_sideboard,4,apex_bulwark,Apex Bulwark,Bulwark Threat,94526,15370,6.15,12.1,49.0,49.0,653.5229,5756.449,282066,2.984,over_band,aegis;fortified,block;armor;crit_negation,"{""armor"":120.0,""block"":8.0,""crit_negation"":0.64}",400,11980,11580,0
18,17,261054,hourglass_detour,4,plague_court,Plague Court,Spiteful Threat,108105,17578,6.15,12.1,48.0,48.0,597.2975,4533.6458,217615,2.013,over_band,spiteful;hexed,cleanse_threshold;poison_resistance;slow;suppress,"{""cleanse_threshold"":3.0,""poison_resistance"":0.25,""slow"":0.24,""suppress"":0.73}",400,13712,13312,1
18,17,261055,five_way_market,3,apex_bulwark,Apex Bulwark,Fortified Sentinel,58782,9558,6.15,12.1,31.0,31.0,678.9888,5980.5806,185398,3.154,over_band,aegis;fortified,block;armor;crit_negation,"{""armor"":120.0,""block"":12.0,""crit_negation"":0.79}",400,7536,7136,1
18,17,261056,five_way_market,3,apex_bulwark,Apex Bulwark,Braced Gatekeeper,66414,10799,6.15,12.1,35.0,35.0,670.4133,5905.1429,206680,3.112,over_band,aegis;fortified,block;armor;crit_negation,"{""armor"":120.0,""block"":12.0,""crit_negation"":0.72}",400,8485,8085,1
18,17,261057,five_way_market,3,chrono_tyrant,Chrono Tyrant,Arcane Enemy,100866,16401,6.15,12.1,38.0,38.0,651.0179,5020.7368,190788,1.8915,over_band,devious;arcane,stun_duration_ms;slow;cleanse_threshold;interrupt_skip_count,"{""cleanse_threshold"":3.0,""interrupt_skip_count"":3.0,""slow"":0.49,""stun_duration_ms"":721.0}",400,12861,12461,1
18,17,261058,woven_boss_approach,3,void_regent,Void Regent,Nullifying Monster,120085,19526,6.15,12.1,38.0,38.0,763.7213,6664.7105,253259,2.109,over_band,nullify;warded,absorb;poison_resistance;suppress,"{""absorb"":15.0,""poison_resistance"":0.58,""suppress"":0.37}",400,15156,14756,0
18,17,261059,split_spill_rejoin,4,void_regent,Void Regent,Nullifying Keeper,102902,16732,6.15,12.1,31.0,31.0,736.0158,6423.0645,199115,1.935,over_band,nullify;warded,absorb;poison_resistance;suppress,"{""absorb"":15.0,""poison_resistance"":0.42,""suppress"":0.35}",400,12998,12598,0
18,17,261060,elite_orbit,4,void_regent,Void Regent,Warded Monster,163781,26631,6.15,12.1,55.0,55.0,671.1848,5857.4,322157,1.967,over_band,nullify;warded,absorb;poison_resistance;suppress,"{""absorb"":15.0,""poison_resistance"":0.41,""suppress"":0.41}",400,20612,20212,0
18,17,261061,braided_sideboard,4,void_regent,Void Regent,Warded Monster,123203,20033,6.15,12.1,37.0,37.0,717.7282,6263.3784,231745,1.881,over_band,nullify;warded,absorb;poison_resistance;suppress,"{""absorb"":8.0,""poison_resistance"":0.45,""suppress"":0.41}",400,15519,15119,0
18,17,261062,braided_sideboard,4,plague_court,Plague Court,Withering Enemy,154199,25073,6.15,12.1,60.0,60.0,765.8809,5813.3,348798,2.262,over_band,spiteful;hexed,cleanse_threshold;slow;suppress;poison_resistance,"{""cleanse_threshold"":4.0,""poison_resistance"":0.36,""slow"":0.28,""suppress"":0.86}",400,19486,19086,1
18,17,261063,five_way_market,3,apex_bulwark,Apex Bulwark,Shielded Monster,90024,14638,6.15,12.1,45.0,45.0,681.3814,6001.6,270072,3.0,over_band,aegis;fortified,block;armor;crit_negation,"{""armor"":120.0,""block"":10.0,""crit_negation"":0.6}",400,11420,11020,0
18,17,261064,woven_boss_approach,3,chrono_tyrant,Chrono Tyrant,Arcane Monster,100639,16364,6.15,12.1,37.0,37.0,763.053,5884.6486,217732,2.1635,over_band,devious;arcane,interrupt_skip_count;slow;stun_duration_ms;cleanse_threshold,"{""cleanse_threshold"":4.0,""interrupt_skip_count"":2.0,""slow"":0.64,""stun_duration_ms"":1007.0}",400,12840,12440,2
18,17,261065,split_spill_rejoin,4,void_regent,Void Regent,Warded Monster,123947,20154,6.15,12.1,37.0,37.0,719.3617,6277.7568,232277,1.874,over_band,nullify;warded,absorb;poison_resistance;suppress,"{""absorb"":9.0,""poison_resistance"":0.46,""suppress"":0.36}",400,15612,15212,0
18,17,261066,five_way_market,3,void_regent,Void Regent,Nullifying Enemy,117545,19113,6.15,12.1,35.0,35.0,751.214,6555.6571,229448,1.952,over_band,nullify;warded,absorb;poison_resistance;suppress,"{""absorb"":11.0,""poison_resistance"":0.46,""suppress"":0.42}",400,14823,14423,0
18,17,261067,hourglass_detour,4,plague_court,Plague Court,Hexed Threat,86629,14086,6.15,12.1,31.0,31.0,735.213,5580.5806,172998,1.997,over_band,spiteful;hexed,cleanse_threshold;suppress;slow;poison_resistance,"{""cleanse_threshold"":3.0,""poison_resistance"":0.19,""slow"":0.25,""suppress"":0.78}",400,11029,10629,1
18,17,261068,elite_orbit,4,chrono_tyrant,Chrono Tyrant,Devious Threat,118215,19222,6.15,12.1,39.0,39.0,771.1483,5947.1282,231938,1.962,over_band,devious;arcane,interrupt_skip_count;stun_duration_ms;cleanse_threshold;slow,"{""cleanse_threshold"":3.0,""interrupt_skip_count"":2.0,""slow"":0.57,""stun_duration_ms"":754.0}",400,15021,14621,0
18,17,261069,split_spill_rejoin,4,chrono_tyrant,Chrono Tyrant,Arcane Enemy,141235,22965,6.15,12.1,57.0,57.0,619.9125,4780.9298,272513,1.9295,over_band,devious;arcane,cleanse_threshold;interrupt_skip_count;slow;stun_duration_ms,"{""cleanse_threshold"":4.0,""interrupt_skip_count"":3.0,""slow"":0.53,""stun_duration_ms"":701.0}",400,17904,17504,1
18,17,261070,hourglass_detour,4,plague_court,Plague Court,Bitter Enemy,107090,17413,6.15,12.1,39.0,39.0,735.118,5579.6667,217607,2.032,over_band,spiteful;hexed,cleanse_threshold;suppress;slow;poison_resistance,"{""cleanse_threshold"":3.0,""poison_resistance"":0.3,""slow"":0.26,""suppress"":0.66}",400,13582,13182,0
18,17,261071,woven_boss_approach,3,void_regent,Void Regent,Warded Enemy,105251,17114,6.15,12.1,30.0,30.0,770.268,6722.0333,201661,1.916,over_band,nullify;warded,absorb;poison_resistance;suppress,"{""absorb"":12.0,""poison_resistance"":0.42,""suppress"":0.4}",400,13285,12885,0
18,17,261072,five_way_market,3,chrono_tyrant,Chrono Tyrant,Arcane Monster,102791,16714,6.15,12.1,44.0,44.0,600.3913,4630.2727,203732,1.982,over_band,devious;arcane,slow;interrupt_skip_count;cleanse_threshold;stun_duration_ms,"{""cleanse_threshold"":3.0,""interrupt_skip_count"":2.0,""slow"":0.51,""stun_duration_ms"":902.0}",400,13097,12697,1
18,17,261073,woven_boss_approach,3,chrono_tyrant,Chrono Tyrant,Devious Monster,80670,13117,6.15,12.1,34.0,34.0,615.1337,4744.1176,161300,1.9995,over_band,devious;arcane,stun_duration_ms;slow;cleanse_threshold;interrupt_skip_count,"{""cleanse_threshold"":4.0,""interrupt_skip_count"":2.0,""slow"":0.5,""stun_duration_ms"":931.0}",400,10327,9927,1
18,17,261074,five_way_market,3,apex_bulwark,Apex Bulwark,Braced Enemy,59175,9622,6.15,12.1,31.0,31.0,643.23,5665.5161,175631,2.968,over_band,aegis;fortified,block;armor;crit_negation,"{""armor"":120.0,""block"":9.0,""crit_negation"":0.58}",400,7559,7159,0
18,17,261075,elite_orbit,4,chrono_tyrant,Chrono Tyrant,Devious Monster,114396,18601,6.15,12.1,46.0,46.0,670.0928,5167.7174,237715,2.078,over_band,devious;arcane,slow;stun_duration_ms;cleanse_threshold;interrupt_skip_count,"{""cleanse_threshold"":4.0,""interrupt_skip_count"":2.0,""slow"":0.63,""stun_duration_ms"":854.0}",400,14550,14150,2
18,17,261076,hourglass_detour,4,void_regent,Void Regent,Warded Keeper,115380,18761,6.15,12.1,34.0,34.0,745.441,6505.3824,221183,1.917,over_band,nullify;warded,absorb;poison_resistance;suppress,"{""absorb"":10.0,""poison_resistance"":0.52,""suppress"":0.31}",400,14544,14144,0
18,17,261077,braided_sideboard,4,plague_court,Plague Court,Bitter Threat,126401,20553,6.15,12.1,50.0,50.0,720.406,5468.1,273405,2.163,over_band,spiteful;hexed,cleanse_threshold;suppress;slow;poison_resistance,"{""cleanse_threshold"":3.0,""poison_resistance"":0.34,""slow"":0.26,""suppress"":0.79}",400,16009,15609,1
18,17,261078,woven_boss_approach,3,plague_court,Plague Court,Bitter Seer,117637,19128,6.15,12.1,55.0,55.0,592.596,4498.0182,247391,2.103,over_band,spiteful;hexed,cleanse_threshold;suppress;slow;poison_resistance,"{""cleanse_threshold"":3.0,""poison_resistance"":0.34,""slow"":0.17,""suppress"":0.82}",400,14908,14508,1
18,17,261079,five_way_market,3,apex_bulwark,Apex Bulwark,Bulwark Threat,114421,18605,6.15,12.1,59.0,59.0,685.6394,6039.1017,356307,3.114,over_band,aegis;fortified,block;armor;crit_negation,"{""armor"":120.0,""block"":13.0,""crit_negation"":0.69}",400,14486,14086,1
18,17,261080,five_way_market,3,chrono_tyrant,Chrono Tyrant,Devious Monster,129427,21045,6.15,12.1,46.0,46.0,732.7508,5651.1739,259954,2.0085,over_band,devious;arcane,stun_duration_ms;interrupt_skip_count;cleanse_threshold;slow,"{""cleanse_threshold"":3.0,""interrupt_skip_count"":3.0,""slow"":0.44,""stun_duration_ms"":1045.0}",400,16447,16047,2
19,18,271001,elite_orbit,4,void_regent,Void Regent,Dimming Monster,100962,15069,6.7,13.3,31.0,31.0,677.2623,6438.7742,199602,1.977,over_band,nullify;warded,absorb;poison_resistance;suppress,"{""absorb"":10.0,""poison_resistance"":0.58,""suppress"":0.31}",400,12744,12344,0
19,18,271002,split_spill_rejoin,4,void_regent,Void Regent,Nullifying Enemy,227586,33968,6.7,13.3,57.0,57.0,847.0743,8053.3509,459041,2.017,over_band,nullify;warded,absorb;poison_resistance;suppress,"{""absorb"":15.0,""poison_resistance"":0.46,""suppress"":0.41}",400,28590,28190,0
19,18,271003,woven_boss_approach,3,apex_bulwark,Apex Bulwark,Bulwark Guard,122349,18261,6.7,13.3,58.0,58.0,675.334,6480.2759,375856,3.072,over_band,aegis;fortified,block;armor;crit_negation,"{""armor"":120.0,""block"":13.0,""crit_negation"":0.62}",400,15472,15072,0
19,18,271004,hourglass_detour,4,plague_court,Plague Court,Hexed Hexbearer,146067,21801,6.7,13.3,51.0,51.0,718.6785,5942.9216,303089,2.075,over_band,spiteful;hexed,cleanse_threshold;suppress;poison_resistance;slow,"{""cleanse_threshold"":3.0,""poison_resistance"":0.2,""slow"":0.17,""suppress"":0.98}",400,18466,18066,1
19,18,271005,braided_sideboard,4,chrono_tyrant,Chrono Tyrant,Devious Enemy,165859,24755,6.7,13.3,45.0,45.0,839.8491,7056.3778,317537,1.9145,over_band,devious;arcane,cleanse_threshold;interrupt_skip_count;slow;stun_duration_ms,"{""cleanse_threshold"":3.0,""interrupt_skip_count"":3.0,""slow"":0.43,""stun_duration_ms"":875.0}",400,20990,20590,2
19,18,271006,woven_boss_approach,3,void_regent,Void Regent,Hollow Monster,127267,18995,6.7,13.3,34.0,34.0,766.1502,7284.1765,247662,1.946,over_band,nullify;warded,absorb;poison_resistance;suppress,"{""absorb"":11.0,""poison_resistance"":0.51,""suppress"":0.34}",400,16035,15635,0
19,18,271007,elite_orbit,4,apex_bulwark,Apex Bulwark,Braced Threat,71442,10663,6.7,13.3,35.0,35.0,660.2862,6335.8857,221756,3.104,over_band,aegis;fortified,block;armor;crit_negation,"{""armor"":120.0,""block"":14.0,""crit_negation"":0.64}",400,9112,8712,0
19,18,271008,elite_orbit,4,plague_court,Plague Court,Bitter Threat,91931,13721,6.7,13.3,34.0,34.0,690.9281,5713.2353,194250,2.113,over_band,spiteful;hexed,cleanse_threshold;poison_resistance;suppress;slow,"{""cleanse_threshold"":4.0,""poison_resistance"":0.24,""slow"":0.24,""suppress"":0.87}",400,11694,11294,1
19,18,271009,split_spill_rejoin,4,chrono_tyrant,Chrono Tyrant,Devious Monster,141517,21122,6.7,13.3,48.0,48.0,653.2204,5488.2083,263434,1.8615,over_band,devious;arcane,cleanse_threshold;interrupt_skip_count;slow;stun_duration_ms,"{""cleanse_threshold"":3.0,""interrupt_skip_count"":3.0,""slow"":0.38,""stun_duration_ms"":859.0}",400,17942,17542,2
19,18,271010,elite_orbit,4,plague_court,Plague Court,Withering Hexbearer,130744,19514,6.7,13.3,46.0,46.0,689.8495,5704.413,262403,2.007,over_band,spiteful;hexed,cleanse_threshold;suppress;slow;poison_resistance,"{""cleanse_threshold"":3.0,""poison_resistance"":0.24,""slow"":0.26,""suppress"":0.71}",400,16540,16140,1
19,18,271011,braided_sideboard,4,chrono_tyrant,Chrono Tyrant,Arcane Threat,172532,25751,6.7,13.3,50.0,50.0,797.7853,6702.86,335143,1.9425,over_band,devious;arcane,slow;interrupt_skip_count;stun_duration_ms;cleanse_threshold,"{""cleanse_threshold"":3.0,""interrupt_skip_count"":2.0,""slow"":0.46,""stun_duration_ms"":913.0}",400,21811,21411,1
19,18,271012,braided_sideboard,4,chrono_tyrant,Chrono Tyrant,Devious Threat,169691,25327,6.7,13.3,56.0,56.0,713.9215,5998.2679,335903,1.9795,over_band,devious;arcane,stun_duration_ms;cleanse_threshold;slow;interrupt_skip_count,"{""cleanse_threshold"":3.0,""interrupt_skip_count"":2.0,""slow"":0.6,""stun_duration_ms"":735.0}",400,21457,21057,1
19,18,271013,hourglass_detour,4,void_regent,Void Regent,Nullifying Monster,131689,19655,6.7,13.3,34.0,34.0,809.88,7699.9412,261798,1.988,over_band,nullify;warded,absorb;poison_resistance;suppress,"{""absorb"":13.0,""poison_resistance"":0.46,""suppress"":0.42}",400,16598,16198,0
19,18,271014,split_spill_rejoin,4,apex_bulwark,Apex Bulwark,Fortified Monster,85693,12790,6.7,13.3,38.0,38.0,739.3603,7094.4737,269590,3.146,over_band,aegis;fortified,block;armor;crit_negation,"{""armor"":120.0,""block"":14.0,""crit_negation"":0.71}",400,10900,10500,1
19,18,271015,elite_orbit,4,plague_court,Plague Court,Withering Threat,101786,15192,6.7,13.3,37.0,37.0,690.6619,5711.027,211308,2.076,over_band,spiteful;hexed,cleanse_threshold;suppress;slow;poison_resistance,"{""cleanse_threshold"":4.0,""poison_resistance"":0.24,""slow"":0.3,""suppress"":0.74}",400,12921,12521,1
19,18,271016,elite_orbit,4,apex_bulwark,Apex Bulwark,Fortified Enemy,155788,23252,6.7,13.3,60.0,60.0,807.4122,7747.85,464871,2.984,over_band,aegis;fortified,block;armor;crit_negation,"{""armor"":120.0,""block"":8.0,""crit_negation"":0.64}",400,19638,19238,0
19,18,271017,hourglass_detour,4,plague_court,Plague Court,Bitter Monster,111026,16571,6.7,13.3,37.0,37.0,792.1591,6550.5405,242370,2.183,over_band,spiteful;hexed,cleanse_threshold;suppress;slow;poison_resistance,"{""cleanse_threshold"":3.0,""poison_resistance"":0.35,""slow"":0.24,""suppress"":0.83}",400,14090,13690,1
19,18,271018,elite_orbit,4,void_regent,Void Regent,Nullifying Enemy,143246,21380,6.7,13.3,45.0,45.0,700.7683,6662.5333,299814,2.093,over_band,nullify;warded,absorb;poison_resistance;suppress,"{""absorb"":15.0,""poison_resistance"":0.55,""suppress"":0.39}",400,18051,17651,0
19,18,271019,woven_boss_approach,3,apex_bulwark,Apex Bulwark,Shielded Guard,80032,11945,6.7,13.3,34.0,34.0,773.1709,7419.4412,252261,3.152,over_band,aegis;fortified,block;armor;crit_negation,"{""armor"":120.0,""block"":14.0,""crit_negation"":0.72}",400,10193,9793,1
19,18,271020,split_spill_rejoin,4,chrono_tyrant,Chrono Tyrant,Devious Enemy,151876,22668,6.7,13.3,55.0,55.0,655.1789,5504.8182,302765,1.9935,over_band,devious;arcane,cleanse_threshold;interrupt_skip_count;stun_duration_ms;slow,"{""cleanse_threshold"":4.0,""interrupt_skip_count"":3.0,""slow"":0.42,""stun_duration_ms"":1027.0}",400,19245,18845,2
19,18,271021,hourglass_detour,4,plague_court,Plague Court,Bitter Bloom,113384,16923,6.7,13.3,45.0,45.0,654.1917,5409.6667,243435,2.147,over_band,spiteful;hexed,cleanse_threshold;suppress;poison_resistance;slow,"{""cleanse_threshold"":3.0,""poison_resistance"":0.33,""slow"":0.23,""suppress"":0.82}",400,14382,13982,1
19,18,271022,braided_sideboard,4,apex_bulwark,Apex Bulwark,Fortified Monster,78491,11715,6.7,13.3,37.0,37.0,697.2422,6690.8378,247561,3.154,over_band,aegis;fortified,block;armor;crit_negation,"{""armor"":120.0,""block"":15.0,""crit_negation"":0.69}",400,10000,9600,1
19,18,271023,woven_boss_approach,3,apex_bulwark,Apex Bulwark,Fortified Monster,81760,12203,6.7,13.3,36.0,36.0,746.0202,7158.5556,257708,3.152,over_band,aegis;fortified,block;armor;crit_negation,"{""armor"":120.0,""block"":14.0,""crit_negation"":0.72}",400,10409,10009,1
19,18,271024,elite_orbit,4,apex_bulwark,Apex Bulwark,Bulwark Gatekeeper,76186,11371,6.7,13.3,34.0,34.0,706.1633,6776.0588,230386,3.024,over_band,aegis;fortified,block;armor;crit_negation,"{""armor"":120.0,""block"":10.0,""crit_negation"":0.64}",400,9693,9293,0
19,18,271025,elite_orbit,4,apex_bulwark,Apex Bulwark,Bulwark Enemy,94343,14081,6.7,13.3,45.0,45.0,703.5306,6750.7556,303784,3.22,over_band,aegis;fortified,block;armor;crit_negation,"{""armor"":120.0,""block"":15.0,""crit_negation"":0.8}",400,11991,11591,1
19,18,271026,five_way_market,3,void_regent,Void Regent,Hollow Threat,120057,17919,6.7,13.3,32.0,32.0,792.4084,7533.5625,241074,2.008,over_band,nullify;warded,absorb;poison_resistance;suppress,"{""absorb"":11.0,""poison_resistance"":0.53,""suppress"":0.4}",400,15139,14739,0
19,18,271027,hourglass_detour,4,plague_court,Plague Court,Withering Seer,139280,20788,6.7,13.3,52.0,52.0,661.429,5469.4231,284410,2.042,over_band,spiteful;hexed,cleanse_threshold;suppress;slow;poison_resistance,"{""cleanse_threshold"":4.0,""poison_resistance"":0.29,""slow"":0.23,""suppress"":0.71}",400,17602,17202,1
19,18,271028,split_spill_rejoin,4,void_regent,Void Regent,Dimming Vessel,162696,24283,6.7,13.3,51.0,51.0,701.6108,6670.5294,340197,2.091,over_band,nullify;warded,absorb;poison_resistance;suppress,"{""absorb"":16.0,""poison_resistance"":0.46,""suppress"":0.49}",400,20488,20088,0
19,18,271029,woven_boss_approach,3,plague_court,Plague Court,Withering Enemy,88675,13235,6.7,13.3,30.0,30.0,718.1112,5938.2667,178148,2.009,over_band,spiteful;hexed,cleanse_threshold;poison_resistance;suppress;slow,"{""cleanse_threshold"":3.0,""poison_resistance"":0.28,""slow"":0.21,""suppress"":0.72}",400,11280,10880,1
19,18,271030,woven_boss_approach,3,chrono_tyrant,Chrono Tyrant,Devious Monster,128017,19107,6.7,13.3,37.0,37.0,746.5971,6272.8378,232095,1.813,over_band,devious;arcane,stun_duration_ms;cleanse_threshold;slow;interrupt_skip_count,"{""cleanse_threshold"":4.0,""interrupt_skip_count"":2.0,""slow"":0.42,""stun_duration_ms"":702.0}",400,16224,15824,0
19,18,271031,woven_boss_approach,3,apex_bulwark,Apex Bulwark,Bulwark Enemy,133819,19973,6.7,13.3,57.0,57.0,733.0193,7033.7193,400922,2.996,over_band,aegis;fortified,block;armor;crit_negation,"{""armor"":120.0,""block"":8.0,""crit_negation"":0.66}",400,16893,16493,0
19,18,271032,five_way_market,3,chrono_tyrant,Chrono Tyrant,Devious Monster,132633,19796,6.7,13.3,38.0,38.0,827.7402,6954.5,264271,1.9925,over_band,devious;arcane,interrupt_skip_count;stun_duration_ms;slow;cleanse_threshold,"{""cleanse_threshold"":4.0,""interrupt_skip_count"":2.0,""slow"":0.59,""stun_duration_ms"":755.0}",400,16819,16419,1
19,18,271033,split_spill_rejoin,4,void_regent,Void Regent,Warded Monster,163534,24408,6.7,13.3,48.0,48.0,772.6049,7345.3958,352579,2.156,over_band,nullify;warded,absorb;poison_resistance;suppress,"{""absorb"":12.0,""poison_resistance"":0.59,""suppress"":0.5}",400,20588,20188,0
19,18,271034,five_way_market,3,chrono_tyrant,Chrono Tyrant,Arcane Threat,174113,25987,6.7,13.3,49.0,49.0,791.72,6651.8367,325940,1.872,over_band,devious;arcane,cleanse_threshold;stun_duration_ms;slow;interrupt_skip_count,"{""cleanse_threshold"":3.0,""interrupt_skip_count"":3.0,""slow"":0.47,""stun_duration_ms"":718.0}",400,22015,21615,1
19,18,271035,woven_boss_approach,3,apex_bulwark,Apex Bulwark,Braced Gatekeeper,95462,14248,6.7,13.3,36.0,36.0,835.0986,8013.5,288486,3.022,over_band,aegis;fortified,block;armor;crit_negation,"{""armor"":120.0,""block"":12.0,""crit_negation"":0.57}",400,12104,11704,0
19,18,271036,hourglass_detour,4,plague_court,Plague Court,Withering Monster,79502,11866,6.7,13.3,31.0,31.0,694.0967,5739.5161,177925,2.238,over_band,spiteful;hexed,cleanse_threshold;suppress;poison_resistance;slow,"{""cleanse_threshold"":3.0,""poison_resistance"":0.34,""slow"":0.25,""suppress"":0.91}",400,10156,9756,1
19,18,271037,hourglass_detour,4,apex_bulwark,Apex Bulwark,Bulwark Threat,133940,19991,6.7,13.3,51.0,51.0,846.2655,8120.4314,414142,3.092,over_band,aegis;fortified,block;armor;crit_negation,"{""armor"":120.0,""block"":14.0,""crit_negation"":0.62}",400,16924,16524,0
19,18,271038,five_way_market,3,plague_court,Plague Court,Bitter Threat,116339,17364,6.7,13.3,36.0,36.0,807.4239,6676.5556,240356,2.066,over_band,spiteful;hexed,cleanse_threshold;suppress;poison_resistance;slow,"{""cleanse_threshold"":4.0,""poison_resistance"":0.27,""slow"":0.17,""suppress"":0.85}",400,14738,14338,1
19,18,271039,hourglass_detour,4,chrono_tyrant,Chrono Tyrant,Devious Enemy,157262,23472,6.7,13.3,50.0,50.0,764.4241,6422.58,321129,2.042,over_band,devious;arcane,interrupt_skip_count;stun_duration_ms;cleanse_threshold;slow,"{""cleanse_threshold"":4.0,""interrupt_skip_count"":2.0,""slow"":0.49,""stun_duration_ms"":1034.0}",400,19906,19506,1
19,18,271040,five_way_market,3,chrono_tyrant,Chrono Tyrant,Arcane Enemy,121726,18168,6.7,13.3,32.0,32.0,828.0718,6957.4063,222637,1.829,over_band,devious;arcane,interrupt_skip_count;cleanse_threshold;stun_duration_ms;slow,"{""cleanse_threshold"":4.0,""interrupt_skip_count"":3.0,""slow"":0.47,""stun_duration_ms"":608.0}",400,15454,15054,1
19,18,271041,elite_orbit,4,apex_bulwark,Apex Bulwark,Shielded Threat,104567,15607,6.7,13.3,52.0,52.0,648.3791,6221.7308,323530,3.094,over_band,aegis;fortified,block;armor;crit_negation,"{""armor"":120.0,""block"":15.0,""crit_negation"":0.59}",400,13252,12852,0
19,18,271042,woven_boss_approach,3,apex_bulwark,Apex Bulwark,Braced Sentinel,84514,12614,6.7,13.3,38.0,38.0,726.3949,6970.1842,264867,3.134,over_band,aegis;fortified,block;armor;crit_negation,"{""armor"":120.0,""block"":14.0,""crit_negation"":0.69}",400,10750,10350,1
19,18,271043,five_way_market,3,void_regent,Void Regent,Nullifying Acolyte,137357,20501,6.7,13.3,37.0,37.0,783.2829,7446.973,275538,2.006,over_band,nullify;warded,absorb;poison_resistance;suppress,"{""absorb"":16.0,""poison_resistance"":0.41,""suppress"":0.44}",400,17314,16914,0
19,18,271044,split_spill_rejoin,4,chrono_tyrant,Chrono Tyrant,Devious Monster,177865,26547,6.7,13.3,53.0,53.0,755.7349,6349.4528,336521,1.892,over_band,devious;arcane,interrupt_skip_count;cleanse_threshold;stun_duration_ms;slow,"{""cleanse_threshold"":3.0,""interrupt_skip_count"":2.0,""slow"":0.49,""stun_duration_ms"":758.0}",400,22470,22070,0
19,18,271045,split_spill_rejoin,4,chrono_tyrant,Chrono Tyrant,Arcane Threat,109954,16411,6.7,13.3,37.0,37.0,704.0437,5915.2162,218863,1.9905,over_band,devious;arcane,cleanse_threshold;interrupt_skip_count;stun_duration_ms;slow,"{""cleanse_threshold"":3.0,""interrupt_skip_count"":2.0,""slow"":0.6,""stun_duration_ms"":757.0}",400,13991,13591,1
19,18,271046,split_spill_rejoin,4,plague_court,Plague Court,Bitter Monster,143728,21452,6.7,13.3,55.0,55.0,739.819,6117.5818,336467,2.341,over_band,spiteful;hexed,cleanse_threshold;suppress;poison_resistance;slow,"{""cleanse_threshold"":3.0,""poison_resistance"":0.37,""slow"":0.3,""suppress"":0.95}",400,18193,17793,1
19,18,271047,elite_orbit,4,apex_bulwark,Apex Bulwark,Bulwark Monster,105224,15705,6.7,13.3,51.0,51.0,657.5134,6309.3137,321775,3.058,over_band,aegis;fortified,block;armor;crit_negation,"{""armor"":120.0,""block"":9.0,""crit_negation"":0.73}",400,13327,12927,1
19,18,271048,elite_orbit,4,apex_bulwark,Apex Bulwark,Bulwark Guard,116111,17330,6.7,13.3,52.0,52.0,703.6827,6752.3077,351120,3.024,over_band,aegis;fortified,block;armor;crit_negation,"{""armor"":120.0,""block"":10.0,""crit_negation"":0.64}",400,14684,14284,0
19,18,271049,elite_orbit,4,chrono_tyrant,Chrono Tyrant,Arcane Threat,103227,15407,6.7,13.3,32.0,32.0,776.74,6525.875,208828,2.023,over_band,devious;arcane,cleanse_threshold;interrupt_skip_count;slow;stun_duration_ms,"{""cleanse_threshold"":4.0,""interrupt_skip_count"":2.0,""slow"":0.6,""stun_duration_ms"":798.0}",400,13147,12747,1
19,18,271050,braided_sideboard,4,plague_court,Plague Court,Hexed Hexbearer,166415,24838,6.7,13.3,58.0,58.0,762.3129,6303.6897,365614,2.197,over_band,spiteful;hexed,cleanse_threshold;poison_resistance;slow;suppress,"{""cleanse_threshold"":4.0,""poison_resistance"":0.27,""slow"":0.3,""suppress"":0.87}",400,21012,20612,1
19,18,271051,five_way_market,3,chrono_tyrant,Chrono Tyrant,Arcane Monster,138114,20614,6.7,13.3,49.0,49.0,675.8382,5678.1837,278231,2.0145,over_band,devious;arcane,cleanse_threshold;interrupt_skip_count;slow;stun_duration_ms,"{""cleanse_threshold"":3.0,""interrupt_skip_count"":3.0,""slow"":0.64,""stun_duration_ms"":697.0}",400,17530,17130,2
19,18,271052,braided_sideboard,4,plague_court,Plague Court,Bitter Monster,104889,15655,6.7,13.3,36.0,36.0,779.0135,6441.9444,231910,2.211,over_band,spiteful;hexed,cleanse_threshold;suppress;slow;poison_resistance,"{""cleanse_threshold"":4.0,""poison_resistance"":0.36,""slow"":0.27,""suppress"":0.8}",400,13316,12916,1
19,18,271053,hourglass_detour,4,void_regent,Void Regent,Warded Keeper,116426,17377,6.7,13.3,32.0,32.0,771.1251,7331.1875,234598,2.015,over_band,nullify;warded,absorb;poison_resistance;suppress,"{""absorb"":16.0,""poison_resistance"":0.51,""suppress"":0.31}",400,14693,14293,0
19,18,271054,woven_boss_approach,3,plague_court,Plague Court,Withering Bloom,156231,23318,6.7,13.3,52.0,52.0,720.4965,5957.8077,309806,1.983,over_band,spiteful;hexed,cleanse_threshold;slow;poison_resistance;suppress,"{""cleanse_threshold"":4.0,""poison_resistance"":0.27,""slow"":0.21,""suppress"":0.68}",400,19716,19316,1
19,18,271055,split_spill_rejoin,4,plague_court,Plague Court,Bitter Enemy,126523,18884,6.7,13.3,48.0,48.0,686.9508,5680.3542,272657,2.155,over_band,spiteful;hexed,cleanse_threshold;suppress;poison_resistance;slow,"{""cleanse_threshold"":3.0,""poison_resistance"":0.33,""slow"":0.2,""suppress"":0.87}",400,16025,15625,1
19,18,271056,hourglass_detour,4,chrono_tyrant,Chrono Tyrant,Arcane Monster,97391,14536,6.7,13.3,35.0,35.0,653.2795,5488.6857,192104,1.9725,over_band,devious;arcane,cleanse_threshold;interrupt_skip_count;stun_duration_ms;slow,"{""cleanse_threshold"":3.0,""interrupt_skip_count"":3.0,""slow"":0.43,""stun_duration_ms"":991.0}",400,12438,12038,2
19,18,271057,hourglass_detour,4,void_regent,Void Regent,Nullifying Monster,153685,22938,6.7,13.3,45.0,45.0,711.986,6768.9778,304604,1.982,over_band,nullify;warded,absorb;poison_resistance;suppress,"{""absorb"":13.0,""poison_resistance"":0.44,""suppress"":0.44}",400,19348,18948,0
19,18,271058,woven_boss_approach,3,void_regent,Void Regent,Dimming Monster,164090,24491,6.7,13.3,55.0,55.0,661.2007,6286.1455,345738,2.107,over_band,nullify;warded,absorb;poison_resistance;suppress,"{""absorb"":11.0,""poison_resistance"":0.58,""suppress"":0.47}",400,20651,20251,0
19,18,271059,braided_sideboard,4,void_regent,Void Regent,Hollow Threat,141913,21181,6.7,13.3,38.0,38.0,789.5438,7506.4474,285245,2.01,over_band,nullify;warded,absorb;poison_resistance;suppress,"{""absorb"":9.0,""poison_resistance"":0.54,""suppress"":0.44}",400,17868,17468,0
19,18,271060,five_way_market,3,apex_bulwark,Apex Bulwark,Fortified Sentinel,96916,14465,6.7,13.3,45.0,45.0,675.5539,6482.6,291717,3.01,over_band,aegis;fortified,block;armor;crit_negation,"{""armor"":120.0,""block"":9.0,""crit_negation"":0.65}",400,12283,11883,0
19,18,271061,elite_orbit,4,chrono_tyrant,Chrono Tyrant,Arcane Monster,179158,26740,6.7,13.3,51.0,51.0,790.0366,6637.6275,338519,1.8895,over_band,devious;arcane,interrupt_skip_count;slow;cleanse_threshold;stun_duration_ms,"{""cleanse_threshold"":3.0,""interrupt_skip_count"":2.0,""slow"":0.56,""stun_duration_ms"":627.0}",400,22631,22231,0
19,18,271062,split_spill_rejoin,4,chrono_tyrant,Chrono Tyrant,Devious Enemy,184927,27601,6.7,13.3,56.0,56.0,784.7082,6592.9821,369207,1.9965,over_band,devious;arcane,interrupt_skip_count;stun_duration_ms;slow;cleanse_threshold,"{""cleanse_threshold"":3.0,""interrupt_skip_count"":2.0,""slow"":0.48,""stun_duration_ms"":985.0}",400,23366,22966,1
19,18,271063,elite_orbit,4,chrono_tyrant,Chrono Tyrant,Devious Threat,153397,22895,6.7,13.3,50.0,50.0,689.4001,5792.28,289614,1.888,over_band,devious;arcane,interrupt_skip_count;slow;stun_duration_ms;cleanse_threshold,"{""cleanse_threshold"":4.0,""interrupt_skip_count"":2.0,""slow"":0.37,""stun_duration_ms"":942.0}",400,19407,19007,1
19,18,271064,braided_sideboard,4,plague_court,Plague Court,Spiteful Bloom,104091,15536,6.7,13.3,35.0,35.0,729.7434,6034.3143,211201,2.029,over_band,spiteful;hexed,cleanse_threshold;slow;suppress;poison_resistance,"{""cleanse_threshold"":3.0,""poison_resistance"":0.35,""slow"":0.17,""suppress"":0.7}",400,13206,12806,1
19,18,271065,elite_orbit,4,apex_bulwark,Apex Bulwark,Braced Monster,138724,20705,6.7,13.3,52.0,52.0,845.728,8115.3462,421998,3.042,over_band,aegis;fortified,block;armor;crit_negation,"{""armor"":120.0,""block"":10.0,""crit_negation"":0.67}",400,17514,17114,1
19,18,271066,five_way_market,3,void_regent,Void Regent,Nullifying Threat,172297,25716,6.7,13.3,51.0,51.0,727.3784,6915.5294,352692,2.047,over_band,nullify;warded,absorb;poison_resistance;suppress,"{""absorb"":14.0,""poison_resistance"":0.48,""suppress"":0.45}",400,21680,21280,0
19,18,271067,hourglass_detour,4,plague_court,Plague Court,Spiteful Seer,121203,18090,6.7,13.3,38.0,38.0,786.1123,6500.3158,247012,2.038,over_band,spiteful;hexed,cleanse_threshold;suppress;poison_resistance;slow,"{""cleanse_threshold"":4.0,""poison_resistance"":0.24,""slow"":0.25,""suppress"":0.75}",400,15345,14945,1
19,18,271068,five_way_market,3,plague_court,Plague Court,Withering Hexbearer,161698,24134,6.7,13.3,49.0,49.0,789.3494,6527.3265,319839,1.978,over_band,spiteful;hexed,cleanse_threshold;suppress;poison_resistance;slow,"{""cleanse_threshold"":4.0,""poison_resistance"":0.23,""slow"":0.28,""suppress"":0.64}",400,20399,19999,0
19,18,271069,braided_sideboard,4,apex_bulwark,Apex Bulwark,Shielded Guard,91281,13624,6.7,13.3,35.0,35.0,826.7606,7933.6286,277677,3.042,over_band,aegis;fortified,block;armor;crit_negation,"{""armor"":120.0,""block"":10.0,""crit_negation"":0.67}",400,11583,11183,1
19,18,271070,hourglass_detour,4,chrono_tyrant,Chrono Tyrant,Devious Monster,202709,30255,6.7,13.3,59.0,59.0,818.0559,6873.2034,405519,2.0005,over_band,devious;arcane,stun_duration_ms;cleanse_threshold;interrupt_skip_count;slow,"{""cleanse_threshold"":3.0,""interrupt_skip_count"":3.0,""slow"":0.44,""stun_duration_ms"":1029.0}",400,25607,25207,2
19,18,271071,woven_boss_approach,3,plague_court,Plague Court,Bitter Hexbearer,165182,24654,6.7,13.3,60.0,60.0,681.8505,5638.2167,338293,2.048,over_band,spiteful;hexed,cleanse_threshold;poison_resistance;suppress;slow,"{""cleanse_threshold"":4.0,""poison_resistance"":0.28,""slow"":0.17,""suppress"":0.81}",400,20841,20441,1
19,18,271072,five_way_market,3,plague_court,Plague Court,Withering Threat,183580,27400,6.7,13.3,57.0,57.0,769.9994,6367.3333,362938,1.977,over_band,spiteful;hexed,cleanse_threshold;poison_resistance;suppress;slow,"{""cleanse_threshold"":3.0,""poison_resistance"":0.22,""slow"":0.28,""suppress"":0.67}",400,23143,22743,0
19,18,271073,hourglass_detour,4,apex_bulwark,Apex Bulwark,Bulwark Gatekeeper,113264,16905,6.7,13.3,55.0,55.0,667.0008,6400.4545,352025,3.108,over_band,aegis;fortified,block;armor;crit_negation,"{""armor"":120.0,""block"":10.0,""crit_negation"":0.78}",400,14339,13939,1
19,18,271074,five_way_market,3,plague_court,Plague Court,Withering Monster,126007,18807,6.7,13.3,44.0,44.0,712.0243,5887.9545,259070,2.056,over_band,spiteful;hexed,cleanse_threshold;suppress;poison_resistance;slow,"{""cleanse_threshold"":3.0,""poison_resistance"":0.33,""slow"":0.23,""suppress"":0.69}",400,15950,15550,1
19,18,271075,five_way_market,3,plague_court,Plague Court,Spiteful Bloom,167641,25021,6.7,13.3,60.0,60.0,677.1228,5599.2167,335953,2.004,over_band,spiteful;hexed,cleanse_threshold;suppress;poison_resistance;slow,"{""cleanse_threshold"":4.0,""poison_resistance"":0.24,""slow"":0.29,""suppress"":0.65}",400,21145,20745,0
19,18,271076,five_way_market,3,apex_bulwark,Apex Bulwark,Fortified Guard,73030,10900,6.7,13.3,35.0,35.0,664.5066,6376.5714,223180,3.056,over_band,aegis;fortified,block;armor;crit_negation,"{""armor"":120.0,""block"":14.0,""crit_negation"":0.56}",400,9305,8905,0
19,18,271077,five_way_market,3,plague_court,Plague Court,Spiteful Bloom,121203,18090,6.7,13.3,37.0,37.0,832.6994,6885.6486,254769,2.102,over_band,spiteful;hexed,cleanse_threshold;suppress;poison_resistance;slow,"{""cleanse_threshold"":4.0,""poison_resistance"":0.25,""slow"":0.31,""suppress"":0.75}",400,15351,14951,1
19,18,271078,hourglass_detour,4,void_regent,Void Regent,Hollow Monster,186548,27843,6.7,13.3,58.0,58.0,697.9078,6635.3276,384849,2.063,over_band,nullify;warded,absorb;poison_resistance;suppress,"{""absorb"":13.0,""poison_resistance"":0.5,""suppress"":0.47}",400,23462,23062,0
19,18,271079,elite_orbit,4,void_regent,Void Regent,Nullifying Vessel,91475,13653,6.7,13.3,31.0,31.0,673.1847,6400.2903,198409,2.169,over_band,nullify;warded,absorb;poison_resistance;suppress,"{""absorb"":14.0,""poison_resistance"":0.56,""suppress"":0.51}",400,11586,11186,0
19,18,271080,five_way_market,3,plague_court,Plague Court,Bitter Seer,189449,28276,6.7,13.3,55.0,55.0,832.6888,6885.6182,378709,1.999,over_band,spiteful;hexed,cleanse_threshold;suppress;slow;poison_resistance,"{""cleanse_threshold"":4.0,""poison_resistance"":0.27,""slow"":0.22,""suppress"":0.69}",400,23870,23470,1
20,19,281001,woven_boss_approach,3,plague_court,Plague Court,Hexed Bloom,109461,15098,7.25,14.5,35.0,35.0,756.0029,6764.6857,236764,2.163,over_band,spiteful;hexed,cleanse_threshold;suppress;slow;poison_resistance,"{""cleanse_threshold"":4.0,""poison_resistance"":0.27,""slow"":0.2,""suppress"":0.95}",400,13890,13490,1
20,19,281002,five_way_market,3,plague_court,Plague Court,Spiteful Bloom,111150,15331,7.25,14.5,34.0,34.0,736.1896,6587.2647,223967,2.015,over_band,spiteful;hexed,cleanse_threshold;suppress;slow;poison_resistance,"{""cleanse_threshold"":4.0,""poison_resistance"":0.29,""slow"":0.2,""suppress"":0.71}",400,14083,13683,1
20,19,281003,hourglass_detour,4,void_regent,Void Regent,Nullifying Acolyte,182620,25189,7.25,14.5,46.0,46.0,780.6647,8031.3043,369440,2.023,over_band,nullify;warded,absorb;poison_resistance;suppress,"{""absorb"":14.0,""poison_resistance"":0.54,""suppress"":0.33}",400,22965,22565,0
20,19,281004,five_way_market,3,plague_court,Plague Court,Withering Hexbearer,132247,18241,7.25,14.5,31.0,31.0,922.0768,8250.5161,255766,1.934,over_band,spiteful;hexed,cleanse_threshold;suppress;slow;poison_resistance,"{""cleanse_threshold"":3.0,""poison_resistance"":0.2,""slow"":0.2,""suppress"":0.74}",400,16724,16324,1
20,19,281005,elite_orbit,4,chrono_tyrant,Chrono Tyrant,Arcane Monster,224308,30939,7.25,14.5,51.0,51.0,897.3883,8158.6471,416091,1.855,over_band,devious;arcane,interrupt_skip_count;stun_duration_ms;slow;cleanse_threshold,"{""cleanse_threshold"":4.0,""interrupt_skip_count"":3.0,""slow"":0.45,""stun_duration_ms"":696.0}",400,28282,27882,1
20,19,281006,braided_sideboard,4,chrono_tyrant,Chrono Tyrant,Arcane Enemy,138120,19051,7.25,14.5,34.0,34.0,894.0864,8128.7647,276378,2.001,over_band,devious;arcane,cleanse_threshold;interrupt_skip_count;stun_duration_ms;slow,"{""cleanse_threshold"":4.0,""interrupt_skip_count"":2.0,""slow"":0.49,""stun_duration_ms"":952.0}",400,17508,17108,1
20,19,281007,braided_sideboard,4,apex_bulwark,Apex Bulwark,Shielded Enemy,103334,14253,7.25,14.5,38.0,38.0,800.333,8310.2368,315789,3.056,over_band,aegis;fortified,block;armor;crit_negation,"{""armor"":120.0,""block"":8.0,""crit_negation"":0.76}",400,13091,12691,1
20,19,281008,elite_orbit,4,void_regent,Void Regent,Warded Enemy,156006,21518,7.25,14.5,34.0,34.0,903.1738,9291.5294,315912,2.025,over_band,nullify;warded,absorb;poison_resistance;suppress,"{""absorb"":13.0,""poison_resistance"":0.56,""suppress"":0.33}",400,19636,19236,0
20,19,281009,woven_boss_approach,3,void_regent,Void Regent,Nullifying Vessel,144239,19895,7.25,14.5,38.0,38.0,745.2995,7667.4474,291363,2.02,over_band,nullify;warded,absorb;poison_resistance;suppress,"{""absorb"":11.0,""poison_resistance"":0.5,""suppress"":0.46}",400,18165,17765,0
20,19,281010,elite_orbit,4,apex_bulwark,Apex Bulwark,Shielded Enemy,144514,19933,7.25,14.5,59.0,59.0,729.8461,7578.4068,447126,3.094,over_band,aegis;fortified,block;armor;crit_negation,"{""armor"":120.0,""block"":15.0,""crit_negation"":0.59}",400,18245,17845,0
20,19,281011,split_spill_rejoin,4,chrono_tyrant,Chrono Tyrant,Arcane Enemy,153881,21225,7.25,14.5,45.0,45.0,752.4482,6840.8667,307839,2.0005,over_band,devious;arcane,slow;stun_duration_ms;cleanse_threshold;interrupt_skip_count,"{""cleanse_threshold"":4.0,""interrupt_skip_count"":3.0,""slow"":0.49,""stun_duration_ms"":915.0}",400,19494,19094,2
20,19,281012,elite_orbit,4,plague_court,Plague Court,Bitter Bloom,180242,24861,7.25,14.5,53.0,53.0,717.5659,6420.6981,340297,1.888,over_band,spiteful;hexed,cleanse_threshold;suppress;poison_resistance;slow,"{""cleanse_threshold"":4.0,""poison_resistance"":0.23,""slow"":0.18,""suppress"":0.64}",400,22708,22308,0
20,19,281013,braided_sideboard,4,chrono_tyrant,Chrono Tyrant,Arcane Enemy,201485,27791,7.25,14.5,53.0,53.0,781.9343,7109.0,376777,1.87,over_band,devious;arcane,cleanse_threshold;stun_duration_ms;interrupt_skip_count;slow,"{""cleanse_threshold"":3.0,""interrupt_skip_count"":3.0,""slow"":0.4,""stun_duration_ms"":840.0}",400,25438,25038,2
20,19,281014,braided_sideboard,4,plague_court,Plague Court,Hexed Seer,215129,29673,7.25,14.5,56.0,56.0,875.8276,7836.8393,438863,2.04,over_band,spiteful;hexed,cleanse_threshold;suppress;slow;poison_resistance,"{""cleanse_threshold"":3.0,""poison_resistance"":0.26,""slow"":0.22,""suppress"":0.78}",400,27092,26692,1
20,19,281015,elite_orbit,4,apex_bulwark,Apex Bulwark,Bulwark Monster,111846,15427,7.25,14.5,37.0,37.0,900.7279,9352.7568,346052,3.094,over_band,aegis;fortified,block;armor;crit_negation,"{""armor"":120.0,""block"":9.0,""crit_negation"":0.79}",400,14160,13760,1
20,19,281016,hourglass_detour,4,plague_court,Plague Court,Withering Enemy,120684,16646,7.25,14.5,36.0,36.0,732.0394,6550.4722,235817,1.954,over_band,spiteful;hexed,cleanse_threshold;suppress;slow;poison_resistance,"{""cleanse_threshold"":3.0,""poison_resistance"":0.19,""slow"":0.21,""suppress"":0.77}",400,15281,14881,1
20,19,281017,woven_boss_approach,3,void_regent,Void Regent,Nullifying Enemy,110599,15255,7.25,14.5,32.0,32.0,710.5653,7309.9063,233917,2.115,over_band,nullify;warded,absorb;poison_resistance;suppress,"{""absorb"":14.0,""poison_resistance"":0.59,""suppress"":0.39}",400,13969,13569,0
20,19,281018,elite_orbit,4,apex_bulwark,Apex Bulwark,Bulwark Sentinel,90176,12438,7.25,14.5,30.0,30.0,896.2604,9306.1667,279185,3.096,over_band,aegis;fortified,block;armor;crit_negation,"{""armor"":120.0,""block"":16.0,""crit_negation"":0.56}",400,11453,11053,0
20,19,281019,braided_sideboard,4,apex_bulwark,Apex Bulwark,Bulwark Monster,88312,12181,7.25,14.5,34.0,34.0,767.9789,7974.0588,271118,3.07,over_band,aegis;fortified,block;armor;crit_negation,"{""armor"":120.0,""block"":12.0,""crit_negation"":0.65}",400,11216,10816,0
20,19,281020,elite_orbit,4,apex_bulwark,Apex Bulwark,Bulwark Sentinel,75349,10393,7.25,14.5,30.0,30.0,745.5128,7740.8667,232226,3.082,over_band,aegis;fortified,block;armor;crit_negation,"{""armor"":120.0,""block"":12.0,""crit_negation"":0.67}",400,9598,9198,1
20,19,281021,split_spill_rejoin,4,void_regent,Void Regent,Nullifying Keeper,257694,35544,7.25,14.5,55.0,55.0,903.1085,9291.0364,511007,1.983,over_band,nullify;warded,absorb;poison_resistance;suppress,"{""absorb"":13.0,""poison_resistance"":0.49,""suppress"":0.37}",400,32346,31946,0
20,19,281022,hourglass_detour,4,chrono_tyrant,Chrono Tyrant,Arcane Threat,150728,20790,7.25,14.5,37.0,37.0,875.339,7958.027,294447,1.9535,over_band,devious;arcane,cleanse_threshold;stun_duration_ms;slow;interrupt_skip_count,"{""cleanse_threshold"":3.0,""interrupt_skip_count"":3.0,""slow"":0.49,""stun_duration_ms"":845.0}",400,19102,18702,2
20,19,281023,split_spill_rejoin,4,apex_bulwark,Apex Bulwark,Bulwark Enemy,96969,13375,7.25,14.5,31.0,31.0,903.7335,9384.0968,290907,3.0,over_band,aegis;fortified,block;armor;crit_negation,"{""armor"":120.0,""block"":10.0,""crit_negation"":0.6}",400,12288,11888,0
20,19,281024,five_way_market,3,apex_bulwark,Apex Bulwark,Shielded Monster,130950,18062,7.25,14.5,45.0,45.0,861.5173,8945.3333,402540,3.074,over_band,aegis;fortified,block;armor;crit_negation,"{""armor"":120.0,""block"":8.0,""crit_negation"":0.79}",400,16545,16145,1
20,19,281025,braided_sideboard,4,chrono_tyrant,Chrono Tyrant,Devious Threat,158993,21930,7.25,14.5,45.0,45.0,761.131,6919.7333,311388,1.9585,over_band,devious;arcane,slow;cleanse_threshold;stun_duration_ms;interrupt_skip_count,"{""cleanse_threshold"":4.0,""interrupt_skip_count"":3.0,""slow"":0.38,""stun_duration_ms"":1029.0}",400,20130,19730,2
20,19,281026,elite_orbit,4,void_regent,Void Regent,Dimming Enemy,181584,25046,7.25,14.5,46.0,46.0,805.7798,8289.6957,381326,2.1,over_band,nullify;warded,absorb;poison_resistance;suppress,"{""absorb"":13.0,""poison_resistance"":0.53,""suppress"":0.48}",400,22843,22443,0
20,19,281027,elite_orbit,4,void_regent,Void Regent,Nullifying Enemy,246261,33967,7.25,14.5,57.0,57.0,810.9394,8342.6316,475530,1.931,over_band,nullify;warded,absorb;poison_resistance;suppress,"{""absorb"":9.0,""poison_resistance"":0.51,""suppress"":0.37}",400,30906,30506,0
20,19,281028,woven_boss_approach,3,apex_bulwark,Apex Bulwark,Fortified Gatekeeper,165692,22854,7.25,14.5,56.0,56.0,869.0892,9024.3036,505361,3.05,over_band,aegis;fortified,block;armor;crit_negation,"{""armor"":120.0,""block"":11.0,""crit_negation"":0.65}",400,20886,20486,0
20,19,281029,woven_boss_approach,3,plague_court,Plague Court,Hexed Bloom,130979,18066,7.25,14.5,35.0,35.0,856.9424,7667.8857,268376,2.049,over_band,spiteful;hexed,cleanse_threshold;slow;poison_resistance;suppress,"{""cleanse_threshold"":4.0,""poison_resistance"":0.38,""slow"":0.2,""suppress"":0.63}",400,16560,16160,0
20,19,281030,hourglass_detour,4,apex_bulwark,Apex Bulwark,Shielded Gatekeeper,148589,20495,7.25,14.5,48.0,48.0,902.7193,9373.4792,449927,3.028,over_band,aegis;fortified,block;armor;crit_negation,"{""armor"":120.0,""block"":12.0,""crit_negation"":0.58}",400,18745,18345,0
20,19,281031,split_spill_rejoin,4,plague_court,Plague Court,Hexed Hexbearer,208372,28741,7.25,14.5,56.0,56.0,826.2695,7393.4821,414035,1.987,over_band,spiteful;hexed,cleanse_threshold;suppress;poison_resistance;slow,"{""cleanse_threshold"":3.0,""poison_resistance"":0.28,""slow"":0.24,""suppress"":0.65}",400,26241,25841,0
20,19,281032,woven_boss_approach,3,void_regent,Void Regent,Dimming Monster,190124,26224,7.25,14.5,50.0,50.0,805.0078,8281.8,414090,2.178,over_band,nullify;warded,absorb;poison_resistance;suppress,"{""absorb"":14.0,""poison_resistance"":0.59,""suppress"":0.48}",400,23917,23517,0
20,19,281033,woven_boss_approach,3,chrono_tyrant,Chrono Tyrant,Arcane Threat,130428,17990,7.25,14.5,32.0,32.0,838.5715,7623.9375,243966,1.8705,over_band,devious;arcane,interrupt_skip_count;cleanse_threshold;slow;stun_duration_ms,"{""cleanse_threshold"":3.0,""interrupt_skip_count"":3.0,""slow"":0.5,""stun_duration_ms"":661.0}",400,16555,16155,1
20,19,281034,woven_boss_approach,3,chrono_tyrant,Chrono Tyrant,Arcane Monster,185861,25636,7.25,14.5,56.0,56.0,732.3244,6657.8036,372837,2.006,over_band,devious;arcane,cleanse_threshold;interrupt_skip_count;stun_duration_ms;slow,"{""cleanse_threshold"":3.0,""interrupt_skip_count"":2.0,""slow"":0.62,""stun_duration_ms"":752.0}",400,23482,23082,1
20,19,281035,woven_boss_approach,3,apex_bulwark,Apex Bulwark,Fortified Guard,143739,19826,7.25,14.5,52.0,52.0,824.7126,8563.5192,445303,3.098,over_band,aegis;fortified,block;armor;crit_negation,"{""armor"":120.0,""block"":11.0,""crit_negation"":0.73}",400,18147,17747,1
20,19,281036,braided_sideboard,4,chrono_tyrant,Chrono Tyrant,Arcane Enemy,210910,29091,7.25,14.5,53.0,53.0,915.2553,8321.0,441013,2.091,over_band,devious;arcane,slow;stun_duration_ms;interrupt_skip_count;cleanse_threshold,"{""cleanse_threshold"":4.0,""interrupt_skip_count"":2.0,""slow"":0.58,""stun_duration_ms"":970.0}",400,26616,26216,2
20,19,281037,woven_boss_approach,3,apex_bulwark,Apex Bulwark,Bulwark Enemy,135097,18634,7.25,14.5,52.0,52.0,795.1666,8256.5,429338,3.178,over_band,aegis;fortified,block;armor;crit_negation,"{""armor"":120.0,""block"":15.0,""crit_negation"":0.73}",400,17079,16679,1
20,19,281038,braided_sideboard,4,plague_court,Plague Court,Bitter Enemy,131095,18082,7.25,14.5,34.0,34.0,886.8083,7935.1176,269794,2.058,over_band,spiteful;hexed,cleanse_threshold;suppress;slow;poison_resistance,"{""cleanse_threshold"":4.0,""poison_resistance"":0.22,""slow"":0.31,""suppress"":0.73}",400,16584,16184,1
20,19,281039,hourglass_detour,4,plague_court,Plague Court,Bitter Threat,189319,26113,7.25,14.5,58.0,58.0,759.8452,6799.1552,394351,2.083,over_band,spiteful;hexed,cleanse_threshold;suppress;poison_resistance;slow,"{""cleanse_threshold"":4.0,""poison_resistance"":0.19,""slow"":0.27,""suppress"":0.86}",400,23866,23466,1
20,19,281040,hourglass_detour,4,chrono_tyrant,Chrono Tyrant,Devious Threat,148632,20501,7.25,14.5,36.0,36.0,804.0169,7309.8056,263153,1.7705,over_band,devious;arcane,interrupt_skip_count;stun_duration_ms;cleanse_threshold;slow,"{""cleanse_threshold"":3.0,""interrupt_skip_count"":3.0,""slow"":0.38,""stun_duration_ms"":677.0}",400,18820,18420,1
20,19,281041,five_way_market,3,chrono_tyrant,Chrono Tyrant,Devious Monster,207089,28564,7.25,14.5,51.0,51.0,861.3297,7830.8039,399371,1.9285,over_band,devious;arcane,stun_duration_ms;slow;interrupt_skip_count;cleanse_threshold,"{""cleanse_threshold"":3.0,""interrupt_skip_count"":3.0,""slow"":0.5,""stun_duration_ms"":777.0}",400,26144,25744,1
20,19,281042,braided_sideboard,4,apex_bulwark,Apex Bulwark,Fortified Gatekeeper,139911,19298,7.25,14.5,49.0,49.0,876.1145,9097.0612,445756,3.186,over_band,aegis;fortified,block;armor;crit_negation,"{""armor"":120.0,""block"":16.0,""crit_negation"":0.71}",400,17682,17282,1
20,19,281043,hourglass_detour,4,void_regent,Void Regent,Hollow Vessel,179467,24754,7.25,14.5,44.0,44.0,807.6224,8308.5,365574,2.037,over_band,nullify;warded,absorb;poison_resistance;suppress,"{""absorb"":14.0,""poison_resistance"":0.54,""suppress"":0.35}",400,22571,22171,0
20,19,281044,woven_boss_approach,3,apex_bulwark,Apex Bulwark,Shielded Threat,88349,12186,7.25,14.5,32.0,32.0,816.264,8475.9688,271231,3.07,over_band,aegis;fortified,block;armor;crit_negation,"{""armor"":120.0,""block"":12.0,""crit_negation"":0.65}",400,11221,10821,0
20,19,281045,elite_orbit,4,plague_court,Plague Court,Spiteful Enemy,145602,20083,7.25,14.5,35.0,35.0,884.2828,7912.4286,276935,1.902,over_band,spiteful;hexed,cleanse_threshold;poison_resistance;slow;suppress,"{""cleanse_threshold"":4.0,""poison_resistance"":0.22,""slow"":0.16,""suppress"":0.7}",400,18381,17981,1
20,19,281046,hourglass_detour,4,apex_bulwark,Apex Bulwark,Shielded Guard,76720,10582,7.25,14.5,31.0,31.0,738.8345,7672.0,237832,3.1,over_band,aegis;fortified,block;armor;crit_negation,"{""armor"":120.0,""block"":12.0,""crit_negation"":0.7}",400,9771,9371,1
20,19,281047,split_spill_rejoin,4,void_regent,Void Regent,Warded Threat,137547,18972,7.25,14.5,34.0,34.0,813.584,8370.1471,284585,2.069,over_band,nullify;warded,absorb;poison_resistance;suppress,"{""absorb"":12.0,""poison_resistance"":0.58,""suppress"":0.39}",400,17329,16929,0
20,19,281048,elite_orbit,4,plague_court,Plague Court,Spiteful Threat,197606,27256,7.25,14.5,58.0,58.0,775.2213,6936.6552,402326,2.036,over_band,spiteful;hexed,cleanse_threshold;suppress;poison_resistance;slow,"{""cleanse_threshold"":3.0,""poison_resistance"":0.27,""slow"":0.22,""suppress"":0.76}",400,24901,24501,1
20,19,281049,elite_orbit,4,chrono_tyrant,Chrono Tyrant,Arcane Monster,123939,17095,7.25,14.5,32.0,32.0,821.9912,7473.125,239140,1.9295,over_band,devious;arcane,stun_duration_ms;interrupt_skip_count;cleanse_threshold;slow,"{""cleanse_threshold"":4.0,""interrupt_skip_count"":3.0,""slow"":0.37,""stun_duration_ms"":989.0}",400,15744,15344,2
20,19,281050,braided_sideboard,4,apex_bulwark,Apex Bulwark,Shielded Gatekeeper,88849,12255,7.25,14.5,32.0,32.0,817.1617,8485.0938,271523,3.056,over_band,aegis;fortified,block;armor;crit_negation,"{""armor"":120.0,""block"":11.0,""crit_negation"":0.66}",400,11281,10881,0
20,19,281051,hourglass_detour,4,chrono_tyrant,Chrono Tyrant,Devious Threat,230289,31764,7.25,14.5,52.0,52.0,876.3353,7967.1154,414290,1.799,over_band,devious;arcane,interrupt_skip_count;stun_duration_ms;cleanse_threshold;slow,"{""cleanse_threshold"":3.0,""interrupt_skip_count"":3.0,""slow"":0.36,""stun_duration_ms"":770.0}",400,29030,28630,1
20,19,281052,elite_orbit,4,void_regent,Void Regent,Hollow Vessel,121626,16776,7.25,14.5,32.0,32.0,737.4167,7586.4063,242765,1.996,over_band,nullify;warded,absorb;poison_resistance;suppress,"{""absorb"":8.0,""poison_resistance"":0.53,""suppress"":0.46}",400,15331,14931,0
20,19,281053,hourglass_detour,4,chrono_tyrant,Chrono Tyrant,Devious Monster,183012,25243,7.25,14.5,46.0,46.0,872.8027,7935.1522,365017,1.9945,over_band,devious;arcane,cleanse_threshold;slow;stun_duration_ms;interrupt_skip_count,"{""cleanse_threshold"":3.0,""interrupt_skip_count"":3.0,""slow"":0.48,""stun_duration_ms"":945.0}",400,23143,22743,2
20,19,281054,braided_sideboard,4,void_regent,Void Regent,Warded Monster,128398,17710,7.25,14.5,31.0,31.0,843.0268,8673.0645,268865,2.094,over_band,nullify;warded,absorb;poison_resistance;suppress,"{""absorb"":11.0,""poison_resistance"":0.56,""suppress"":0.48}",400,16189,15789,0
20,19,281055,hourglass_detour,4,plague_court,Plague Court,Withering Bloom,195018,26899,7.25,14.5,56.0,56.0,795.8967,7121.6429,398812,2.045,over_band,spiteful;hexed,cleanse_threshold;suppress;poison_resistance;slow,"{""cleanse_threshold"":3.0,""poison_resistance"":0.31,""slow"":0.24,""suppress"":0.69}",400,24576,24176,1
20,19,281056,five_way_market,3,plague_court,Plague Court,Withering Hexbearer,145682,20094,7.25,14.5,38.0,38.0,900.5796,8058.5263,306224,2.102,over_band,spiteful;hexed,cleanse_threshold;suppress;slow;poison_resistance,"{""cleanse_threshold"":3.0,""poison_resistance"":0.24,""slow"":0.21,""suppress"":0.91}",400,18419,18019,1
20,19,281057,five_way_market,3,void_regent,Void Regent,Nullifying Acolyte,162647,22434,7.25,14.5,38.0,38.0,907.7918,9339.3684,354896,2.182,over_band,nullify;warded,absorb;poison_resistance;suppress,"{""absorb"":14.0,""poison_resistance"":0.58,""suppress"":0.5}",400,20483,20083,0
20,19,281058,split_spill_rejoin,4,plague_court,Plague Court,Hexed Hexbearer,169614,23395,7.25,14.5,46.0,46.0,886.381,7931.3043,364840,2.151,over_band,spiteful;hexed,cleanse_threshold;suppress;poison_resistance;slow,"{""cleanse_threshold"":4.0,""poison_resistance"":0.3,""slow"":0.27,""suppress"":0.8}",400,21404,21004,1
20,19,281059,braided_sideboard,4,void_regent,Void Regent,Hollow Threat,187057,25801,7.25,14.5,49.0,49.0,746.6096,7680.7959,376359,2.012,over_band,nullify;warded,absorb;poison_resistance;suppress,"{""absorb"":12.0,""poison_resistance"":0.46,""suppress"":0.48}",400,23519,23119,0
20,19,281060,woven_boss_approach,3,chrono_tyrant,Chrono Tyrant,Devious Monster,174950,24131,7.25,14.5,49.0,49.0,779.9385,7090.8367,347451,1.986,over_band,devious;arcane,cleanse_threshold;stun_duration_ms;slow;interrupt_skip_count,"{""cleanse_threshold"":3.0,""interrupt_skip_count"":2.0,""slow"":0.57,""stun_duration_ms"":802.0}",400,22116,21716,0
20,19,281061,hourglass_detour,4,void_regent,Void Regent,Nullifying Enemy,125795,17351,7.25,14.5,32.0,32.0,708.8083,7292.1875,233350,1.855,over_band,nullify;warded,absorb;poison_resistance;suppress,"{""absorb"":8.0,""poison_resistance"":0.48,""suppress"":0.33}",400,15839,15439,0
20,19,281062,hourglass_detour,4,chrono_tyrant,Chrono Tyrant,Arcane Monster,188449,25993,7.25,14.5,58.0,58.0,717.4372,6522.6034,378311,2.0075,over_band,devious;arcane,stun_duration_ms;slow;cleanse_threshold;interrupt_skip_count,"{""cleanse_threshold"":3.0,""interrupt_skip_count"":3.0,""slow"":0.57,""stun_duration_ms"":809.0}",400,23822,23422,1
20,19,281063,braided_sideboard,4,chrono_tyrant,Chrono Tyrant,Arcane Monster,171789,23695,7.25,14.5,49.0,49.0,780.3051,7094.1837,347615,2.0235,over_band,devious;arcane,stun_duration_ms;interrupt_skip_count;cleanse_threshold;slow,"{""cleanse_threshold"":3.0,""interrupt_skip_count"":3.0,""slow"":0.62,""stun_duration_ms"":751.0}",400,21741,21341,2
20,19,281064,five_way_market,3,plague_court,Plague Court,Hexed Hexbearer,113332,15632,7.25,14.5,37.0,37.0,775.3395,6937.7568,256697,2.265,over_band,spiteful;hexed,cleanse_threshold;suppress;poison_resistance;slow,"{""cleanse_threshold"":3.0,""poison_resistance"":0.32,""slow"":0.31,""suppress"":0.9}",400,14388,13988,1
20,19,281065,split_spill_rejoin,4,apex_bulwark,Apex Bulwark,Shielded Enemy,135495,18689,7.25,14.5,48.0,48.0,838.3942,8705.5625,417867,3.084,over_band,aegis;fortified,block;armor;crit_negation,"{""armor"":120.0,""block"":10.0,""crit_negation"":0.74}",400,17115,16715,1
20,19,281066,hourglass_detour,4,plague_court,Plague Court,Bitter Threat,134618,18568,7.25,14.5,38.0,38.0,808.8632,7237.5,275025,2.043,over_band,spiteful;hexed,cleanse_threshold;poison_resistance;suppress;slow,"{""cleanse_threshold"":3.0,""poison_resistance"":0.33,""slow"":0.27,""suppress"":0.62}",400,17023,16623,0
20,19,281067,split_spill_rejoin,4,apex_bulwark,Apex Bulwark,Fortified Threat,96498,13310,7.25,14.5,37.0,37.0,786.7004,8168.4324,302232,3.132,over_band,aegis;fortified,block;armor;crit_negation,"{""armor"":120.0,""block"":16.0,""crit_negation"":0.62}",400,12248,11848,0
20,19,281068,elite_orbit,4,plague_court,Plague Court,Bitter Threat,219030,30211,7.25,14.5,60.0,60.0,877.5556,7852.2333,471134,2.151,over_band,spiteful;hexed,cleanse_threshold;suppress;poison_resistance;slow,"{""cleanse_threshold"":3.0,""poison_resistance"":0.28,""slow"":0.22,""suppress"":0.91}",400,27591,27191,1
20,19,281069,elite_orbit,4,chrono_tyrant,Chrono Tyrant,Devious Monster,200187,27612,7.25,14.5,56.0,56.0,713.4531,6486.4107,363239,1.8145,over_band,devious;arcane,cleanse_threshold;stun_duration_ms;interrupt_skip_count;slow,"{""cleanse_threshold"":3.0,""interrupt_skip_count"":2.0,""slow"":0.43,""stun_duration_ms"":711.0}",400,25253,24853,0
20,19,281070,braided_sideboard,4,void_regent,Void Regent,Nullifying Enemy,202290,27902,7.25,14.5,51.0,51.0,747.9748,7694.9608,392443,1.94,over_band,nullify;warded,absorb;poison_resistance;suppress,"{""absorb"":11.0,""poison_resistance"":0.42,""suppress"":0.46}",400,25417,25017,0
20,19,281071,five_way_market,3,plague_court,Plague Court,Withering Hexbearer,160399,22124,7.25,14.5,50.0,50.0,826.3682,7394.4,369720,2.305,over_band,spiteful;hexed,cleanse_threshold;suppress;poison_resistance;slow,"{""cleanse_threshold"":4.0,""poison_resistance"":0.32,""slow"":0.31,""suppress"":0.94}",400,20268,19868,1
20,19,281072,split_spill_rejoin,4,plague_court,Plague Court,Spiteful Monster,141237,19481,7.25,14.5,35.0,35.0,918.6333,8220.0,287700,2.037,over_band,spiteful;hexed,cleanse_threshold;suppress;slow;poison_resistance,"{""cleanse_threshold"":4.0,""poison_resistance"":0.35,""slow"":0.22,""suppress"":0.63}",400,17843,17443,0
20,19,281073,elite_orbit,4,void_regent,Void Regent,Dimming Acolyte,204421,28196,7.25,14.5,56.0,56.0,742.2942,7636.5893,427649,2.092,over_band,nullify;warded,absorb;poison_resistance;suppress,"{""absorb"":9.0,""poison_resistance"":0.58,""suppress"":0.5}",400,25689,25289,0
20,19,281074,woven_boss_approach,3,plague_court,Plague Court,Withering Monster,203471,28065,7.25,14.5,56.0,56.0,868.9582,7775.5,435428,2.14,over_band,spiteful;hexed,cleanse_threshold;suppress;slow;poison_resistance,"{""cleanse_threshold"":3.0,""poison_resistance"":0.22,""slow"":0.22,""suppress"":0.98}",400,25648,25248,1
20,19,281075,woven_boss_approach,3,chrono_tyrant,Chrono Tyrant,Devious Threat,143920,19851,7.25,14.5,35.0,35.0,829.0469,7537.2857,263805,1.833,over_band,devious;arcane,interrupt_skip_count;stun_duration_ms;cleanse_threshold;slow,"{""cleanse_threshold"":4.0,""interrupt_skip_count"":3.0,""slow"":0.46,""stun_duration_ms"":634.0}",400,18229,17829,1
20,19,281076,split_spill_rejoin,4,void_regent,Void Regent,Nullifying Monster,148734,20515,7.25,14.5,39.0,39.0,749.9234,7715.1026,300889,2.023,over_band,nullify;warded,absorb;poison_resistance;suppress,"{""absorb"":9.0,""poison_resistance"":0.56,""suppress"":0.43}",400,18722,18322,0
20,19,281077,hourglass_detour,4,void_regent,Void Regent,Warded Acolyte,178546,24627,7.25,14.5,48.0,48.0,746.2658,7677.4792,368519,2.064,over_band,nullify;warded,absorb;poison_resistance;suppress,"{""absorb"":10.0,""poison_resistance"":0.59,""suppress"":0.42}",400,22452,22052,0
20,19,281078,split_spill_rejoin,4,apex_bulwark,Apex Bulwark,Braced Threat,83614,11533,7.25,14.5,32.0,32.0,769.035,7985.125,255524,3.056,over_band,aegis;fortified,block;armor;crit_negation,"{""armor"":120.0,""block"":11.0,""crit_negation"":0.66}",400,10627,10227,0
20,19,281079,woven_boss_approach,3,apex_bulwark,Apex Bulwark,Bulwark Enemy,103414,14264,7.25,14.5,37.0,37.0,834.4734,8664.4054,320583,3.1,over_band,aegis;fortified,block;armor;crit_negation,"{""armor"":120.0,""block"":12.0,""crit_negation"":0.7}",400,13108,12708,1
20,19,281080,five_way_market,3,plague_court,Plague Court,Spiteful Bloom,110715,15271,7.25,14.5,32.0,32.0,803.8711,7193.0,230176,2.079,over_band,spiteful;hexed,cleanse_threshold;poison_resistance;suppress;slow,"{""cleanse_threshold"":4.0,""poison_resistance"":0.23,""slow"":0.26,""suppress"":0.81}",400,14037,13637,1
21,20,291001,five_way_market,3,void_regent,Void Regent,Warded Vessel,221184,27648,8.0,16.3,49.0,49.0,798.0504,9059.5102,443916,2.007,over_band,nullify;warded,absorb;poison_resistance;suppress,"{""absorb"":14.0,""poison_resistance"":0.44,""suppress"":0.45}",400,27789,27389,0
21,20,291002,five_way_market,3,plague_court,Plague Court,Spiteful Hexbearer,140960,17620,8.0,16.3,30.0,30.0,1035.547,10224.3,306729,2.176,over_band,spiteful;hexed,cleanse_threshold;suppress;poison_resistance;slow,"{""cleanse_threshold"":4.0,""poison_resistance"":0.37,""slow"":0.22,""suppress"":0.8}",400,17822,17422,1
21,20,291003,elite_orbit,4,chrono_tyrant,Chrono Tyrant,Devious Monster,154040,19255,8.0,16.3,31.0,31.0,988.6487,9918.1935,307464,1.996,over_band,devious;arcane,slow;interrupt_skip_count;cleanse_threshold;stun_duration_ms,"{""cleanse_threshold"":3.0,""interrupt_skip_count"":2.0,""slow"":0.52,""stun_duration_ms"":912.0}",400,19505,19105,1
21,20,291004,woven_boss_approach,3,chrono_tyrant,Chrono Tyrant,Devious Monster,150952,18869,8.0,16.3,31.0,31.0,861.0606,8638.3548,267789,1.774,over_band,devious;arcane,interrupt_skip_count;stun_duration_ms;cleanse_threshold;slow,"{""cleanse_threshold"":4.0,""interrupt_skip_count"":3.0,""slow"":0.37,""stun_duration_ms"":678.0}",400,19103,18703,1
21,20,291005,elite_orbit,4,void_regent,Void Regent,Nullifying Threat,350840,43855,8.0,16.3,59.0,59.0,1016.2219,11536.1017,680630,1.94,over_band,nullify;warded,absorb;poison_resistance;suppress,"{""absorb"":10.0,""poison_resistance"":0.41,""suppress"":0.5}",400,43985,43585,0
21,20,291006,braided_sideboard,4,plague_court,Plague Court,Hexed Enemy,228224,28528,8.0,16.3,50.0,50.0,1013.3572,10005.34,500267,2.192,over_band,spiteful;hexed,cleanse_threshold;slow;poison_resistance;suppress,"{""cleanse_threshold"":3.0,""poison_resistance"":0.34,""slow"":0.23,""suppress"":0.87}",400,28741,28341,1
21,20,291007,split_spill_rejoin,4,apex_bulwark,Apex Bulwark,Shielded Monster,139368,17421,8.0,16.3,37.0,37.0,1021.7845,11706.9189,433156,3.108,over_band,aegis;fortified,block;armor;crit_negation,"{""armor"":120.0,""block"":13.0,""crit_negation"":0.68}",400,17603,17203,1
21,20,291008,braided_sideboard,4,apex_bulwark,Apex Bulwark,Bulwark Enemy,218928,27366,8.0,16.3,59.0,59.0,948.9001,10872.1864,641459,2.93,over_band,aegis;fortified,block;armor;crit_negation,"{""armor"":120.0,""block"":8.0,""crit_negation"":0.55}",400,27523,27123,0
21,20,291009,braided_sideboard,4,apex_bulwark,Apex Bulwark,Shielded Monster,176520,22065,8.0,16.3,57.0,57.0,822.2052,9420.5965,536974,3.042,over_band,aegis;fortified,block;armor;crit_negation,"{""armor"":120.0,""block"":13.0,""crit_negation"":0.57}",400,22239,21839,0
21,20,291010,elite_orbit,4,void_regent,Void Regent,Warded Vessel,288816,36102,8.0,16.3,55.0,55.0,893.2359,10140.0727,557704,1.931,over_band,nullify;warded,absorb;poison_resistance;suppress,"{""absorb"":11.0,""poison_resistance"":0.46,""suppress"":0.39}",400,36229,35829,0
21,20,291011,woven_boss_approach,3,plague_court,Plague Court,Withering Threat,217728,27216,8.0,16.3,51.0,51.0,922.2602,9106.1569,464414,2.133,over_band,spiteful;hexed,cleanse_threshold;poison_resistance;suppress;slow,"{""cleanse_threshold"":3.0,""poison_resistance"":0.25,""slow"":0.21,""suppress"":0.94}",400,27428,27028,1
21,20,291012,five_way_market,3,apex_bulwark,Apex Bulwark,Shielded Guard,120032,15004,8.0,16.3,37.0,37.0,908.3158,10407.1081,385063,3.208,over_band,aegis;fortified,block;armor;crit_negation,"{""armor"":120.0,""block"":15.0,""crit_negation"":0.78}",400,15200,14800,1
21,20,291013,split_spill_rejoin,4,plague_court,Plague Court,Bitter Enemy,145696,18212,8.0,16.3,35.0,35.0,875.6635,8646.0286,302611,2.077,over_band,spiteful;hexed,cleanse_threshold;poison_resistance;suppress;slow,"{""cleanse_threshold"":3.0,""poison_resistance"":0.33,""slow"":0.16,""suppress"":0.81}",400,18413,18013,1
21,20,291014,elite_orbit,4,chrono_tyrant,Chrono Tyrant,Arcane Enemy,137088,17136,8.0,16.3,32.0,32.0,839.3234,8420.1875,269446,1.9655,over_band,devious;arcane,interrupt_skip_count;stun_duration_ms;slow;cleanse_threshold,"{""cleanse_threshold"":4.0,""interrupt_skip_count"":2.0,""slow"":0.53,""stun_duration_ms"":809.0}",400,17375,16975,0
21,20,291015,five_way_market,3,void_regent,Void Regent,Hollow Acolyte,314392,39299,8.0,16.3,58.0,58.0,944.022,10716.431,621553,1.977,over_band,nullify;warded,absorb;poison_resistance;suppress,"{""absorb"":9.0,""poison_resistance"":0.5,""suppress"":0.45}",400,39427,39027,0
21,20,291016,five_way_market,3,plague_court,Plague Court,Bitter Threat,221992,27749,8.0,16.3,57.0,57.0,867.371,8564.2105,488160,2.199,over_band,spiteful;hexed,cleanse_threshold;suppress;poison_resistance;slow,"{""cleanse_threshold"":4.0,""poison_resistance"":0.34,""slow"":0.17,""suppress"":0.94}",400,27955,27555,1
21,20,291017,braided_sideboard,4,plague_court,Plague Court,Hexed Threat,267592,33449,8.0,16.3,56.0,56.0,984.8551,9724.1071,544550,2.035,over_band,spiteful;hexed,cleanse_threshold;suppress;slow;poison_resistance,"{""cleanse_threshold"":4.0,""poison_resistance"":0.26,""slow"":0.17,""suppress"":0.82}",400,33642,33242,1
21,20,291018,five_way_market,3,void_regent,Void Regent,Hollow Keeper,206320,25790,8.0,16.3,37.0,37.0,1018.7719,11565.0811,427908,2.074,over_band,nullify;warded,absorb;poison_resistance;suppress,"{""absorb"":16.0,""poison_resistance"":0.45,""suppress"":0.48}",400,25939,25539,0
21,20,291019,five_way_market,3,chrono_tyrant,Chrono Tyrant,Devious Threat,253912,31739,8.0,16.3,50.0,50.0,936.211,9392.2,469610,1.8495,over_band,devious;arcane,stun_duration_ms;slow;interrupt_skip_count;cleanse_threshold,"{""cleanse_threshold"":3.0,""interrupt_skip_count"":3.0,""slow"":0.49,""stun_duration_ms"":637.0}",400,31987,31587,1
21,20,291020,woven_boss_approach,3,plague_court,Plague Court,Hexed Hexbearer,250336,31292,8.0,16.3,55.0,55.0,1021.9959,10090.8182,554995,2.217,over_band,spiteful;hexed,cleanse_threshold;poison_resistance;slow;suppress,"{""cleanse_threshold"":3.0,""poison_resistance"":0.32,""slow"":0.28,""suppress"":0.87}",400,31508,31108,1
21,20,291021,split_spill_rejoin,4,apex_bulwark,Apex Bulwark,Fortified Enemy,188256,23532,8.0,16.3,48.0,48.0,1039.92,11915.0417,571922,3.038,over_band,aegis;fortified,block;armor;crit_negation,"{""armor"":120.0,""block"":11.0,""crit_negation"":0.63}",400,23704,23304,0
21,20,291022,hourglass_detour,4,apex_bulwark,Apex Bulwark,Braced Threat,132448,16556,8.0,16.3,36.0,36.0,964.626,11052.0556,397874,3.004,over_band,aegis;fortified,block;armor;crit_negation,"{""armor"":120.0,""block"":9.0,""crit_negation"":0.64}",400,16723,16323,0
21,20,291023,braided_sideboard,4,plague_court,Plague Court,Hexed Bloom,140976,17622,8.0,16.3,38.0,38.0,833.7606,8232.2632,312826,2.219,over_band,spiteful;hexed,cleanse_threshold;poison_resistance;suppress;slow,"{""cleanse_threshold"":4.0,""poison_resistance"":0.35,""slow"":0.22,""suppress"":0.89}",400,17830,17430,1
21,20,291024,woven_boss_approach,3,apex_bulwark,Apex Bulwark,Shielded Monster,113536,14192,8.0,16.3,38.0,38.0,824.0049,9441.4211,358774,3.16,over_band,aegis;fortified,block;armor;crit_negation,"{""armor"":120.0,""block"":15.0,""crit_negation"":0.7}",400,14382,13982,1
21,20,291025,elite_orbit,4,void_regent,Void Regent,Hollow Vessel,195824,24478,8.0,16.3,36.0,36.0,907.5436,10302.5278,370891,1.894,over_band,nullify;warded,absorb;poison_resistance;suppress,"{""absorb"":9.0,""poison_resistance"":0.41,""suppress"":0.46}",400,24602,24202,0
21,20,291026,braided_sideboard,4,plague_court,Plague Court,Withering Enemy,250808,31351,8.0,16.3,55.0,55.0,968.9567,9567.1818,526195,2.098,over_band,spiteful;hexed,cleanse_threshold;suppress;poison_resistance;slow,"{""cleanse_threshold"":4.0,""poison_resistance"":0.29,""slow"":0.23,""suppress"":0.79}",400,31550,31150,1
21,20,291027,split_spill_rejoin,4,apex_bulwark,Apex Bulwark,Braced Enemy,133480,16685,8.0,16.3,35.0,35.0,1039.8364,11914.0571,416992,3.124,over_band,aegis;fortified,block;armor;crit_negation,"{""armor"":120.0,""block"":12.0,""crit_negation"":0.74}",400,16869,16469,1
21,20,291028,elite_orbit,4,chrono_tyrant,Chrono Tyrant,Devious Monster,155280,19410,8.0,16.3,36.0,36.0,856.0287,8587.8333,309162,1.991,over_band,devious;arcane,interrupt_skip_count;slow;stun_duration_ms;cleanse_threshold,"{""cleanse_threshold"":4.0,""interrupt_skip_count"":3.0,""slow"":0.41,""stun_duration_ms"":1040.0}",400,19669,19269,2
21,20,291029,five_way_market,3,plague_court,Plague Court,Withering Threat,144872,18109,8.0,16.3,36.0,36.0,831.0213,8205.3889,295394,2.039,over_band,spiteful;hexed,cleanse_threshold;suppress;poison_resistance;slow,"{""cleanse_threshold"":3.0,""poison_resistance"":0.2,""slow"":0.2,""suppress"":0.89}",400,18313,17913,1
21,20,291030,elite_orbit,4,apex_bulwark,Apex Bulwark,Braced Guard,179504,22438,8.0,16.3,51.0,51.0,987.3328,11312.2745,576926,3.214,over_band,aegis;fortified,block;armor;crit_negation,"{""armor"":120.0,""block"":15.0,""crit_negation"":0.79}",400,22635,22235,1
21,20,291031,braided_sideboard,4,plague_court,Plague Court,Spiteful Hexbearer,245296,30662,8.0,16.3,51.0,51.0,948.4353,9364.5294,477591,1.947,over_band,spiteful;hexed,cleanse_threshold;slow;suppress;poison_resistance,"{""cleanse_threshold"":4.0,""poison_resistance"":0.26,""slow"":0.22,""suppress"":0.63}",400,30845,30445,0
21,20,291032,braided_sideboard,4,void_regent,Void Regent,Hollow Enemy,192576,24072,8.0,16.3,32.0,32.0,992.406,11265.6875,360502,1.872,over_band,nullify;warded,absorb;poison_resistance;suppress,"{""absorb"":9.0,""poison_resistance"":0.43,""suppress"":0.4}",400,24192,23792,0
21,20,291033,woven_boss_approach,3,plague_court,Plague Court,Hexed Monster,166400,20800,8.0,16.3,36.0,36.0,969.064,9568.0,344448,2.07,over_band,spiteful;hexed,cleanse_threshold;suppress;poison_resistance;slow,"{""cleanse_threshold"":3.0,""poison_resistance"":0.35,""slow"":0.2,""suppress"":0.72}",400,20999,20599,1
21,20,291034,elite_orbit,4,chrono_tyrant,Chrono Tyrant,Arcane Enemy,239208,29901,8.0,16.3,53.0,53.0,919.8249,9227.566,489061,2.0445,over_band,devious;arcane,interrupt_skip_count;stun_duration_ms;cleanse_threshold;slow,"{""cleanse_threshold"":4.0,""interrupt_skip_count"":2.0,""slow"":0.59,""stun_duration_ms"":859.0}",400,30148,29748,2
21,20,291035,braided_sideboard,4,plague_court,Plague Court,Spiteful Monster,217848,27231,8.0,16.3,49.0,49.0,918.5659,9069.5918,444410,2.04,over_band,spiteful;hexed,cleanse_threshold;suppress;slow;poison_resistance,"{""cleanse_threshold"":4.0,""poison_resistance"":0.26,""slow"":0.23,""suppress"":0.75}",400,27425,27025,1
21,20,291036,hourglass_detour,4,void_regent,Void Regent,Warded Enemy,183824,22978,8.0,16.3,30.0,30.0,1010.9846,11476.7333,344302,1.873,over_band,nullify;warded,absorb;poison_resistance;suppress,"{""absorb"":10.0,""poison_resistance"":0.42,""suppress"":0.39}",400,23100,22700,0
21,20,291037,split_spill_rejoin,4,plague_court,Plague Court,Hexed Hexbearer,130824,16353,8.0,16.3,31.0,31.0,892.4301,8811.6452,273161,2.088,over_band,spiteful;hexed,cleanse_threshold;poison_resistance;suppress;slow,"{""cleanse_threshold"":4.0,""poison_resistance"":0.31,""slow"":0.29,""suppress"":0.67}",400,16548,16148,0
21,20,291038,five_way_market,3,void_regent,Void Regent,Nullifying Vessel,240904,30113,8.0,16.3,48.0,48.0,840.4415,9540.8125,457959,1.901,over_band,nullify;warded,absorb;poison_resistance;suppress,"{""absorb"":10.0,""poison_resistance"":0.42,""suppress"":0.43}",400,30239,29839,0
21,20,291039,split_spill_rejoin,4,plague_court,Plague Court,Bitter Threat,197792,24724,8.0,16.3,55.0,55.0,835.912,8253.3273,453933,2.295,over_band,spiteful;hexed,cleanse_threshold;poison_resistance;suppress;slow,"{""cleanse_threshold"":4.0,""poison_resistance"":0.36,""slow"":0.27,""suppress"":0.92}",400,24939,24539,1
21,20,291040,hourglass_detour,4,chrono_tyrant,Chrono Tyrant,Arcane Threat,168280,21035,8.0,16.3,35.0,35.0,923.7909,9267.4286,324360,1.9275,over_band,devious;arcane,slow;interrupt_skip_count;cleanse_threshold;stun_duration_ms,"{""cleanse_threshold"":3.0,""interrupt_skip_count"":2.0,""slow"":0.44,""stun_duration_ms"":919.0}",400,21278,20878,1
21,20,291041,woven_boss_approach,3,void_regent,Void Regent,Nullifying Acolyte,186768,23346,8.0,16.3,36.0,36.0,857.8135,9737.8889,350564,1.877,over_band,nullify;warded,absorb;poison_resistance;suppress,"{""absorb"":11.0,""poison_resistance"":0.42,""suppress"":0.37}",400,23470,23070,0
21,20,291042,woven_boss_approach,3,chrono_tyrant,Chrono Tyrant,Arcane Enemy,226432,28304,8.0,16.3,45.0,45.0,1024.2346,10274.9778,462374,2.042,over_band,devious;arcane,stun_duration_ms;cleanse_threshold;interrupt_skip_count;slow,"{""cleanse_threshold"":4.0,""interrupt_skip_count"":3.0,""slow"":0.56,""stun_duration_ms"":872.0}",400,28566,28166,2
21,20,291043,hourglass_detour,4,plague_court,Plague Court,Spiteful Threat,146936,18367,8.0,16.3,32.0,32.0,971.4829,9592.1563,306949,2.089,over_band,spiteful;hexed,cleanse_threshold;suppress;poison_resistance;slow,"{""cleanse_threshold"":3.0,""poison_resistance"":0.19,""slow"":0.29,""suppress"":0.86}",400,18576,18176,1
21,20,291044,woven_boss_approach,3,chrono_tyrant,Chrono Tyrant,Arcane Enemy,172328,21541,8.0,16.3,34.0,34.0,1002.1285,10053.3235,341813,1.9835,over_band,devious;arcane,stun_duration_ms;interrupt_skip_count;cleanse_threshold;slow,"{""cleanse_threshold"":4.0,""interrupt_skip_count"":3.0,""slow"":0.6,""stun_duration_ms"":683.0}",400,21796,21396,2
21,20,291045,five_way_market,3,chrono_tyrant,Chrono Tyrant,Devious Monster,235000,29375,8.0,16.3,44.0,44.0,919.6841,9226.4318,405963,1.7275,over_band,devious;arcane,interrupt_skip_count;slow;stun_duration_ms;cleanse_threshold,"{""cleanse_threshold"":4.0,""interrupt_skip_count"":2.0,""slow"":0.37,""stun_duration_ms"":621.0}",400,29587,29187,0
21,20,291046,braided_sideboard,4,chrono_tyrant,Chrono Tyrant,Arcane Threat,260208,32526,8.0,16.3,52.0,52.0,1015.3102,10185.6346,529653,2.0355,over_band,devious;arcane,interrupt_skip_count;cleanse_threshold;stun_duration_ms;slow,"{""cleanse_threshold"":3.0,""interrupt_skip_count"":3.0,""slow"":0.61,""stun_duration_ms"":793.0}",400,32795,32395,2
21,20,291047,split_spill_rejoin,4,apex_bulwark,Apex Bulwark,Braced Threat,120096,15012,8.0,16.3,38.0,38.0,880.9995,10094.3947,383587,3.194,over_band,aegis;fortified,block;armor;crit_negation,"{""armor"":120.0,""block"":14.0,""crit_negation"":0.79}",400,15206,14806,1
21,20,291048,split_spill_rejoin,4,apex_bulwark,Apex Bulwark,Fortified Sentinel,190248,23781,8.0,16.3,56.0,56.0,911.4631,10443.25,584822,3.074,over_band,aegis;fortified,block;armor;crit_negation,"{""armor"":120.0,""block"":8.0,""crit_negation"":0.79}",400,23957,23557,1
21,20,291049,five_way_market,3,chrono_tyrant,Chrono Tyrant,Arcane Enemy,242208,30276,8.0,16.3,48.0,48.0,1008.231,10114.7083,485506,2.0045,over_band,devious;arcane,interrupt_skip_count;slow;stun_duration_ms;cleanse_threshold,"{""cleanse_threshold"":3.0,""interrupt_skip_count"":2.0,""slow"":0.46,""stun_duration_ms"":1037.0}",400,30527,30127,1
21,20,291050,split_spill_rejoin,4,plague_court,Plague Court,Bitter Hexbearer,149688,18711,8.0,16.3,38.0,38.0,876.5265,8654.3421,328865,2.197,over_band,spiteful;hexed,cleanse_threshold;slow;suppress;poison_resistance,"{""cleanse_threshold"":4.0,""poison_resistance"":0.31,""slow"":0.24,""suppress"":0.89}",400,18919,18519,1
21,20,291051,elite_orbit,4,void_regent,Void Regent,Dimming Monster,200416,25052,8.0,16.3,35.0,35.0,971.0027,11022.8857,385801,1.925,over_band,nullify;warded,absorb;poison_resistance;suppress,"{""absorb"":9.0,""poison_resistance"":0.42,""suppress"":0.49}",400,25179,24779,0
21,20,291052,hourglass_detour,4,void_regent,Void Regent,Dimming Keeper,153528,19191,8.0,16.3,31.0,31.0,830.2337,9424.6452,292164,1.903,over_band,nullify;warded,absorb;poison_resistance;suppress,"{""absorb"":14.0,""poison_resistance"":0.42,""suppress"":0.33}",400,19322,18922,0
21,20,291053,braided_sideboard,4,plague_court,Plague Court,Hexed Bloom,284576,35572,8.0,16.3,60.0,60.0,1033.2794,10202.05,612123,2.151,over_band,spiteful;hexed,cleanse_threshold;suppress;poison_resistance;slow,"{""cleanse_threshold"":3.0,""poison_resistance"":0.35,""slow"":0.22,""suppress"":0.81}",400,35780,35380,1
21,20,291054,woven_boss_approach,3,void_regent,Void Regent,Dimming Vessel,209008,26126,8.0,16.3,46.0,46.0,834.1311,9468.9783,435573,2.084,over_band,nullify;warded,absorb;poison_resistance;suppress,"{""absorb"":16.0,""poison_resistance"":0.46,""suppress"":0.48}",400,26276,25876,0
21,20,291055,hourglass_detour,4,apex_bulwark,Apex Bulwark,Shielded Sentinel,119952,14994,8.0,16.3,38.0,38.0,860.1133,9855.0,374490,3.122,over_band,aegis;fortified,block;armor;crit_negation,"{""armor"":120.0,""block"":14.0,""crit_negation"":0.67}",400,15179,14779,1
21,20,291056,five_way_market,3,chrono_tyrant,Chrono Tyrant,Devious Monster,218720,27340,8.0,16.3,45.0,45.0,918.6078,9215.4,414693,1.896,over_band,devious;arcane,cleanse_threshold;stun_duration_ms;slow;interrupt_skip_count,"{""cleanse_threshold"":3.0,""interrupt_skip_count"":2.0,""slow"":0.57,""stun_duration_ms"":622.0}",400,27576,27176,0
21,20,291057,elite_orbit,4,chrono_tyrant,Chrono Tyrant,Arcane Enemy,283256,35407,8.0,16.3,51.0,51.0,1012.0274,10152.7843,517792,1.828,over_band,devious;arcane,slow;stun_duration_ms;interrupt_skip_count;cleanse_threshold,"{""cleanse_threshold"":4.0,""interrupt_skip_count"":2.0,""slow"":0.45,""stun_duration_ms"":678.0}",400,35631,35231,0
21,20,291058,five_way_market,3,chrono_tyrant,Chrono Tyrant,Arcane Enemy,217088,27136,8.0,16.3,46.0,46.0,907.2083,9101.1739,418654,1.9285,over_band,devious;arcane,interrupt_skip_count;cleanse_threshold;stun_duration_ms;slow,"{""cleanse_threshold"":3.0,""interrupt_skip_count"":3.0,""slow"":0.57,""stun_duration_ms"":651.0}",400,27392,26992,1
21,20,291059,split_spill_rejoin,4,void_regent,Void Regent,Warded Vessel,264504,33063,8.0,16.3,53.0,53.0,877.9427,9966.3019,528214,1.997,over_band,nullify;warded,absorb;poison_resistance;suppress,"{""absorb"":10.0,""poison_resistance"":0.53,""suppress"":0.41}",400,33193,32793,0
21,20,291060,woven_boss_approach,3,plague_court,Plague Court,Hexed Hexbearer,124720,15590,8.0,16.3,30.0,30.0,839.1563,8285.5667,248567,1.993,over_band,spiteful;hexed,cleanse_threshold;poison_resistance;slow;suppress,"{""cleanse_threshold"":3.0,""poison_resistance"":0.31,""slow"":0.19,""suppress"":0.68}",400,15783,15383,1
21,20,291061,hourglass_detour,4,apex_bulwark,Apex Bulwark,Fortified Enemy,150864,18858,8.0,16.3,52.0,52.0,796.6163,9127.2692,474618,3.146,over_band,aegis;fortified,block;armor;crit_negation,"{""armor"":120.0,""block"":14.0,""crit_negation"":0.71}",400,19046,18646,1
21,20,291062,split_spill_rejoin,4,plague_court,Plague Court,Withering Seer,205680,25710,8.0,16.3,57.0,57.0,795.6082,7855.5263,447765,2.177,over_band,spiteful;hexed,cleanse_threshold;poison_resistance;suppress;slow,"{""cleanse_threshold"":3.0,""poison_resistance"":0.36,""slow"":0.3,""suppress"":0.73}",400,25919,25519,1
21,20,291063,hourglass_detour,4,apex_bulwark,Apex Bulwark,Fortified Gatekeeper,210192,26274,8.0,16.3,56.0,56.0,1002.4199,11485.5,643188,3.06,over_band,aegis;fortified,block;armor;crit_negation,"{""armor"":120.0,""block"":13.0,""crit_negation"":0.6}",400,26450,26050,0
21,20,291064,five_way_market,3,apex_bulwark,Apex Bulwark,Shielded Gatekeeper,120760,15095,8.0,16.3,32.0,32.0,1000.5932,11464.6563,366869,3.038,over_band,aegis;fortified,block;armor;crit_negation,"{""armor"":120.0,""block"":11.0,""crit_negation"":0.63}",400,15267,14867,0
21,20,291065,elite_orbit,4,plague_court,Plague Court,Withering Bloom,151712,18964,8.0,16.3,37.0,37.0,866.6805,8557.3784,316623,2.087,over_band,spiteful;hexed,cleanse_threshold;suppress;slow;poison_resistance,"{""cleanse_threshold"":3.0,""poison_resistance"":0.28,""slow"":0.25,""suppress"":0.78}",400,19169,18769,1
21,20,291066,five_way_market,3,chrono_tyrant,Chrono Tyrant,Devious Threat,239040,29880,8.0,16.3,50.0,50.0,925.7234,9286.7,464335,1.9425,over_band,devious;arcane,stun_duration_ms;slow;cleanse_threshold;interrupt_skip_count,"{""cleanse_threshold"":4.0,""interrupt_skip_count"":3.0,""slow"":0.49,""stun_duration_ms"":799.0}",400,30132,29732,1
21,20,291067,five_way_market,3,apex_bulwark,Apex Bulwark,Braced Gatekeeper,94024,11753,8.0,16.3,32.0,32.0,795.5228,9114.4375,291662,3.102,over_band,aegis;fortified,block;armor;crit_negation,"{""armor"":120.0,""block"":10.0,""crit_negation"":0.77}",400,11934,11534,1
21,20,291068,woven_boss_approach,3,apex_bulwark,Apex Bulwark,Shielded Gatekeeper,170936,21367,8.0,16.3,55.0,55.0,812.6703,9311.3455,512124,2.996,over_band,aegis;fortified,block;armor;crit_negation,"{""armor"":120.0,""block"":11.0,""crit_negation"":0.56}",400,21534,21134,0
21,20,291069,braided_sideboard,4,chrono_tyrant,Chrono Tyrant,Devious Monster,172064,21508,8.0,16.3,35.0,35.0,985.4907,9886.3143,346021,2.011,over_band,devious;arcane,interrupt_skip_count;slow;stun_duration_ms;cleanse_threshold,"{""cleanse_threshold"":4.0,""interrupt_skip_count"":3.0,""slow"":0.45,""stun_duration_ms"":1008.0}",400,21769,21369,2
21,20,291070,elite_orbit,4,plague_court,Plague Court,Withering Hexbearer,154984,19373,8.0,16.3,31.0,31.0,1025.8585,10128.9677,313998,2.026,over_band,spiteful;hexed,cleanse_threshold;suppress;slow;poison_resistance,"{""cleanse_threshold"":4.0,""poison_resistance"":0.25,""slow"":0.28,""suppress"":0.68}",400,19565,19165,1
21,20,291071,split_spill_rejoin,4,chrono_tyrant,Chrono Tyrant,Arcane Enemy,225976,28247,8.0,16.3,56.0,56.0,827.6249,8302.6071,464946,2.0575,over_band,devious;arcane,cleanse_threshold;interrupt_skip_count;stun_duration_ms;slow,"{""cleanse_threshold"":4.0,""interrupt_skip_count"":2.0,""slow"":0.51,""stun_duration_ms"":1029.0}",400,28497,28097,1
21,20,291072,hourglass_detour,4,apex_bulwark,Apex Bulwark,Braced Monster,171336,21417,8.0,16.3,50.0,50.0,912.1889,10451.5,522575,3.05,over_band,aegis;fortified,block;armor;crit_negation,"{""armor"":120.0,""block"":11.0,""crit_negation"":0.65}",400,21591,21191,0
21,20,291073,hourglass_detour,4,plague_court,Plague Court,Spiteful Threat,228168,28521,8.0,16.3,52.0,52.0,941.2301,9293.4615,483260,2.118,over_band,spiteful;hexed,cleanse_threshold;suppress;poison_resistance;slow,"{""cleanse_threshold"":3.0,""poison_resistance"":0.21,""slow"":0.23,""suppress"":0.95}",400,28733,28333,1
21,20,291074,woven_boss_approach,3,void_regent,Void Regent,Dimming Vessel,205928,25741,8.0,16.3,44.0,44.0,871.5598,9893.9091,435332,2.114,over_band,nullify;warded,absorb;poison_resistance;suppress,"{""absorb"":15.0,""poison_resistance"":0.55,""suppress"":0.42}",400,25889,25489,0
21,20,291075,hourglass_detour,4,void_regent,Void Regent,Warded Enemy,194144,24268,8.0,16.3,35.0,35.0,956.7593,10860.9714,380134,1.958,over_band,nullify;warded,absorb;poison_resistance;suppress,"{""absorb"":13.0,""poison_resistance"":0.43,""suppress"":0.42}",400,24403,24003,0
21,20,291076,elite_orbit,4,chrono_tyrant,Chrono Tyrant,Devious Monster,171240,21405,8.0,16.3,38.0,38.0,897.959,9008.1316,342309,1.999,over_band,devious;arcane,stun_duration_ms;slow;interrupt_skip_count;cleanse_threshold,"{""cleanse_threshold"":4.0,""interrupt_skip_count"":3.0,""slow"":0.55,""stun_duration_ms"":804.0}",400,21663,21263,1
21,20,291077,woven_boss_approach,3,plague_court,Plague Court,Bitter Seer,166440,20805,8.0,16.3,38.0,38.0,965.31,9530.8684,362173,2.176,over_band,spiteful;hexed,cleanse_threshold;poison_resistance;suppress;slow,"{""cleanse_threshold"":4.0,""poison_resistance"":0.2,""slow"":0.3,""suppress"":0.94}",400,21016,20616,1
21,20,291078,woven_boss_approach,3,chrono_tyrant,Chrono Tyrant,Devious Enemy,235072,29384,8.0,16.3,51.0,51.0,830.2389,8328.9216,424775,1.807,over_band,devious;arcane,stun_duration_ms;cleanse_threshold;slow;interrupt_skip_count,"{""cleanse_threshold"":3.0,""interrupt_skip_count"":2.0,""slow"":0.42,""stun_duration_ms"":714.0}",400,29613,29213,0
21,20,291079,five_way_market,3,void_regent,Void Regent,Nullifying Acolyte,167208,20901,8.0,16.3,37.0,37.0,817.3001,9277.7838,343278,2.053,over_band,nullify;warded,absorb;poison_resistance;suppress,"{""absorb"":8.0,""poison_resistance"":0.58,""suppress"":0.47}",400,21032,20632,0
21,20,291080,hourglass_detour,4,chrono_tyrant,Chrono Tyrant,Arcane Enemy,261160,32645,8.0,16.3,50.0,50.0,898.3766,9012.64,450632,1.7255,over_band,devious;arcane,slow;interrupt_skip_count;cleanse_threshold;stun_duration_ms,"{""cleanse_threshold"":4.0,""interrupt_skip_count"":2.0,""slow"":0.37,""stun_duration_ms"":617.0}",400,32857,32457,0
22,21,301001,braided_sideboard,4,chrono_tyrant,Chrono Tyrant,Arcane Threat,285469,32625,8.75,18.1,48.0,48.0,1095.9543,12025.375,577218,2.022,over_band,devious;arcane,cleanse_threshold;interrupt_skip_count;stun_duration_ms;slow,"{""cleanse_threshold"":3.0,""interrupt_skip_count"":2.0,""slow"":0.46,""stun_duration_ms"":1072.0}",400,35937,35537,1
22,21,301002,elite_orbit,4,apex_bulwark,Apex Bulwark,Fortified Monster,152023,17374,8.75,18.1,35.0,35.0,1048.822,13143.4857,460022,3.026,over_band,aegis;fortified,block;armor;crit_negation,"{""armor"":120.0,""block"":8.0,""crit_negation"":0.71}",400,19173,18773,1
22,21,301003,hourglass_detour,4,void_regent,Void Regent,Nullifying Enemy,333323,38094,8.75,18.1,55.0,55.0,920.5562,11429.9455,628647,1.886,over_band,nullify;warded,absorb;poison_resistance;suppress,"{""absorb"":9.0,""poison_resistance"":0.43,""suppress"":0.42}",400,41787,41387,0
22,21,301004,five_way_market,3,chrono_tyrant,Chrono Tyrant,Arcane Threat,187451,21423,8.75,18.1,31.0,31.0,992.2246,10887.2903,337506,1.8005,over_band,devious;arcane,slow;cleanse_threshold;interrupt_skip_count;stun_duration_ms,"{""cleanse_threshold"":3.0,""interrupt_skip_count"":3.0,""slow"":0.44,""stun_duration_ms"":629.0}",400,23675,23275,1
22,21,301005,woven_boss_approach,3,void_regent,Void Regent,Dimming Vessel,327373,37414,8.75,18.1,57.0,57.0,971.3868,12061.1053,687483,2.1,over_band,nullify;warded,absorb;poison_resistance;suppress,"{""absorb"":12.0,""poison_resistance"":0.59,""suppress"":0.42}",400,41062,40662,0
22,21,301006,woven_boss_approach,3,chrono_tyrant,Chrono Tyrant,Devious Enemy,272720,31168,8.75,18.1,46.0,46.0,1027.9778,11279.3478,518850,1.9025,over_band,devious;arcane,slow;cleanse_threshold;interrupt_skip_count;stun_duration_ms,"{""cleanse_threshold"":3.0,""interrupt_skip_count"":3.0,""slow"":0.54,""stun_duration_ms"":653.0}",400,34344,33944,1
22,21,301007,elite_orbit,4,chrono_tyrant,Chrono Tyrant,Devious Enemy,256708,29338,8.75,18.1,46.0,46.0,925.3879,10153.913,467080,1.8195,over_band,devious;arcane,slow;interrupt_skip_count;cleanse_threshold;stun_duration_ms,"{""cleanse_threshold"":4.0,""interrupt_skip_count"":2.0,""slow"":0.39,""stun_duration_ms"":769.0}",400,32312,31912,0
22,21,301008,elite_orbit,4,chrono_tyrant,Chrono Tyrant,Devious Threat,281619,32185,8.75,18.1,46.0,46.0,1014.3587,11130.0652,511983,1.818,over_band,devious;arcane,cleanse_threshold;slow;interrupt_skip_count;stun_duration_ms,"{""cleanse_threshold"":3.0,""interrupt_skip_count"":2.0,""slow"":0.38,""stun_duration_ms"":808.0}",400,35432,35032,0
22,21,301009,split_spill_rejoin,4,void_regent,Void Regent,Nullifying Vessel,296774,33917,8.75,18.1,50.0,50.0,920.7039,11431.74,571587,1.926,over_band,nullify;warded,absorb;poison_resistance;suppress,"{""absorb"":8.0,""poison_resistance"":0.46,""suppress"":0.46}",400,37221,36821,0
22,21,301010,elite_orbit,4,chrono_tyrant,Chrono Tyrant,Devious Threat,189718,21682,8.75,18.1,37.0,37.0,923.6378,10134.5405,374978,1.9765,over_band,devious;arcane,stun_duration_ms;interrupt_skip_count;slow;cleanse_threshold,"{""cleanse_threshold"":4.0,""interrupt_skip_count"":3.0,""slow"":0.42,""stun_duration_ms"":993.0}",400,23973,23573,2
22,21,301011,five_way_market,3,apex_bulwark,Apex Bulwark,Braced Gatekeeper,209475,23940,8.75,18.1,46.0,46.0,1126.4732,14116.8043,649373,3.1,over_band,aegis;fortified,block;armor;crit_negation,"{""armor"":120.0,""block"":15.0,""crit_negation"":0.6}",400,26366,25966,0
22,21,301012,braided_sideboard,4,void_regent,Void Regent,Warded Threat,185736,21227,8.75,18.1,32.0,32.0,948.4868,11776.8125,376858,2.029,over_band,nullify;warded,absorb;poison_resistance;suppress,"{""absorb"":12.0,""poison_resistance"":0.54,""suppress"":0.39}",400,23351,22951,0
22,21,301013,five_way_market,3,chrono_tyrant,Chrono Tyrant,Devious Enemy,167764,19173,8.75,18.1,34.0,34.0,885.0125,9710.5882,330160,1.968,over_band,devious;arcane,stun_duration_ms;slow;cleanse_threshold;interrupt_skip_count,"{""cleanse_threshold"":4.0,""interrupt_skip_count"":3.0,""slow"":0.5,""stun_duration_ms"":832.0}",400,21226,20826,2
22,21,301014,woven_boss_approach,3,apex_bulwark,Apex Bulwark,Braced Sentinel,125020,14288,8.75,18.1,30.0,30.0,1034.8375,12968.7333,389062,3.112,over_band,aegis;fortified,block;armor;crit_negation,"{""armor"":120.0,""block"":15.0,""crit_negation"":0.62}",400,15812,15412,0
22,21,301015,braided_sideboard,4,apex_bulwark,Apex Bulwark,Braced Gatekeeper,234456,26795,8.75,18.1,51.0,51.0,1146.7565,14370.7647,732909,3.126,over_band,aegis;fortified,block;armor;crit_negation,"{""armor"":120.0,""block"":16.0,""crit_negation"":0.61}",400,29492,29092,0
22,21,301016,braided_sideboard,4,apex_bulwark,Apex Bulwark,Shielded Enemy,150614,17213,8.75,18.1,35.0,35.0,1043.9133,13081.9143,457867,3.04,over_band,aegis;fortified,block;armor;crit_negation,"{""armor"":120.0,""block"":9.0,""crit_negation"":0.7}",400,18999,18599,1
22,21,301017,woven_boss_approach,3,apex_bulwark,Apex Bulwark,Shielded Sentinel,222005,25372,8.75,18.1,57.0,57.0,969.0628,12144.0702,692212,3.118,over_band,aegis;fortified,block;armor;crit_negation,"{""armor"":120.0,""block"":12.0,""crit_negation"":0.73}",400,27934,27534,1
22,21,301018,five_way_market,3,apex_bulwark,Apex Bulwark,Braced Gatekeeper,179655,20532,8.75,18.1,45.0,45.0,992.0364,12432.1333,559446,3.114,over_band,aegis;fortified,block;armor;crit_negation,"{""armor"":120.0,""block"":10.0,""crit_negation"":0.79}",400,22639,22239,1
22,21,301019,hourglass_detour,4,plague_court,Plague Court,Bitter Monster,207156,23675,8.75,18.1,39.0,39.0,1012.2332,10931.4615,426327,2.058,over_band,spiteful;hexed,cleanse_threshold;suppress;poison_resistance;slow,"{""cleanse_threshold"":4.0,""poison_resistance"":0.21,""slow"":0.29,""suppress"":0.77}",400,26092,25692,1
22,21,301020,elite_orbit,4,chrono_tyrant,Chrono Tyrant,Arcane Threat,271005,30972,8.75,18.1,48.0,48.0,929.8057,10202.2083,489706,1.807,over_band,devious;arcane,stun_duration_ms;slow;interrupt_skip_count;cleanse_threshold,"{""cleanse_threshold"":3.0,""interrupt_skip_count"":2.0,""slow"":0.43,""stun_duration_ms"":696.0}",400,34105,33705,0
22,21,301021,five_way_market,3,chrono_tyrant,Chrono Tyrant,Arcane Monster,293869,33585,8.75,18.1,55.0,55.0,939.809,10312.1273,567167,1.93,over_band,devious;arcane,cleanse_threshold;slow;interrupt_skip_count;stun_duration_ms,"{""cleanse_threshold"":4.0,""interrupt_skip_count"":3.0,""slow"":0.58,""stun_duration_ms"":612.0}",400,36983,36583,2
22,21,301022,five_way_market,3,chrono_tyrant,Chrono Tyrant,Devious Threat,296126,33843,8.75,18.1,51.0,51.0,1141.4209,12524.3922,638744,2.157,over_band,devious;arcane,cleanse_threshold;slow;stun_duration_ms;interrupt_skip_count,"{""cleanse_threshold"":4.0,""interrupt_skip_count"":3.0,""slow"":0.58,""stun_duration_ms"":1066.0}",400,37292,36892,3
22,21,301023,braided_sideboard,4,plague_court,Plague Court,Spiteful Enemy,166128,18986,8.75,18.1,31.0,31.0,1083.7566,11704.0,362824,2.184,over_band,spiteful;hexed,cleanse_threshold;suppress;slow;poison_resistance,"{""cleanse_threshold"":4.0,""poison_resistance"":0.37,""slow"":0.19,""suppress"":0.85}",400,20969,20569,1
22,21,301024,woven_boss_approach,3,apex_bulwark,Apex Bulwark,Bulwark Threat,186165,21276,8.75,18.1,48.0,48.0,941.4619,11798.2083,566314,3.042,over_band,aegis;fortified,block;armor;crit_negation,"{""armor"":120.0,""block"":10.0,""crit_negation"":0.67}",400,23444,23044,1
22,21,301025,braided_sideboard,4,plague_court,Plague Court,Withering Threat,297561,34007,8.75,18.1,59.0,59.0,951.7715,10278.4576,606429,2.038,over_band,spiteful;hexed,cleanse_threshold;suppress;slow;poison_resistance,"{""cleanse_threshold"":3.0,""poison_resistance"":0.27,""slow"":0.3,""suppress"":0.66}",400,37394,36994,0
22,21,301026,woven_boss_approach,3,chrono_tyrant,Chrono Tyrant,Devious Monster,192465,21996,8.75,18.1,31.0,31.0,1082.7291,11880.0645,368282,1.9135,over_band,devious;arcane,stun_duration_ms;cleanse_threshold;interrupt_skip_count;slow,"{""cleanse_threshold"":3.0,""interrupt_skip_count"":3.0,""slow"":0.44,""stun_duration_ms"":855.0}",400,24315,23915,2
22,21,301027,woven_boss_approach,3,plague_court,Plague Court,Spiteful Threat,190680,21792,8.75,18.1,34.0,34.0,1038.1104,11210.8529,381169,1.999,over_band,spiteful;hexed,cleanse_threshold;suppress;slow;poison_resistance,"{""cleanse_threshold"":3.0,""poison_resistance"":0.29,""slow"":0.25,""suppress"":0.64}",400,24030,23630,0
22,21,301028,elite_orbit,4,apex_bulwark,Apex Bulwark,Fortified Guard,129780,14832,8.75,18.1,31.0,31.0,996.8332,12492.3871,387264,2.984,over_band,aegis;fortified,block;armor;crit_negation,"{""armor"":120.0,""block"":8.0,""crit_negation"":0.64}",400,16387,15987,0
22,21,301029,elite_orbit,4,apex_bulwark,Apex Bulwark,Fortified Enemy,120470,13768,8.75,18.1,30.0,30.0,964.4951,12087.1667,362615,3.01,over_band,aegis;fortified,block;armor;crit_negation,"{""armor"":120.0,""block"":12.0,""crit_negation"":0.55}",400,15228,14828,0
22,21,301030,elite_orbit,4,chrono_tyrant,Chrono Tyrant,Devious Monster,342099,39097,8.75,18.1,53.0,53.0,1085.0414,11905.6981,631002,1.8445,over_band,devious;arcane,cleanse_threshold;slow;stun_duration_ms;interrupt_skip_count,"{""cleanse_threshold"":4.0,""interrupt_skip_count"":3.0,""slow"":0.46,""stun_duration_ms"":657.0}",400,43002,42602,1
22,21,301031,split_spill_rejoin,4,apex_bulwark,Apex Bulwark,Shielded Enemy,246173,28134,8.75,18.1,53.0,53.0,1101.5572,13804.2642,731626,2.972,over_band,aegis;fortified,block;armor;crit_negation,"{""armor"":120.0,""block"":8.0,""crit_negation"":0.62}",400,30935,30535,0
22,21,301032,five_way_market,3,chrono_tyrant,Chrono Tyrant,Devious Enemy,302068,34522,8.75,18.1,50.0,50.0,1148.7969,12605.3,630265,2.0865,over_band,devious;arcane,slow;interrupt_skip_count;stun_duration_ms;cleanse_threshold,"{""cleanse_threshold"":4.0,""interrupt_skip_count"":3.0,""slow"":0.52,""stun_duration_ms"":1033.0}",400,38028,37628,2
22,21,301033,five_way_market,3,chrono_tyrant,Chrono Tyrant,Devious Threat,304920,34848,8.75,18.1,51.0,51.0,976.9914,10720.0392,546722,1.793,over_band,devious;arcane,slow;cleanse_threshold;interrupt_skip_count;stun_duration_ms,"{""cleanse_threshold"":3.0,""interrupt_skip_count"":2.0,""slow"":0.43,""stun_duration_ms"":668.0}",400,38342,37942,0
22,21,301034,five_way_market,3,plague_court,Plague Court,Bitter Seer,189175,21620,8.75,18.1,38.0,38.0,964.8326,10419.5526,395943,2.093,over_band,spiteful;hexed,cleanse_threshold;poison_resistance;suppress;slow,"{""cleanse_threshold"":3.0,""poison_resistance"":0.26,""slow"":0.24,""suppress"":0.83}",400,23854,23454,1
22,21,301035,five_way_market,3,chrono_tyrant,Chrono Tyrant,Arcane Threat,255675,29220,8.75,18.1,45.0,45.0,1024.7341,11244.0222,505981,1.979,over_band,devious;arcane,slow;interrupt_skip_count;cleanse_threshold;stun_duration_ms,"{""cleanse_threshold"":4.0,""interrupt_skip_count"":2.0,""slow"":0.43,""stun_duration_ms"":1016.0}",400,32201,31801,1
22,21,301036,split_spill_rejoin,4,chrono_tyrant,Chrono Tyrant,Devious Monster,181650,20760,8.75,18.1,35.0,35.0,978.1695,10732.9143,375652,2.068,over_band,devious;arcane,interrupt_skip_count;cleanse_threshold;slow;stun_duration_ms,"{""cleanse_threshold"":4.0,""interrupt_skip_count"":3.0,""slow"":0.54,""stun_duration_ms"":960.0}",400,22973,22573,2
22,21,301037,braided_sideboard,4,plague_court,Plague Court,Hexed Seer,205231,23455,8.75,18.1,37.0,37.0,1035.4517,11182.3243,413746,2.016,over_band,spiteful;hexed,cleanse_threshold;poison_resistance;suppress;slow,"{""cleanse_threshold"":4.0,""poison_resistance"":0.22,""slow"":0.17,""suppress"":0.85}",400,25847,25447,1
22,21,301038,braided_sideboard,4,chrono_tyrant,Chrono Tyrant,Arcane Threat,178859,20441,8.75,18.1,31.0,31.0,977.7858,10728.6452,332588,1.8595,over_band,devious;arcane,interrupt_skip_count;slow;stun_duration_ms;cleanse_threshold,"{""cleanse_threshold"":4.0,""interrupt_skip_count"":3.0,""slow"":0.42,""stun_duration_ms"":759.0}",400,22601,22201,1
22,21,301039,woven_boss_approach,3,chrono_tyrant,Chrono Tyrant,Arcane Monster,204890,23416,8.75,18.1,35.0,35.0,971.2817,10657.2,373002,1.8205,over_band,devious;arcane,stun_duration_ms;cleanse_threshold;interrupt_skip_count;slow,"{""cleanse_threshold"":4.0,""interrupt_skip_count"":3.0,""slow"":0.43,""stun_duration_ms"":663.0}",400,25850,25450,1
22,21,301040,elite_orbit,4,plague_court,Plague Court,Bitter Hexbearer,338424,38677,8.75,18.1,60.0,60.0,1108.8466,11974.5667,718474,2.123,over_band,spiteful;hexed,cleanse_threshold;suppress;poison_resistance;slow,"{""cleanse_threshold"":3.0,""poison_resistance"":0.32,""slow"":0.3,""suppress"":0.71}",400,42508,42108,1
22,21,301041,woven_boss_approach,3,void_regent,Void Regent,Dimming Vessel,202466,23139,8.75,18.1,36.0,36.0,970.6936,12052.3611,433885,2.143,over_band,nullify;warded,absorb;poison_resistance;suppress,"{""absorb"":15.0,""poison_resistance"":0.53,""suppress"":0.49}",400,25460,25060,0
22,21,301042,woven_boss_approach,3,void_regent,Void Regent,Warded Monster,317380,36272,8.75,18.1,53.0,53.0,1007.9863,12515.5472,663324,2.09,over_band,nullify;warded,absorb;poison_resistance;suppress,"{""absorb"":13.0,""poison_resistance"":0.59,""suppress"":0.38}",400,39814,39414,0
22,21,301043,braided_sideboard,4,plague_court,Plague Court,Spiteful Enemy,351356,40155,8.75,18.1,58.0,58.0,1131.9961,12224.7586,709036,2.018,over_band,spiteful;hexed,cleanse_threshold;poison_resistance;suppress;slow,"{""cleanse_threshold"":3.0,""poison_resistance"":0.25,""slow"":0.3,""suppress"":0.66}",400,44118,43718,0
22,21,301044,woven_boss_approach,3,apex_bulwark,Apex Bulwark,Bulwark Monster,147464,16853,8.75,18.1,34.0,34.0,1057.671,13254.4118,450650,3.056,over_band,aegis;fortified,block;armor;crit_negation,"{""armor"":120.0,""block"":14.0,""crit_negation"":0.56}",400,18609,18209,0
22,21,301045,elite_orbit,4,void_regent,Void Regent,Hollow Monster,314344,35925,8.75,18.1,44.0,44.0,1058.1417,13138.1591,578079,1.839,over_band,nullify;warded,absorb;poison_resistance;suppress,"{""absorb"":11.0,""poison_resistance"":0.41,""suppress"":0.33}",400,39413,39013,0
22,21,301046,braided_sideboard,4,void_regent,Void Regent,Hollow Monster,196919,22505,8.75,18.1,31.0,31.0,1041.6467,12933.129,400927,2.036,over_band,nullify;warded,absorb;poison_resistance;suppress,"{""absorb"":14.0,""poison_resistance"":0.56,""suppress"":0.32}",400,24752,24352,0
22,21,301047,elite_orbit,4,chrono_tyrant,Chrono Tyrant,Arcane Monster,294411,33647,8.75,18.1,52.0,52.0,1008.7594,11068.7308,575574,1.955,over_band,devious;arcane,slow;cleanse_threshold;interrupt_skip_count;stun_duration_ms,"{""cleanse_threshold"":4.0,""interrupt_skip_count"":3.0,""slow"":0.49,""stun_duration_ms"":824.0}",400,37054,36654,1
22,21,301048,hourglass_detour,4,void_regent,Void Regent,Hollow Acolyte,233905,26732,8.75,18.1,36.0,36.0,1042.4004,12942.75,465939,1.992,over_band,nullify;warded,absorb;poison_resistance;suppress,"{""absorb"":11.0,""poison_resistance"":0.57,""suppress"":0.32}",400,29366,28966,0
22,21,301049,split_spill_rejoin,4,apex_bulwark,Apex Bulwark,Shielded Sentinel,154070,17608,8.75,18.1,37.0,37.0,1024.1008,12833.6216,474844,3.082,over_band,aegis;fortified,block;armor;crit_negation,"{""armor"":120.0,""block"":15.0,""crit_negation"":0.57}",400,19439,19039,0
22,21,301050,five_way_market,3,void_regent,Void Regent,Hollow Monster,233511,26687,8.75,18.1,37.0,37.0,1049.6143,13032.4324,482200,2.065,over_band,nullify;warded,absorb;poison_resistance;suppress,"{""absorb"":9.0,""poison_resistance"":0.56,""suppress"":0.49}",400,29323,28923,0
22,21,301051,woven_boss_approach,3,apex_bulwark,Apex Bulwark,Fortified Guard,148269,16945,8.75,18.1,34.0,34.0,1072.5022,13440.1471,456965,3.082,over_band,aegis;fortified,block;armor;crit_negation,"{""armor"":120.0,""block"":15.0,""crit_negation"":0.57}",400,18714,18314,0
22,21,301052,split_spill_rejoin,4,chrono_tyrant,Chrono Tyrant,Devious Threat,303529,34689,8.75,18.1,50.0,50.0,1106.7856,12144.2,607210,2.0005,over_band,devious;arcane,cleanse_threshold;interrupt_skip_count;slow;stun_duration_ms,"{""cleanse_threshold"":4.0,""interrupt_skip_count"":3.0,""slow"":0.55,""stun_duration_ms"":807.0}",400,38199,37799,1
22,21,301053,hourglass_detour,4,plague_court,Plague Court,Withering Bloom,246514,28173,8.75,18.1,56.0,56.0,896.7863,9684.4821,542331,2.2,over_band,spiteful;hexed,cleanse_threshold;suppress;poison_resistance;slow,"{""cleanse_threshold"":3.0,""poison_resistance"":0.36,""slow"":0.24,""suppress"":0.84}",400,31027,30627,1
22,21,301054,woven_boss_approach,3,apex_bulwark,Apex Bulwark,Bulwark Guard,214209,24481,8.75,18.1,50.0,50.0,1022.1647,12809.7,640485,2.99,over_band,aegis;fortified,block;armor;crit_negation,"{""armor"":120.0,""block"":8.0,""crit_negation"":0.65}",400,26941,26541,0
22,21,301055,elite_orbit,4,apex_bulwark,Apex Bulwark,Fortified Threat,193533,22118,8.75,18.1,45.0,45.0,1040.5278,13039.8222,586792,3.032,over_band,aegis;fortified,block;armor;crit_negation,"{""armor"":120.0,""block"":11.0,""crit_negation"":0.62}",400,24364,23964,0
22,21,301056,five_way_market,3,chrono_tyrant,Chrono Tyrant,Arcane Monster,304675,34820,8.75,18.1,49.0,49.0,1057.1411,11599.4082,568371,1.8655,over_band,devious;arcane,cleanse_threshold;interrupt_skip_count;stun_duration_ms;slow,"{""cleanse_threshold"":3.0,""interrupt_skip_count"":2.0,""slow"":0.42,""stun_duration_ms"":831.0}",400,38320,37920,1
22,21,301057,split_spill_rejoin,4,apex_bulwark,Apex Bulwark,Braced Sentinel,169733,19398,8.75,18.1,37.0,37.0,1134.7918,14220.8649,526172,3.1,over_band,aegis;fortified,block;armor;crit_negation,"{""armor"":120.0,""block"":9.0,""crit_negation"":0.8}",400,21397,20997,1
22,21,301058,woven_boss_approach,3,void_regent,Void Regent,Dimming Keeper,384659,43961,8.75,18.1,58.0,58.0,1049.0496,13025.3448,755470,1.964,over_band,nullify;warded,absorb;poison_resistance;suppress,"{""absorb"":13.0,""poison_resistance"":0.45,""suppress"":0.4}",400,48216,47816,0
22,21,301059,five_way_market,3,plague_court,Plague Court,Bitter Monster,171964,19653,8.75,18.1,36.0,36.0,911.6183,9844.9444,354418,2.061,over_band,spiteful;hexed,cleanse_threshold;slow;suppress;poison_resistance,"{""cleanse_threshold"":4.0,""poison_resistance"":0.36,""slow"":0.22,""suppress"":0.65}",400,21686,21286,0
22,21,301060,woven_boss_approach,3,void_regent,Void Regent,Dimming Threat,254730,29112,8.75,18.1,37.0,37.0,1143.3409,14196.027,525253,2.062,over_band,nullify;warded,absorb;poison_resistance;suppress,"{""absorb"":12.0,""poison_resistance"":0.51,""suppress"":0.48}",400,31981,31581,0
22,21,301061,braided_sideboard,4,void_regent,Void Regent,Nullifying Monster,303284,34661,8.75,18.1,48.0,48.0,946.0047,11745.9375,563805,1.859,over_band,nullify;warded,absorb;poison_resistance;suppress,"{""absorb"":8.0,""poison_resistance"":0.4,""suppress"":0.45}",400,38031,37631,0
22,21,301062,braided_sideboard,4,plague_court,Plague Court,Withering Enemy,233214,26653,8.75,18.1,37.0,37.0,1138.7097,12297.3243,455001,1.951,over_band,spiteful;hexed,cleanse_threshold;slow;suppress;poison_resistance,"{""cleanse_threshold"":3.0,""poison_resistance"":0.23,""slow"":0.17,""suppress"":0.76}",400,29344,28944,1
22,21,301063,elite_orbit,4,void_regent,Void Regent,Dimming Enemy,225146,25731,8.75,18.1,35.0,35.0,989.0491,12280.1143,429804,1.909,over_band,nullify;warded,absorb;poison_resistance;suppress,"{""absorb"":9.0,""poison_resistance"":0.46,""suppress"":0.41}",400,28266,27866,0
22,21,301064,split_spill_rejoin,4,apex_bulwark,Apex Bulwark,Fortified Monster,141155,16132,8.75,18.1,36.0,36.0,963.6623,12076.5833,434757,3.08,over_band,aegis;fortified,block;armor;crit_negation,"{""armor"":120.0,""block"":14.0,""crit_negation"":0.6}",400,17823,17423,0
22,21,301065,woven_boss_approach,3,void_regent,Void Regent,Hollow Vessel,204925,23420,8.75,18.1,34.0,34.0,936.8809,11632.5,395505,1.93,over_band,nullify;warded,absorb;poison_resistance;suppress,"{""absorb"":10.0,""poison_resistance"":0.47,""suppress"":0.4}",400,25741,25341,0
22,21,301066,woven_boss_approach,3,apex_bulwark,Apex Bulwark,Shielded Sentinel,237169,27105,8.75,18.1,52.0,52.0,1109.3189,13901.75,722891,3.048,over_band,aegis;fortified,block;armor;crit_negation,"{""armor"":120.0,""block"":10.0,""crit_negation"":0.68}",400,29819,29419,1
22,21,301067,elite_orbit,4,apex_bulwark,Apex Bulwark,Shielded Gatekeeper,181160,20704,8.75,18.1,51.0,51.0,883.2202,11068.5294,564495,3.116,over_band,aegis;fortified,block;armor;crit_negation,"{""armor"":120.0,""block"":11.0,""crit_negation"":0.76}",400,22828,22428,1
22,21,301068,woven_boss_approach,3,chrono_tyrant,Chrono Tyrant,Arcane Threat,205336,23467,8.75,18.1,34.0,34.0,1068.3463,11722.2647,398557,1.941,over_band,devious;arcane,cleanse_threshold;slow;stun_duration_ms;interrupt_skip_count,"{""cleanse_threshold"":3.0,""interrupt_skip_count"":3.0,""slow"":0.49,""stun_duration_ms"":820.0}",400,25926,25526,1
22,21,301069,elite_orbit,4,chrono_tyrant,Chrono Tyrant,Arcane Threat,249358,28498,8.75,18.1,48.0,48.0,941.4607,10330.1667,495848,1.9885,over_band,devious;arcane,stun_duration_ms;slow;cleanse_threshold;interrupt_skip_count,"{""cleanse_threshold"":3.0,""interrupt_skip_count"":3.0,""slow"":0.59,""stun_duration_ms"":735.0}",400,31433,31033,2
22,21,301070,braided_sideboard,4,chrono_tyrant,Chrono Tyrant,Devious Enemy,291629,33329,8.75,18.1,60.0,60.0,897.4483,9847.3333,590840,2.026,over_band,devious;arcane,slow;stun_duration_ms;interrupt_skip_count;cleanse_threshold,"{""cleanse_threshold"":3.0,""interrupt_skip_count"":2.0,""slow"":0.57,""stun_duration_ms"":882.0}",400,36706,36306,1
22,21,301071,braided_sideboard,4,plague_court,Plague Court,Withering Hexbearer,229889,26273,8.75,18.1,44.0,44.0,1037.2634,11201.8636,492882,2.144,over_band,spiteful;hexed,cleanse_threshold;suppress;poison_resistance;slow,"{""cleanse_threshold"":3.0,""poison_resistance"":0.25,""slow"":0.3,""suppress"":0.84}",400,28949,28549,1
22,21,301072,braided_sideboard,4,apex_bulwark,Apex Bulwark,Shielded Monster,257775,29460,8.75,18.1,57.0,57.0,1119.4368,14028.386,799618,3.102,over_band,aegis;fortified,block;armor;crit_negation,"{""armor"":120.0,""block"":10.0,""crit_negation"":0.77}",400,32403,32003,1
22,21,301073,split_spill_rejoin,4,plague_court,Plague Court,Bitter Bloom,167641,19159,8.75,18.1,32.0,32.0,1042.4971,11258.1563,360261,2.149,over_band,spiteful;hexed,cleanse_threshold;suppress;poison_resistance;slow,"{""cleanse_threshold"":4.0,""poison_resistance"":0.36,""slow"":0.24,""suppress"":0.75}",400,21155,20755,1
22,21,301074,braided_sideboard,4,plague_court,Plague Court,Hexed Enemy,219494,25085,8.75,18.1,37.0,37.0,1094.229,11817.0811,437232,1.992,over_band,spiteful;hexed,cleanse_threshold;suppress;poison_resistance;slow,"{""cleanse_threshold"":3.0,""poison_resistance"":0.23,""slow"":0.27,""suppress"":0.69}",400,27633,27233,1
22,21,301075,five_way_market,3,plague_court,Plague Court,Withering Threat,239628,27386,8.75,18.1,51.0,51.0,896.699,9683.7843,493873,2.061,over_band,spiteful;hexed,cleanse_threshold;suppress;poison_resistance;slow,"{""cleanse_threshold"":4.0,""poison_resistance"":0.23,""slow"":0.17,""suppress"":0.9}",400,30151,29751,1
22,21,301076,woven_boss_approach,3,chrono_tyrant,Chrono Tyrant,Devious Threat,162978,18626,8.75,18.1,32.0,32.0,895.8525,9829.625,314548,1.93,over_band,devious;arcane,interrupt_skip_count;cleanse_threshold;stun_duration_ms;slow,"{""cleanse_threshold"":4.0,""interrupt_skip_count"":3.0,""slow"":0.4,""stun_duration_ms"":936.0}",400,20624,20224,2
22,21,301077,split_spill_rejoin,4,chrono_tyrant,Chrono Tyrant,Devious Enemy,153869,17585,8.75,18.1,32.0,32.0,899.89,9874.0625,315970,2.0535,over_band,devious;arcane,cleanse_threshold;interrupt_skip_count;slow;stun_duration_ms,"{""cleanse_threshold"":3.0,""interrupt_skip_count"":2.0,""slow"":0.6,""stun_duration_ms"":883.0}",400,19489,19089,2
22,21,301078,five_way_market,3,void_regent,Void Regent,Hollow Threat,237921,27191,8.75,18.1,37.0,37.0,1086.0118,13484.3243,498920,2.097,over_band,nullify;warded,absorb;poison_resistance;suppress,"{""absorb"":13.0,""poison_resistance"":0.52,""suppress"":0.49}",400,29885,29485,0
22,21,301079,five_way_market,3,plague_court,Plague Court,Bitter Seer,179568,20522,8.75,18.1,35.0,35.0,973.4324,10512.4286,367935,2.049,over_band,spiteful;hexed,cleanse_threshold;suppress;poison_resistance;slow,"{""cleanse_threshold"":4.0,""poison_resistance"":0.34,""slow"":0.19,""suppress"":0.7}",400,22636,22236,1
22,21,301080,hourglass_detour,4,apex_bulwark,Apex Bulwark,Braced Sentinel,201303,23006,8.75,18.1,52.0,52.0,962.5875,12062.6923,627260,3.116,over_band,aegis;fortified,block;armor;crit_negation,"{""armor"":120.0,""block"":14.0,""crit_negation"":0.66}",400,25347,24947,0
23,22,311001,hourglass_detour,4,void_regent,Void Regent,Nullifying Acolyte,490675,51650,9.5,19.9,58.0,58.0,1162.2621,15667.7586,908730,1.852,over_band,nullify;warded,absorb;poison_resistance;suppress,"{""absorb"":11.0,""poison_resistance"":0.43,""suppress"":0.32}",400,61454,61054,0
23,22,311002,split_spill_rejoin,4,plague_court,Plague Court,Hexed Threat,197676,20808,9.5,19.9,32.0,32.0,1202.8038,14102.9375,451294,2.283,over_band,spiteful;hexed,cleanse_threshold;suppress;poison_resistance;slow,"{""cleanse_threshold"":3.0,""poison_resistance"":0.38,""slow"":0.31,""suppress"":0.84}",400,24931,24531,1
23,22,311003,hourglass_detour,4,plague_court,Plague Court,Bitter Bloom,271425,28571,9.5,19.9,51.0,51.0,992.2482,11634.0196,593335,2.186,over_band,spiteful;hexed,cleanse_threshold;suppress;slow;poison_resistance,"{""cleanse_threshold"":3.0,""poison_resistance"":0.32,""slow"":0.3,""suppress"":0.8}",400,34140,33740,1
23,22,311004,split_spill_rejoin,4,plague_court,Plague Court,Spiteful Bloom,285029,30003,9.5,19.9,53.0,53.0,999.9023,11723.8302,621363,2.18,over_band,spiteful;hexed,cleanse_threshold;suppress;slow;poison_resistance,"{""cleanse_threshold"":3.0,""poison_resistance"":0.34,""slow"":0.24,""suppress"":0.84}",400,35841,35441,1
23,22,311005,hourglass_detour,4,void_regent,Void Regent,Dimming Acolyte,288658,30385,9.5,19.9,37.0,37.0,1246.0028,16796.7838,621481,2.153,over_band,nullify;warded,absorb;poison_resistance;suppress,"{""absorb"":16.0,""poison_resistance"":0.55,""suppress"":0.45}",400,36235,35835,0
23,22,311006,hourglass_detour,4,void_regent,Void Regent,Hollow Threat,229264,24133,9.5,19.9,34.0,34.0,1010.9212,13627.7353,463343,2.021,over_band,nullify;warded,absorb;poison_resistance;suppress,"{""absorb"":14.0,""poison_resistance"":0.51,""suppress"":0.37}",400,28797,28397,0
23,22,311007,elite_orbit,4,chrono_tyrant,Chrono Tyrant,Devious Threat,259417,27307,9.5,19.9,38.0,38.0,1212.8505,14448.8421,549056,2.1165,over_band,devious;arcane,cleanse_threshold;slow;interrupt_skip_count;stun_duration_ms,"{""cleanse_threshold"":3.0,""interrupt_skip_count"":2.0,""slow"":0.57,""stun_duration_ms"":1063.0}",400,32690,32290,1
23,22,311008,elite_orbit,4,plague_court,Plague Court,Hexed Threat,222718,23444,9.5,19.9,38.0,38.0,1079.243,12653.8947,480848,2.159,over_band,spiteful;hexed,cleanse_threshold;suppress;poison_resistance;slow,"{""cleanse_threshold"":3.0,""poison_resistance"":0.23,""slow"":0.3,""suppress"":0.89}",400,28054,27654,1
23,22,311009,split_spill_rejoin,4,chrono_tyrant,Chrono Tyrant,Devious Monster,260310,27401,9.5,19.9,38.0,38.0,1063.206,12666.1316,481313,1.849,over_band,devious;arcane,slow;interrupt_skip_count;stun_duration_ms;cleanse_threshold,"{""cleanse_threshold"":3.0,""interrupt_skip_count"":2.0,""slow"":0.48,""stun_duration_ms"":690.0}",400,32771,32371,0
23,22,311010,elite_orbit,4,apex_bulwark,Apex Bulwark,Braced Guard,276707,29127,9.5,19.9,55.0,55.0,1177.3222,16018.8182,881035,3.184,over_band,aegis;fortified,block;armor;crit_negation,"{""armor"":120.0,""block"":15.0,""crit_negation"":0.74}",400,34781,34381,1
23,22,311011,braided_sideboard,4,plague_court,Plague Court,Hexed Bloom,450956,47469,9.5,19.9,59.0,59.0,1244.454,14591.1017,860875,1.909,over_band,spiteful;hexed,cleanse_threshold;suppress;slow;poison_resistance,"{""cleanse_threshold"":3.0,""poison_resistance"":0.25,""slow"":0.21,""suppress"":0.62}",400,56557,56157,0
23,22,311012,hourglass_detour,4,apex_bulwark,Apex Bulwark,Fortified Gatekeeper,182780,19240,9.5,19.9,37.0,37.0,1145.132,15580.7568,576488,3.154,over_band,aegis;fortified,block;armor;crit_negation,"{""armor"":120.0,""block"":12.0,""crit_negation"":0.79}",400,23036,22636,1
23,22,311013,elite_orbit,4,apex_bulwark,Apex Bulwark,Bulwark Gatekeeper,179009,18843,9.5,19.9,32.0,32.0,1226.8341,16692.5938,534163,2.984,over_band,aegis;fortified,block;armor;crit_negation,"{""armor"":120.0,""block"":8.0,""crit_negation"":0.64}",400,22540,22140,0
23,22,311014,split_spill_rejoin,4,chrono_tyrant,Chrono Tyrant,Arcane Enemy,329261,34659,9.5,19.9,55.0,55.0,1058.0496,12604.7091,693259,2.1055,over_band,devious;arcane,interrupt_skip_count;cleanse_threshold;slow;stun_duration_ms,"{""cleanse_threshold"":3.0,""interrupt_skip_count"":2.0,""slow"":0.62,""stun_duration_ms"":951.0}",400,41419,41019,2
23,22,311015,five_way_market,3,plague_court,Plague Court,Hexed Monster,323637,34067,9.5,19.9,50.0,50.0,1120.1045,13133.18,656659,2.029,over_band,spiteful;hexed,cleanse_threshold;suppress;poison_resistance;slow,"{""cleanse_threshold"":3.0,""poison_resistance"":0.24,""slow"":0.16,""suppress"":0.87}",400,40656,40256,1
23,22,311016,hourglass_detour,4,plague_court,Plague Court,Bitter Enemy,266836,28088,9.5,19.9,50.0,50.0,1005.4514,11788.82,589441,2.209,over_band,spiteful;hexed,cleanse_threshold;suppress;poison_resistance;slow,"{""cleanse_threshold"":4.0,""poison_resistance"":0.25,""slow"":0.25,""suppress"":0.98}",400,33568,33168,1
23,22,311017,braided_sideboard,4,chrono_tyrant,Chrono Tyrant,Devious Threat,341972,35997,9.5,19.9,52.0,52.0,1142.1612,13606.5385,707540,2.069,over_band,devious;arcane,cleanse_threshold;slow;stun_duration_ms;interrupt_skip_count,"{""cleanse_threshold"":3.0,""interrupt_skip_count"":3.0,""slow"":0.62,""stun_duration_ms"":842.0}",400,43020,42620,3
23,22,311018,woven_boss_approach,3,void_regent,Void Regent,Warded Keeper,417687,43967,9.5,19.9,50.0,50.0,1230.0823,16582.18,829109,1.985,over_band,nullify;warded,absorb;poison_resistance;suppress,"{""absorb"":12.0,""poison_resistance"":0.44,""suppress"":0.47}",400,52347,51947,0
23,22,311019,split_spill_rejoin,4,void_regent,Void Regent,Hollow Keeper,231857,24406,9.5,19.9,34.0,34.0,980.3684,13215.8529,449339,1.938,over_band,nullify;warded,absorb;poison_resistance;suppress,"{""absorb"":12.0,""poison_resistance"":0.47,""suppress"":0.36}",400,29110,28710,0
23,22,311020,five_way_market,3,apex_bulwark,Apex Bulwark,Fortified Enemy,290757,30606,9.5,19.9,60.0,60.0,1104.1303,15022.45,901347,3.1,over_band,aegis;fortified,block;armor;crit_negation,"{""armor"":120.0,""block"":15.0,""crit_negation"":0.6}",400,36527,36127,0
23,22,311021,woven_boss_approach,3,apex_bulwark,Apex Bulwark,Braced Enemy,181317,19086,9.5,19.9,38.0,38.0,1031.7549,14037.7632,533435,2.942,over_band,aegis;fortified,block;armor;crit_negation,"{""armor"":120.0,""block"":8.0,""crit_negation"":0.57}",400,22824,22424,0
23,22,311022,five_way_market,3,chrono_tyrant,Chrono Tyrant,Arcane Enemy,346978,36524,9.5,19.9,55.0,55.0,1027.8942,12245.1636,673484,1.941,over_band,devious;arcane,stun_duration_ms;cleanse_threshold;slow;interrupt_skip_count,"{""cleanse_threshold"":4.0,""interrupt_skip_count"":2.0,""slow"":0.48,""stun_duration_ms"":850.0}",400,43608,43208,1
23,22,311023,woven_boss_approach,3,plague_court,Plague Court,Bitter Seer,217569,22902,9.5,19.9,36.0,36.0,980.3772,11494.8889,413816,1.902,over_band,spiteful;hexed,cleanse_threshold;suppress;poison_resistance;slow,"{""cleanse_threshold"":4.0,""poison_resistance"":0.23,""slow"":0.18,""suppress"":0.66}",400,27375,26975,0
23,22,311024,five_way_market,3,apex_bulwark,Apex Bulwark,Fortified Sentinel,289494,30473,9.5,19.9,56.0,56.0,1152.7636,15684.375,878325,3.034,over_band,aegis;fortified,block;armor;crit_negation,"{""armor"":120.0,""block"":12.0,""crit_negation"":0.59}",400,36359,35959,0
23,22,311025,woven_boss_approach,3,plague_court,Plague Court,Bitter Threat,267321,28139,9.5,19.9,46.0,46.0,1096.3339,12854.6522,591314,2.212,over_band,spiteful;hexed,cleanse_threshold;suppress;slow;poison_resistance,"{""cleanse_threshold"":4.0,""poison_resistance"":0.28,""slow"":0.22,""suppress"":0.98}",400,33626,33226,1
23,22,311026,five_way_market,3,plague_court,Plague Court,Bitter Enemy,203205,21390,9.5,19.9,35.0,35.0,1032.9387,12111.0286,423886,2.086,over_band,spiteful;hexed,cleanse_threshold;suppress;poison_resistance;slow,"{""cleanse_threshold"":4.0,""poison_resistance"":0.22,""slow"":0.31,""suppress"":0.77}",400,25601,25201,1
23,22,311027,woven_boss_approach,3,apex_bulwark,Apex Bulwark,Braced Monster,204421,21518,9.5,19.9,45.0,45.0,1007.6446,13709.8444,616943,3.018,over_band,aegis;fortified,block;armor;crit_negation,"{""armor"":120.0,""block"":10.0,""crit_negation"":0.63}",400,25722,25322,0
23,22,311028,braided_sideboard,4,void_regent,Void Regent,Hollow Keeper,495558,52164,9.5,19.9,59.0,59.0,1231.1755,16597.0,979223,1.976,over_band,nullify;warded,absorb;poison_resistance;suppress,"{""absorb"":11.0,""poison_resistance"":0.54,""suppress"":0.34}",400,62073,61673,0
23,22,311029,split_spill_rejoin,4,chrono_tyrant,Chrono Tyrant,Arcane Threat,233995,24631,9.5,19.9,32.0,32.0,1156.4039,13776.4688,440847,1.884,over_band,devious;arcane,interrupt_skip_count;stun_duration_ms;slow;cleanse_threshold,"{""cleanse_threshold"":3.0,""interrupt_skip_count"":3.0,""slow"":0.42,""stun_duration_ms"":832.0}",400,29503,29103,2
23,22,311030,five_way_market,3,apex_bulwark,Apex Bulwark,Shielded Threat,186409,19622,9.5,19.9,37.0,37.0,1193.0446,16232.7027,600610,3.222,over_band,aegis;fortified,block;armor;crit_negation,"{""armor"":120.0,""block"":16.0,""crit_negation"":0.77}",400,23499,23099,1
23,22,311031,five_way_market,3,chrono_tyrant,Chrono Tyrant,Devious Threat,286786,30188,9.5,19.9,38.0,38.0,1244.5435,14826.0789,563391,1.9645,over_band,devious;arcane,stun_duration_ms;slow;interrupt_skip_count;cleanse_threshold,"{""cleanse_threshold"":4.0,""interrupt_skip_count"":2.0,""slow"":0.62,""stun_duration_ms"":645.0}",400,36085,35685,1
23,22,311032,elite_orbit,4,chrono_tyrant,Chrono Tyrant,Arcane Enemy,300039,31583,9.5,19.9,45.0,45.0,1116.5729,13301.7333,598578,1.995,over_band,devious;arcane,slow;interrupt_skip_count;cleanse_threshold;stun_duration_ms,"{""cleanse_threshold"":4.0,""interrupt_skip_count"":3.0,""slow"":0.51,""stun_duration_ms"":868.0}",400,37763,37363,2
23,22,311033,split_spill_rejoin,4,apex_bulwark,Apex Bulwark,Braced Threat,261355,27511,9.5,19.9,56.0,56.0,1058.5561,14402.5357,806542,3.086,over_band,aegis;fortified,block;armor;crit_negation,"{""armor"":120.0,""block"":14.0,""crit_negation"":0.61}",400,32849,32449,0
23,22,311034,woven_boss_approach,3,void_regent,Void Regent,Hollow Threat,415435,43730,9.5,19.9,56.0,56.0,1177.1181,15868.125,888615,2.139,over_band,nullify;warded,absorb;poison_resistance;suppress,"{""absorb"":12.0,""poison_resistance"":0.58,""suppress"":0.49}",400,52073,51673,0
23,22,311035,braided_sideboard,4,apex_bulwark,Apex Bulwark,Bulwark Enemy,296096,31168,9.5,19.9,57.0,57.0,1156.0881,15729.4561,896579,3.028,over_band,aegis;fortified,block;armor;crit_negation,"{""armor"":120.0,""block"":9.0,""crit_negation"":0.68}",400,37182,36782,1
23,22,311036,elite_orbit,4,apex_bulwark,Apex Bulwark,Braced Enemy,210349,22142,9.5,19.9,46.0,46.0,1021.7148,13901.3261,639461,3.04,over_band,aegis;fortified,block;armor;crit_negation,"{""armor"":120.0,""block"":12.0,""crit_negation"":0.6}",400,26467,26067,0
23,22,311037,hourglass_detour,4,chrono_tyrant,Chrono Tyrant,Devious Enemy,332472,34997,9.5,19.9,50.0,50.0,1013.3533,12072.06,603603,1.8155,over_band,devious;arcane,interrupt_skip_count;stun_duration_ms;cleanse_threshold;slow,"{""cleanse_threshold"":4.0,""interrupt_skip_count"":2.0,""slow"":0.4,""stun_duration_ms"":743.0}",400,41782,41382,0
23,22,311038,split_spill_rejoin,4,plague_court,Plague Court,Bitter Bloom,307221,32339,9.5,19.9,53.0,53.0,1145.9743,13436.566,712138,2.318,over_band,spiteful;hexed,cleanse_threshold;suppress;poison_resistance;slow,"{""cleanse_threshold"":3.0,""poison_resistance"":0.36,""slow"":0.27,""suppress"":0.97}",400,38628,38228,1
23,22,311039,split_spill_rejoin,4,void_regent,Void Regent,Warded Monster,376970,39681,9.5,19.9,48.0,48.0,1188.4591,16021.2292,769019,2.04,over_band,nullify;warded,absorb;poison_resistance;suppress,"{""absorb"":13.0,""poison_resistance"":0.54,""suppress"":0.38}",400,47259,46859,0
23,22,311040,woven_boss_approach,3,plague_court,Plague Court,Hexed Hexbearer,287033,30214,9.5,19.9,56.0,56.0,975.7229,11440.3214,640658,2.232,over_band,spiteful;hexed,cleanse_threshold;suppress;poison_resistance;slow,"{""cleanse_threshold"":3.0,""poison_resistance"":0.35,""slow"":0.24,""suppress"":0.9}",400,36096,35696,1
23,22,311041,braided_sideboard,4,plague_court,Plague Court,Spiteful Enemy,344480,36261,9.5,19.9,59.0,59.0,1090.0413,12780.7966,754067,2.189,over_band,spiteful;hexed,cleanse_threshold;suppress;slow;poison_resistance,"{""cleanse_threshold"":3.0,""poison_resistance"":0.38,""slow"":0.26,""suppress"":0.77}",400,43270,42870,1
23,22,311042,hourglass_detour,4,void_regent,Void Regent,Nullifying Acolyte,355357,37406,9.5,19.9,48.0,48.0,1124.1893,15154.5,727416,2.047,over_band,nullify;warded,absorb;poison_resistance;suppress,"{""absorb"":15.0,""poison_resistance"":0.56,""suppress"":0.31}",400,44559,44159,0
23,22,311043,braided_sideboard,4,void_regent,Void Regent,Warded Keeper,360240,37920,9.5,19.9,50.0,50.0,1095.6307,14769.84,738492,2.05,over_band,nullify;warded,absorb;poison_resistance;suppress,"{""absorb"":13.0,""poison_resistance"":0.55,""suppress"":0.38}",400,45169,44769,0
23,22,311044,hourglass_detour,4,plague_court,Plague Court,Hexed Monster,229558,24164,9.5,19.9,32.0,32.0,1165.5352,13665.875,437308,1.905,over_band,spiteful;hexed,cleanse_threshold;suppress;poison_resistance;slow,"{""cleanse_threshold"":4.0,""poison_resistance"":0.24,""slow"":0.18,""suppress"":0.65}",400,28875,28475,0
23,22,311045,woven_boss_approach,3,plague_court,Plague Court,Hexed Bloom,320549,33742,9.5,19.9,50.0,50.0,1175.0395,13777.2,688860,2.149,over_band,spiteful;hexed,cleanse_threshold;slow;suppress;poison_resistance,"{""cleanse_threshold"":3.0,""poison_resistance"":0.29,""slow"":0.3,""suppress"":0.79}",400,40280,39880,1
23,22,311046,split_spill_rejoin,4,chrono_tyrant,Chrono Tyrant,Arcane Monster,303012,31896,9.5,19.9,50.0,50.0,1040.0396,12390.16,619508,2.0445,over_band,devious;arcane,cleanse_threshold;stun_duration_ms;interrupt_skip_count;slow,"{""cleanse_threshold"":3.0,""interrupt_skip_count"":3.0,""slow"":0.59,""stun_duration_ms"":847.0}",400,38147,37747,3
23,22,311047,woven_boss_approach,3,chrono_tyrant,Chrono Tyrant,Devious Enemy,385434,40572,9.5,19.9,58.0,58.0,1127.1068,13427.0517,778769,2.0205,over_band,devious;arcane,interrupt_skip_count;cleanse_threshold;stun_duration_ms;slow,"{""cleanse_threshold"":3.0,""interrupt_skip_count"":2.0,""slow"":0.55,""stun_duration_ms"":907.0}",400,48431,48031,1
23,22,311048,braided_sideboard,4,plague_court,Plague Court,Withering Threat,202873,21355,9.5,19.9,31.0,31.0,1259.7659,14770.4516,457884,2.257,over_band,spiteful;hexed,cleanse_threshold;suppress;slow;poison_resistance,"{""cleanse_threshold"":3.0,""poison_resistance"":0.38,""slow"":0.18,""suppress"":0.97}",400,25578,25178,1
23,22,311049,braided_sideboard,4,void_regent,Void Regent,Hollow Threat,432355,45511,9.5,19.9,59.0,59.0,1181.7937,15931.1864,939940,2.174,over_band,nullify;warded,absorb;poison_resistance;suppress,"{""absorb"":13.0,""poison_resistance"":0.59,""suppress"":0.5}",400,54194,53794,0
23,22,311050,elite_orbit,4,void_regent,Void Regent,Nullifying Monster,375858,39564,9.5,19.9,51.0,51.0,1086.2951,14643.7255,746830,1.987,over_band,nullify;warded,absorb;poison_resistance;suppress,"{""absorb"":16.0,""poison_resistance"":0.44,""suppress"":0.37}",400,47123,46723,0
23,22,311051,five_way_market,3,chrono_tyrant,Chrono Tyrant,Devious Threat,333716,35128,9.5,19.9,50.0,50.0,1103.1385,13141.74,657087,1.969,over_band,devious;arcane,interrupt_skip_count;cleanse_threshold;stun_duration_ms;slow,"{""cleanse_threshold"":4.0,""interrupt_skip_count"":2.0,""slow"":0.52,""stun_duration_ms"":834.0}",400,41954,41554,1
23,22,311052,braided_sideboard,4,chrono_tyrant,Chrono Tyrant,Devious Enemy,257669,27123,9.5,19.9,37.0,37.0,1123.5374,13384.8649,495240,1.922,over_band,devious;arcane,stun_duration_ms;interrupt_skip_count;cleanse_threshold;slow,"{""cleanse_threshold"":3.0,""interrupt_skip_count"":2.0,""slow"":0.43,""stun_duration_ms"":926.0}",400,32452,32052,1
23,22,311053,braided_sideboard,4,apex_bulwark,Apex Bulwark,Shielded Gatekeeper,281694,29652,9.5,19.9,55.0,55.0,1206.1084,16409.9636,902548,3.204,over_band,aegis;fortified,block;armor;crit_negation,"{""armor"":120.0,""block"":16.0,""crit_negation"":0.74}",400,35407,35007,1
23,22,311054,split_spill_rejoin,4,chrono_tyrant,Chrono Tyrant,Devious Threat,355053,37374,9.5,19.9,59.0,59.0,1024.9426,12210.2203,720403,2.029,over_band,devious;arcane,interrupt_skip_count;cleanse_threshold;stun_duration_ms;slow,"{""cleanse_threshold"":4.0,""interrupt_skip_count"":2.0,""slow"":0.6,""stun_duration_ms"":810.0}",400,44627,44227,1
23,22,311055,hourglass_detour,4,chrono_tyrant,Chrono Tyrant,Devious Enemy,245651,25858,9.5,19.9,45.0,45.0,975.1243,11616.5556,522745,2.128,over_band,devious;arcane,cleanse_threshold;interrupt_skip_count;stun_duration_ms;slow,"{""cleanse_threshold"":3.0,""interrupt_skip_count"":2.0,""slow"":0.58,""stun_duration_ms"":1068.0}",400,30970,30570,2
23,22,311056,braided_sideboard,4,chrono_tyrant,Chrono Tyrant,Arcane Monster,260585,27430,9.5,19.9,37.0,37.0,1185.6278,14124.4054,522603,2.0055,over_band,devious;arcane,cleanse_threshold;stun_duration_ms;slow;interrupt_skip_count,"{""cleanse_threshold"":3.0,""interrupt_skip_count"":3.0,""slow"":0.63,""stun_duration_ms"":697.0}",400,32838,32438,2
23,22,311057,five_way_market,3,plague_court,Plague Court,Spiteful Enemy,232636,24488,9.5,19.9,39.0,39.0,1117.1979,13099.2051,510869,2.196,over_band,spiteful;hexed,cleanse_threshold;suppress;slow;poison_resistance,"{""cleanse_threshold"":4.0,""poison_resistance"":0.36,""slow"":0.3,""suppress"":0.74}",400,29284,28884,1
23,22,311058,braided_sideboard,4,chrono_tyrant,Chrono Tyrant,Devious Enemy,221987,23367,9.5,19.9,31.0,31.0,1200.7075,14303.8387,443419,1.9975,over_band,devious;arcane,cleanse_threshold;interrupt_skip_count;stun_duration_ms;slow,"{""cleanse_threshold"":3.0,""interrupt_skip_count"":3.0,""slow"":0.42,""stun_duration_ms"":1059.0}",400,28016,27616,2
23,22,311059,five_way_market,3,chrono_tyrant,Chrono Tyrant,Arcane Enemy,259189,27283,9.5,19.9,37.0,37.0,1186.0417,14129.2973,522784,2.017,over_band,devious;arcane,slow;interrupt_skip_count;cleanse_threshold;stun_duration_ms,"{""cleanse_threshold"":4.0,""interrupt_skip_count"":2.0,""slow"":0.54,""stun_duration_ms"":894.0}",400,32644,32244,1
23,22,311060,five_way_market,3,chrono_tyrant,Chrono Tyrant,Devious Threat,277704,29232,9.5,19.9,35.0,35.0,1173.5456,13980.4,489314,1.762,over_band,devious;arcane,slow;stun_duration_ms;interrupt_skip_count;cleanse_threshold,"{""cleanse_threshold"":3.0,""interrupt_skip_count"":2.0,""slow"":0.37,""stun_duration_ms"":714.0}",400,34937,34537,0
23,22,311061,hourglass_detour,4,apex_bulwark,Apex Bulwark,Bulwark Threat,248473,26155,9.5,19.9,57.0,57.0,995.774,13548.3158,772254,3.108,over_band,aegis;fortified,block;armor;crit_negation,"{""armor"":120.0,""block"":13.0,""crit_negation"":0.68}",400,31241,30841,1
23,22,311062,hourglass_detour,4,chrono_tyrant,Chrono Tyrant,Arcane Monster,238735,25130,9.5,19.9,37.0,37.0,1007.3966,12001.2703,444047,1.86,over_band,devious;arcane,interrupt_skip_count;slow;stun_duration_ms;cleanse_threshold,"{""cleanse_threshold"":3.0,""interrupt_skip_count"":3.0,""slow"":0.46,""stun_duration_ms"":712.0}",400,30092,29692,1
23,22,311063,elite_orbit,4,chrono_tyrant,Chrono Tyrant,Arcane Monster,325679,34282,9.5,19.9,53.0,53.0,1041.1642,12403.4528,657383,2.0185,over_band,devious;arcane,slow;stun_duration_ms;interrupt_skip_count;cleanse_threshold,"{""cleanse_threshold"":4.0,""interrupt_skip_count"":2.0,""slow"":0.48,""stun_duration_ms"":1005.0}",400,40955,40555,1
23,22,311064,elite_orbit,4,chrono_tyrant,Chrono Tyrant,Arcane Threat,258077,27166,9.5,19.9,35.0,35.0,1233.597,14695.6286,514347,1.993,over_band,devious;arcane,slow;interrupt_skip_count;cleanse_threshold;stun_duration_ms,"{""cleanse_threshold"":4.0,""interrupt_skip_count"":2.0,""slow"":0.51,""stun_duration_ms"":900.0}",400,32502,32102,1
23,22,311065,five_way_market,3,void_regent,Void Regent,Nullifying Keeper,339283,35714,9.5,19.9,46.0,46.0,1040.6561,14028.6087,645316,1.902,over_band,nullify;warded,absorb;poison_resistance;suppress,"{""absorb"":9.0,""poison_resistance"":0.46,""suppress"":0.4}",400,42532,42132,0
23,22,311066,woven_boss_approach,3,apex_bulwark,Apex Bulwark,Shielded Monster,186932,19677,9.5,19.9,37.0,37.0,1156.3081,15732.5946,582106,3.114,over_band,aegis;fortified,block;armor;crit_negation,"{""armor"":120.0,""block"":10.0,""crit_negation"":0.79}",400,23549,23149,1
23,22,311067,woven_boss_approach,3,apex_bulwark,Apex Bulwark,Bulwark Guard,260623,27434,9.5,19.9,48.0,48.0,1217.9541,16571.2708,795421,3.052,over_band,aegis;fortified,block;armor;crit_negation,"{""armor"":120.0,""block"":12.0,""crit_negation"":0.62}",400,32753,32353,0
23,22,311068,braided_sideboard,4,apex_bulwark,Apex Bulwark,Fortified Enemy,272014,28633,9.5,19.9,56.0,56.0,1087.4536,14795.625,828555,3.046,over_band,aegis;fortified,block;armor;crit_negation,"{""armor"":120.0,""block"":12.0,""crit_negation"":0.61}",400,34176,33776,0
23,22,311069,braided_sideboard,4,apex_bulwark,Apex Bulwark,Braced Sentinel,222823,23455,9.5,19.9,48.0,48.0,1019.4745,13870.7292,665795,2.988,over_band,aegis;fortified,block;armor;crit_negation,"{""armor"":120.0,""block"":10.0,""crit_negation"":0.58}",400,28018,27618,0
23,22,311070,split_spill_rejoin,4,plague_court,Plague Court,Spiteful Bloom,199899,21042,9.5,19.9,34.0,34.0,994.8857,11664.7059,396600,1.984,over_band,spiteful;hexed,cleanse_threshold;suppress;slow;poison_resistance,"{""cleanse_threshold"":3.0,""poison_resistance"":0.21,""slow"":0.26,""suppress"":0.72}",400,25183,24783,1
23,22,311071,woven_boss_approach,3,apex_bulwark,Apex Bulwark,Fortified Gatekeeper,189449,19942,9.5,19.9,34.0,34.0,1199.9159,16326.0588,555086,2.93,over_band,aegis;fortified,block;armor;crit_negation,"{""armor"":120.0,""block"":8.0,""crit_negation"":0.55}",400,23838,23438,0
23,22,311072,split_spill_rejoin,4,plague_court,Plague Court,Bitter Enemy,318070,33481,9.5,19.9,56.0,56.0,997.4325,11694.75,654906,2.059,over_band,spiteful;hexed,cleanse_threshold;suppress;slow;poison_resistance,"{""cleanse_threshold"":3.0,""poison_resistance"":0.23,""slow"":0.22,""suppress"":0.85}",400,39963,39563,1
23,22,311073,woven_boss_approach,3,chrono_tyrant,Chrono Tyrant,Devious Threat,315467,33207,9.5,19.9,53.0,53.0,1074.7177,12803.2075,678570,2.151,over_band,devious;arcane,stun_duration_ms;cleanse_threshold;interrupt_skip_count;slow,"{""cleanse_threshold"":4.0,""interrupt_skip_count"":3.0,""slow"":0.64,""stun_duration_ms"":946.0}",400,39708,39308,3
23,22,311074,woven_boss_approach,3,void_regent,Void Regent,Dimming Enemy,432858,45564,9.5,19.9,59.0,59.0,1120.0334,15098.678,890822,2.058,over_band,nullify;warded,absorb;poison_resistance;suppress,"{""absorb"":15.0,""poison_resistance"":0.48,""suppress"":0.44}",400,54252,53852,0
23,22,311075,braided_sideboard,4,void_regent,Void Regent,Nullifying Monster,280991,29578,9.5,19.9,35.0,35.0,1253.6189,16899.6,591486,2.105,over_band,nullify;warded,absorb;poison_resistance;suppress,"{""absorb"":15.0,""poison_resistance"":0.59,""suppress"":0.35}",400,35268,34868,0
23,22,311076,elite_orbit,4,void_regent,Void Regent,Hollow Enemy,360050,37900,9.5,19.9,46.0,46.0,1228.6167,16562.3043,761866,2.116,over_band,nullify;warded,absorb;poison_resistance;suppress,"{""absorb"":13.0,""poison_resistance"":0.56,""suppress"":0.46}",400,45151,44751,0
23,22,311077,split_spill_rejoin,4,chrono_tyrant,Chrono Tyrant,Devious Threat,369332,38877,9.5,19.9,55.0,55.0,1078.8884,12852.7455,706901,1.914,over_band,devious;arcane,interrupt_skip_count;slow;cleanse_threshold;stun_duration_ms,"{""cleanse_threshold"":4.0,""interrupt_skip_count"":3.0,""slow"":0.38,""stun_duration_ms"":940.0}",400,46417,46017,2
23,22,311078,woven_boss_approach,3,plague_court,Plague Court,Bitter Enemy,322459,33943,9.5,19.9,50.0,50.0,1210.0722,14188.2,709410,2.2,over_band,spiteful;hexed,cleanse_threshold;suppress;poison_resistance;slow,"{""cleanse_threshold"":4.0,""poison_resistance"":0.33,""slow"":0.19,""suppress"":0.93}",400,40515,40115,1
23,22,311079,woven_boss_approach,3,void_regent,Void Regent,Hollow Threat,393538,41425,9.5,19.9,57.0,57.0,1040.7071,14029.2807,799669,2.032,over_band,nullify;warded,absorb;poison_resistance;suppress,"{""absorb"":9.0,""poison_resistance"":0.52,""suppress"":0.5}",400,49325,48925,0
23,22,311080,split_spill_rejoin,4,plague_court,Plague Court,Hexed Seer,275453,28995,9.5,19.9,53.0,53.0,996.8897,11688.566,619494,2.249,over_band,spiteful;hexed,cleanse_threshold;suppress;poison_resistance;slow,"{""cleanse_threshold"":4.0,""poison_resistance"":0.29,""slow"":0.32,""suppress"":0.89}",400,34646,34246,1
24,23,321001,five_way_market,3,apex_bulwark,Apex Bulwark,Bulwark Monster,190015,18538,10.25,21.7,37.0,37.0,1087.2727,15961.2703,590567,3.108,over_band,aegis;fortified,block;armor;crit_negation,"{""armor"":120.0,""block"":10.0,""crit_negation"":0.78}",400,23933,23533,1
24,23,321002,five_way_market,3,plague_court,Plague Court,Bitter Hexbearer,237329,23154,10.25,21.7,36.0,36.0,1186.6116,15011.0556,540398,2.277,over_band,spiteful;hexed,cleanse_threshold;suppress;poison_resistance;slow,"{""cleanse_threshold"":4.0,""poison_resistance"":0.37,""slow"":0.27,""suppress"":0.88}",400,29879,29479,1
24,23,321003,split_spill_rejoin,4,plague_court,Plague Court,Withering Enemy,372905,36381,10.25,21.7,59.0,59.0,1069.1938,13525.7119,798017,2.14,over_band,spiteful;hexed,cleanse_threshold;suppress;poison_resistance;slow,"{""cleanse_threshold"":3.0,""poison_resistance"":0.37,""slow"":0.24,""suppress"":0.74}",400,46819,46419,1
24,23,321004,hourglass_detour,4,apex_bulwark,Apex Bulwark,Fortified Threat,266090,25960,10.25,21.7,44.0,44.0,1300.1399,19085.9091,839780,3.156,over_band,aegis;fortified,block;armor;crit_negation,"{""armor"":120.0,""block"":13.0,""crit_negation"":0.76}",400,33450,33050,1
24,23,321005,woven_boss_approach,3,plague_court,Plague Court,Bitter Seer,280614,27377,10.25,21.7,44.0,44.0,1078.8632,13648.0455,600514,2.14,over_band,spiteful;hexed,cleanse_threshold;poison_resistance;suppress;slow,"{""cleanse_threshold"":4.0,""poison_resistance"":0.33,""slow"":0.31,""suppress"":0.69}",400,35277,34877,1
24,23,321006,elite_orbit,4,plague_court,Plague Court,Spiteful Threat,361538,35272,10.25,21.7,59.0,59.0,1088.4314,13769.0847,812376,2.247,over_band,spiteful;hexed,cleanse_threshold;slow;suppress;poison_resistance,"{""cleanse_threshold"":3.0,""poison_resistance"":0.36,""slow"":0.3,""suppress"":0.83}",400,45409,45009,1
24,23,321007,split_spill_rejoin,4,chrono_tyrant,Chrono Tyrant,Devious Monster,415299,40517,10.25,21.7,59.0,59.0,1068.9864,13740.0678,810664,1.952,over_band,devious;arcane,stun_duration_ms;cleanse_threshold;slow;interrupt_skip_count,"{""cleanse_threshold"":3.0,""interrupt_skip_count"":2.0,""slow"":0.58,""stun_duration_ms"":716.0}",400,52155,51755,1
24,23,321008,hourglass_detour,4,chrono_tyrant,Chrono Tyrant,Arcane Monster,415474,40534,10.25,21.7,49.0,49.0,1372.7707,17644.9184,864601,2.081,over_band,devious;arcane,stun_duration_ms;slow;cleanse_threshold;interrupt_skip_count,"{""cleanse_threshold"":4.0,""interrupt_skip_count"":2.0,""slow"":0.53,""stun_duration_ms"":1040.0}",400,52186,51786,1
24,23,321009,elite_orbit,4,apex_bulwark,Apex Bulwark,Fortified Gatekeeper,163590,15960,10.25,21.7,30.0,30.0,1122.5259,16478.9667,494369,3.022,over_band,aegis;fortified,block;armor;crit_negation,"{""armor"":120.0,""block"":12.0,""crit_negation"":0.57}",400,20620,20220,0
24,23,321010,braided_sideboard,4,chrono_tyrant,Chrono Tyrant,Devious Enemy,226720,22119,10.25,21.7,35.0,35.0,1072.701,13787.8286,482574,2.1285,over_band,devious;arcane,interrupt_skip_count;cleanse_threshold;slow;stun_duration_ms,"{""cleanse_threshold"":3.0,""interrupt_skip_count"":3.0,""slow"":0.59,""stun_duration_ms"":1015.0}",400,28620,28220,3
24,23,321011,woven_boss_approach,3,void_regent,Void Regent,Hollow Enemy,476082,46447,10.25,21.7,56.0,56.0,1261.3643,18346.1607,1027385,2.158,over_band,nullify;warded,absorb;poison_resistance;suppress,"{""absorb"":14.0,""poison_resistance"":0.57,""suppress"":0.48}",400,59660,59260,0
24,23,321012,split_spill_rejoin,4,apex_bulwark,Apex Bulwark,Shielded Gatekeeper,205728,20071,10.25,21.7,34.0,34.0,1251.3905,18370.2941,624590,3.036,over_band,aegis;fortified,block;armor;crit_negation,"{""armor"":120.0,""block"":13.0,""crit_negation"":0.56}",400,25889,25489,0
24,23,321013,woven_boss_approach,3,apex_bulwark,Apex Bulwark,Braced Gatekeeper,233833,22813,10.25,21.7,39.0,39.0,1266.9556,18598.7179,725350,3.102,over_band,aegis;fortified,block;armor;crit_negation,"{""armor"":120.0,""block"":13.0,""crit_negation"":0.67}",400,29411,29011,1
24,23,321014,split_spill_rejoin,4,apex_bulwark,Apex Bulwark,Shielded Guard,179918,17553,10.25,21.7,31.0,31.0,1261.1835,18514.129,573938,3.19,over_band,aegis;fortified,block;armor;crit_negation,"{""armor"":120.0,""block"":15.0,""crit_negation"":0.75}",400,22684,22284,1
24,23,321015,hourglass_detour,4,void_regent,Void Regent,Hollow Enemy,458677,44749,10.25,21.7,56.0,56.0,1124.5723,16356.75,915978,1.997,over_band,nullify;warded,absorb;poison_resistance;suppress,"{""absorb"":9.0,""poison_resistance"":0.52,""suppress"":0.45}",400,57464,57064,0
24,23,321016,woven_boss_approach,3,void_regent,Void Regent,Dimming Keeper,447771,43685,10.25,21.7,50.0,50.0,1205.5568,17534.72,876736,1.958,over_band,nullify;warded,absorb;poison_resistance;suppress,"{""absorb"":11.0,""poison_resistance"":0.48,""suppress"":0.4}",400,56100,55700,0
24,23,321017,elite_orbit,4,plague_court,Plague Court,Hexed Hexbearer,411784,40174,10.25,21.7,57.0,57.0,1154.7053,14607.4912,832627,2.022,over_band,spiteful;hexed,cleanse_threshold;suppress;poison_resistance;slow,"{""cleanse_threshold"":4.0,""poison_resistance"":0.27,""slow"":0.23,""suppress"":0.71}",400,51664,51264,1
24,23,321018,hourglass_detour,4,apex_bulwark,Apex Bulwark,Fortified Enemy,167916,16382,10.25,21.7,32.0,32.0,1074.4697,15773.5938,504755,3.006,over_band,aegis;fortified,block;armor;crit_negation,"{""armor"":120.0,""block"":10.0,""crit_negation"":0.61}",400,21158,20758,0
24,23,321019,five_way_market,3,void_regent,Void Regent,Nullifying Keeper,284366,27743,10.25,21.7,35.0,35.0,1116.0781,16233.2286,568163,1.998,over_band,nullify;warded,absorb;poison_resistance;suppress,"{""absorb"":8.0,""poison_resistance"":0.56,""suppress"":0.42}",400,35672,35272,0
24,23,321020,elite_orbit,4,plague_court,Plague Court,Withering Threat,279630,27281,10.25,21.7,46.0,46.0,1100.4236,13920.7174,640353,2.29,over_band,spiteful;hexed,cleanse_threshold;suppress;slow;poison_resistance,"{""cleanse_threshold"":4.0,""poison_resistance"":0.32,""slow"":0.27,""suppress"":0.97}",400,35171,34771,1
24,23,321021,braided_sideboard,4,void_regent,Void Regent,Warded Vessel,320425,31261,10.25,21.7,37.0,37.0,1142.0135,16610.1351,614575,1.918,over_band,nullify;warded,absorb;poison_resistance;suppress,"{""absorb"":9.0,""poison_resistance"":0.49,""suppress"":0.38}",400,40175,39775,0
24,23,321022,split_spill_rejoin,4,void_regent,Void Regent,Warded Acolyte,337984,32974,10.25,21.7,37.0,37.0,1288.7219,18744.4054,693543,2.052,over_band,nullify;warded,absorb;poison_resistance;suppress,"{""absorb"":9.0,""poison_resistance"":0.54,""suppress"":0.5}",400,42382,41982,0
24,23,321023,hourglass_detour,4,plague_court,Plague Court,Bitter Threat,287482,28047,10.25,21.7,36.0,36.0,1359.0691,17193.0278,618949,2.153,over_band,spiteful;hexed,cleanse_threshold;suppress;slow;poison_resistance,"{""cleanse_threshold"":3.0,""poison_resistance"":0.35,""slow"":0.3,""suppress"":0.71}",400,36142,35742,1
24,23,321024,elite_orbit,4,chrono_tyrant,Chrono Tyrant,Arcane Threat,504884,49257,10.25,21.7,59.0,59.0,1269.2734,16314.5932,962561,1.9065,over_band,devious;arcane,interrupt_skip_count;slow;cleanse_threshold;stun_duration_ms,"{""cleanse_threshold"":3.0,""interrupt_skip_count"":2.0,""slow"":0.41,""stun_duration_ms"":931.0}",400,63352,62952,1
24,23,321025,braided_sideboard,4,void_regent,Void Regent,Warded Acolyte,305348,29790,10.25,21.7,37.0,37.0,1194.3861,17371.8378,642758,2.105,over_band,nullify;warded,absorb;poison_resistance;suppress,"{""absorb"":9.0,""poison_resistance"":0.6,""suppress"":0.49}",400,38305,37905,0
24,23,321026,split_spill_rejoin,4,apex_bulwark,Apex Bulwark,Braced Sentinel,274895,26819,10.25,21.7,49.0,49.0,1169.3827,17166.9184,841179,3.06,over_band,aegis;fortified,block;armor;crit_negation,"{""armor"":120.0,""block"":13.0,""crit_negation"":0.6}",400,34538,34138,0
24,23,321027,five_way_market,3,plague_court,Plague Court,Hexed Monster,425621,41524,10.25,21.7,57.0,57.0,1234.8014,15621.0351,890399,2.092,over_band,spiteful;hexed,cleanse_threshold;poison_resistance;suppress;slow,"{""cleanse_threshold"":4.0,""poison_resistance"":0.32,""slow"":0.19,""suppress"":0.79}",400,53399,52999,1
24,23,321028,hourglass_detour,4,void_regent,Void Regent,Nullifying Monster,492574,48056,10.25,21.7,49.0,49.0,1371.9241,19954.2653,977759,1.985,over_band,nullify;warded,absorb;poison_resistance;suppress,"{""absorb"":10.0,""poison_resistance"":0.49,""suppress"":0.45}",400,61702,61302,0
24,23,321029,hourglass_detour,4,apex_bulwark,Apex Bulwark,Fortified Monster,224250,21878,10.25,21.7,36.0,36.0,1317.977,19347.8056,696521,3.106,over_band,aegis;fortified,block;armor;crit_negation,"{""armor"":120.0,""block"":12.0,""crit_negation"":0.71}",400,28213,27813,1
24,23,321030,braided_sideboard,4,chrono_tyrant,Chrono Tyrant,Devious Enemy,372946,36385,10.25,21.7,48.0,48.0,1159.4042,14902.2917,715310,1.918,over_band,devious;arcane,stun_duration_ms;cleanse_threshold;slow;interrupt_skip_count,"{""cleanse_threshold"":4.0,""interrupt_skip_count"":3.0,""slow"":0.52,""stun_duration_ms"":696.0}",400,46867,46467,1
24,23,321031,hourglass_detour,4,chrono_tyrant,Chrono Tyrant,Devious Enemy,287205,28020,10.25,21.7,34.0,34.0,1210.8691,15563.9706,529175,1.8425,over_band,devious;arcane,cleanse_threshold;slow;stun_duration_ms;interrupt_skip_count,"{""cleanse_threshold"":4.0,""interrupt_skip_count"":3.0,""slow"":0.48,""stun_duration_ms"":617.0}",400,36141,35741,1
24,23,321032,elite_orbit,4,chrono_tyrant,Chrono Tyrant,Arcane Enemy,368498,35951,10.25,21.7,45.0,45.0,1200.6119,15431.8667,694434,1.8845,over_band,devious;arcane,slow;interrupt_skip_count;cleanse_threshold;stun_duration_ms,"{""cleanse_threshold"":3.0,""interrupt_skip_count"":3.0,""slow"":0.46,""stun_duration_ms"":761.0}",400,46315,45915,1
24,23,321033,split_spill_rejoin,4,plague_court,Plague Court,Withering Hexbearer,367832,35886,10.25,21.7,52.0,52.0,1315.7196,16644.4038,865509,2.353,over_band,spiteful;hexed,cleanse_threshold;poison_resistance;suppress;slow,"{""cleanse_threshold"":4.0,""poison_resistance"":0.37,""slow"":0.3,""suppress"":0.95}",400,46200,45800,1
24,23,321034,braided_sideboard,4,void_regent,Void Regent,Nullifying Acolyte,515360,50279,10.25,21.7,56.0,56.0,1249.6451,18175.6429,1017836,1.975,over_band,nullify;warded,absorb;poison_resistance;suppress,"{""absorb"":10.0,""poison_resistance"":0.55,""suppress"":0.35}",400,64546,64146,0
24,23,321035,hourglass_detour,4,chrono_tyrant,Chrono Tyrant,Devious Monster,248255,24220,10.25,21.7,35.0,35.0,1084.0872,13934.2,487697,1.9645,over_band,devious;arcane,cleanse_threshold;slow;interrupt_skip_count;stun_duration_ms,"{""cleanse_threshold"":3.0,""interrupt_skip_count"":3.0,""slow"":0.55,""stun_duration_ms"":759.0}",400,31294,30894,1
24,23,321036,five_way_market,3,chrono_tyrant,Chrono Tyrant,Arcane Enemy,253729,24754,10.25,21.7,32.0,32.0,1277.261,16417.0625,525346,2.0705,over_band,devious;arcane,cleanse_threshold;interrupt_skip_count;slow;stun_duration_ms,"{""cleanse_threshold"":4.0,""interrupt_skip_count"":2.0,""slow"":0.56,""stun_duration_ms"":965.0}",400,31966,31566,1
24,23,321037,split_spill_rejoin,4,chrono_tyrant,Chrono Tyrant,Devious Enemy,325714,31777,10.25,21.7,38.0,38.0,1309.7108,16834.2632,639702,1.964,over_band,devious;arcane,cleanse_threshold;interrupt_skip_count;slow;stun_duration_ms,"{""cleanse_threshold"":4.0,""interrupt_skip_count"":3.0,""slow"":0.5,""stun_duration_ms"":824.0}",400,40968,40568,1
24,23,321038,split_spill_rejoin,4,chrono_tyrant,Chrono Tyrant,Devious Enemy,261949,25556,10.25,21.7,35.0,35.0,1193.6625,15342.7143,536995,2.05,over_band,devious;arcane,interrupt_skip_count;cleanse_threshold;slow;stun_duration_ms,"{""cleanse_threshold"":3.0,""interrupt_skip_count"":2.0,""slow"":0.58,""stun_duration_ms"":912.0}",400,32999,32599,2
24,23,321039,split_spill_rejoin,4,plague_court,Plague Court,Spiteful Bloom,340946,33263,10.25,21.7,44.0,44.0,1368.9711,17318.5,762014,2.235,over_band,spiteful;hexed,cleanse_threshold;slow;suppress;poison_resistance,"{""cleanse_threshold"":3.0,""poison_resistance"":0.37,""slow"":0.26,""suppress"":0.85}",400,42833,42433,1
24,23,321040,five_way_market,3,void_regent,Void Regent,Hollow Threat,564334,55057,10.25,21.7,60.0,60.0,1304.3181,18971.0333,1138262,2.017,over_band,nullify;warded,absorb;poison_resistance;suppress,"{""absorb"":9.0,""poison_resistance"":0.54,""suppress"":0.45}",400,70672,70272,0
24,23,321041,hourglass_detour,4,apex_bulwark,Apex Bulwark,Fortified Gatekeeper,192413,18772,10.25,21.7,31.0,31.0,1289.5987,18930.9677,586860,3.05,over_band,aegis;fortified,block;armor;crit_negation,"{""armor"":120.0,""block"":8.0,""crit_negation"":0.75}",400,24225,23825,1
24,23,321042,hourglass_detour,4,apex_bulwark,Apex Bulwark,Bulwark Monster,310155,30259,10.25,21.7,52.0,52.0,1257.1006,18454.2308,959620,3.094,over_band,aegis;fortified,block;armor;crit_negation,"{""armor"":120.0,""block"":12.0,""crit_negation"":0.69}",400,38949,38549,1
24,23,321043,split_spill_rejoin,4,plague_court,Plague Court,Hexed Monster,282685,27579,10.25,21.7,37.0,37.0,1202.4531,15211.5135,562826,1.991,over_band,spiteful;hexed,cleanse_threshold;suppress;slow;poison_resistance,"{""cleanse_threshold"":3.0,""poison_resistance"":0.2,""slow"":0.17,""suppress"":0.86}",400,35535,35135,1
24,23,321044,elite_orbit,4,apex_bulwark,Apex Bulwark,Shielded Enemy,272681,26603,10.25,21.7,48.0,48.0,1157.0419,16985.75,815316,2.99,over_band,aegis;fortified,block;armor;crit_negation,"{""armor"":120.0,""block"":8.0,""crit_negation"":0.65}",400,34250,33850,0
24,23,321045,hourglass_detour,4,plague_court,Plague Court,Bitter Monster,312738,30511,10.25,21.7,46.0,46.0,1108.6827,14025.6087,645178,2.063,over_band,spiteful;hexed,cleanse_threshold;poison_resistance;suppress;slow,"{""cleanse_threshold"":4.0,""poison_resistance"":0.2,""slow"":0.19,""suppress"":0.92}",400,39292,38892,1
24,23,321046,woven_boss_approach,3,chrono_tyrant,Chrono Tyrant,Arcane Enemy,416806,40664,10.25,21.7,50.0,50.0,1314.9345,16901.48,845074,2.0275,over_band,devious;arcane,cleanse_threshold;interrupt_skip_count;slow;stun_duration_ms,"{""cleanse_threshold"":4.0,""interrupt_skip_count"":3.0,""slow"":0.47,""stun_duration_ms"":1005.0}",400,52363,51963,2
24,23,321047,split_spill_rejoin,4,apex_bulwark,Apex Bulwark,Bulwark Threat,200183,19530,10.25,21.7,35.0,35.0,1213.2732,17810.5714,623370,3.114,over_band,aegis;fortified,block;armor;crit_negation,"{""armor"":120.0,""block"":16.0,""crit_negation"":0.59}",400,25206,24806,0
24,23,321048,braided_sideboard,4,apex_bulwark,Apex Bulwark,Bulwark Threat,178453,17410,10.25,21.7,32.0,32.0,1152.5229,16919.5625,541426,3.034,over_band,aegis;fortified,block;armor;crit_negation,"{""armor"":120.0,""block"":12.0,""crit_negation"":0.59}",400,22479,22079,0
24,23,321049,woven_boss_approach,3,void_regent,Void Regent,Nullifying Acolyte,338640,33038,10.25,21.7,36.0,36.0,1283.7683,18672.2222,672200,1.985,over_band,nullify;warded,absorb;poison_resistance;suppress,"{""absorb"":13.0,""poison_resistance"":0.52,""suppress"":0.33}",400,42463,42063,0
24,23,321050,hourglass_detour,4,void_regent,Void Regent,Hollow Acolyte,491057,47908,10.25,21.7,59.0,59.0,1133.588,16487.8644,972784,1.981,over_band,nullify;warded,absorb;poison_resistance;suppress,"{""absorb"":11.0,""poison_resistance"":0.44,""suppress"":0.49}",400,61516,61116,0
24,23,321051,hourglass_detour,4,chrono_tyrant,Chrono Tyrant,Devious Enemy,537008,52391,10.25,21.7,59.0,59.0,1320.6443,16974.9153,1001520,1.865,over_band,devious;arcane,stun_duration_ms;interrupt_skip_count;slow;cleanse_threshold,"{""cleanse_threshold"":4.0,""interrupt_skip_count"":3.0,""slow"":0.39,""stun_duration_ms"":824.0}",400,67370,66970,1
24,23,321052,five_way_market,3,plague_court,Plague Court,Spiteful Threat,340608,33230,10.25,21.7,55.0,55.0,1115.6293,14113.5636,776246,2.279,over_band,spiteful;hexed,cleanse_threshold;suppress;poison_resistance;slow,"{""cleanse_threshold"":4.0,""poison_resistance"":0.31,""slow"":0.3,""suppress"":0.93}",400,42793,42393,1
24,23,321053,five_way_market,3,plague_court,Plague Court,Bitter Hexbearer,400263,39050,10.25,21.7,58.0,58.0,1140.6848,14430.1724,836950,2.091,over_band,spiteful;hexed,cleanse_threshold;suppress;poison_resistance;slow,"{""cleanse_threshold"":3.0,""poison_resistance"":0.28,""slow"":0.27,""suppress"":0.76}",400,50237,49837,1
24,23,321054,woven_boss_approach,3,apex_bulwark,Apex Bulwark,Bulwark Enemy,270262,26367,10.25,21.7,52.0,52.0,1095.3855,16080.5962,836191,3.094,over_band,aegis;fortified,block;armor;crit_negation,"{""armor"":120.0,""block"":9.0,""crit_negation"":0.79}",400,33962,33562,1
24,23,321055,woven_boss_approach,3,plague_court,Plague Court,Spiteful Seer,363537,35467,10.25,21.7,45.0,45.0,1316.7729,16658.0667,749613,2.062,over_band,spiteful;hexed,cleanse_threshold;slow;suppress;poison_resistance,"{""cleanse_threshold"":3.0,""poison_resistance"":0.33,""slow"":0.26,""suppress"":0.66}",400,45640,45240,0
24,23,321056,elite_orbit,4,plague_court,Plague Court,Bitter Hexbearer,436558,42591,10.25,21.7,51.0,51.0,1364.1106,17256.8824,880101,2.016,over_band,spiteful;hexed,cleanse_threshold;poison_resistance;suppress;slow,"{""cleanse_threshold"":3.0,""poison_resistance"":0.22,""slow"":0.3,""suppress"":0.7}",400,54770,54370,1
24,23,321057,split_spill_rejoin,4,void_regent,Void Regent,Hollow Acolyte,279077,27227,10.25,21.7,31.0,31.0,1231.0721,17905.9355,555084,1.989,over_band,nullify;warded,absorb;poison_resistance;suppress,"{""absorb"":10.0,""poison_resistance"":0.48,""suppress"":0.47}",400,35017,34617,0
24,23,321058,five_way_market,3,void_regent,Void Regent,Dimming Acolyte,312748,30512,10.25,21.7,36.0,36.0,1115.1576,16219.4722,583901,1.867,over_band,nullify;warded,absorb;poison_resistance;suppress,"{""absorb"":10.0,""poison_resistance"":0.4,""suppress"":0.41}",400,39217,38817,0
24,23,321059,woven_boss_approach,3,chrono_tyrant,Chrono Tyrant,Devious Monster,334888,32672,10.25,21.7,35.0,35.0,1368.2135,17586.4,615524,1.838,over_band,devious;arcane,stun_duration_ms;cleanse_threshold;interrupt_skip_count;slow,"{""cleanse_threshold"":3.0,""interrupt_skip_count"":2.0,""slow"":0.37,""stun_duration_ms"":866.0}",400,42094,41694,1
24,23,321060,hourglass_detour,4,apex_bulwark,Apex Bulwark,Bulwark Threat,213221,20802,10.25,21.7,37.0,37.0,1231.049,18071.9189,668661,3.136,over_band,aegis;fortified,block;armor;crit_negation,"{""armor"":120.0,""block"":12.0,""crit_negation"":0.76}",400,26839,26439,1
24,23,321061,five_way_market,3,void_regent,Void Regent,Warded Keeper,236109,23035,10.25,21.7,30.0,30.0,1061.6777,15441.5333,463246,1.962,over_band,nullify;warded,absorb;poison_resistance;suppress,"{""absorb"":8.0,""poison_resistance"":0.58,""suppress"":0.34}",400,29635,29235,0
24,23,321062,elite_orbit,4,plague_court,Plague Court,Withering Seer,256004,24976,10.25,21.7,37.0,37.0,1216.927,15394.8378,569609,2.225,over_band,spiteful;hexed,cleanse_threshold;suppress;slow;poison_resistance,"{""cleanse_threshold"":3.0,""poison_resistance"":0.32,""slow"":0.32,""suppress"":0.83}",400,32218,31818,1
24,23,321063,five_way_market,3,apex_bulwark,Apex Bulwark,Shielded Threat,170191,16604,10.25,21.7,32.0,32.0,1149.2143,16870.1875,539846,3.172,over_band,aegis;fortified,block;armor;crit_negation,"{""armor"":120.0,""block"":15.0,""crit_negation"":0.72}",400,21466,21066,1
24,23,321064,elite_orbit,4,chrono_tyrant,Chrono Tyrant,Arcane Threat,362010,35318,10.25,21.7,44.0,44.0,1304.8293,16771.75,737957,2.0385,over_band,devious;arcane,stun_duration_ms;interrupt_skip_count;cleanse_threshold;slow,"{""cleanse_threshold"":4.0,""interrupt_skip_count"":2.0,""slow"":0.53,""stun_duration_ms"":955.0}",400,45498,45098,1
24,23,321065,hourglass_detour,4,plague_court,Plague Court,Spiteful Seer,397731,38803,10.25,21.7,53.0,53.0,1297.946,16419.5283,870235,2.188,over_band,spiteful;hexed,cleanse_threshold;poison_resistance;suppress;slow,"{""cleanse_threshold"":4.0,""poison_resistance"":0.32,""slow"":0.18,""suppress"":0.94}",400,49922,49522,1
24,23,321066,elite_orbit,4,apex_bulwark,Apex Bulwark,Shielded Monster,187903,18332,10.25,21.7,36.0,36.0,1114.9985,16368.4444,589264,3.136,over_band,aegis;fortified,block;armor;crit_negation,"{""armor"":120.0,""block"":12.0,""crit_negation"":0.76}",400,23674,23274,1
24,23,321067,split_spill_rejoin,4,chrono_tyrant,Chrono Tyrant,Devious Threat,481197,46946,10.25,21.7,49.0,49.0,1359.5722,17475.3061,856290,1.7795,over_band,devious;arcane,cleanse_threshold;slow;stun_duration_ms;interrupt_skip_count,"{""cleanse_threshold"":3.0,""interrupt_skip_count"":3.0,""slow"":0.39,""stun_duration_ms"":677.0}",400,60392,59992,1
24,23,321068,elite_orbit,4,plague_court,Plague Court,Withering Enemy,328759,32074,10.25,21.7,46.0,46.0,1162.653,14708.3913,676586,2.058,over_band,spiteful;hexed,cleanse_threshold;suppress;poison_resistance;slow,"{""cleanse_threshold"":4.0,""poison_resistance"":0.25,""slow"":0.23,""suppress"":0.79}",400,41292,40892,1
24,23,321069,hourglass_detour,4,apex_bulwark,Apex Bulwark,Bulwark Gatekeeper,193336,18862,10.25,21.7,30.0,30.0,1339.8183,19668.7,590061,3.052,over_band,aegis;fortified,block;armor;crit_negation,"{""armor"":120.0,""block"":9.0,""crit_negation"":0.72}",400,24341,23941,1
24,23,321070,five_way_market,3,apex_bulwark,Apex Bulwark,Shielded Gatekeeper,250961,24484,10.25,21.7,38.0,38.0,1358.6403,19944.7895,757902,3.02,over_band,aegis;fortified,block;armor;crit_negation,"{""armor"":120.0,""block"":11.0,""crit_negation"":0.6}",400,31540,31140,0
24,23,321071,elite_orbit,4,plague_court,Plague Court,Bitter Enemy,250500,24439,10.25,21.7,38.0,38.0,1184.4364,14983.8684,569387,2.273,over_band,spiteful;hexed,cleanse_threshold;suppress;poison_resistance;slow,"{""cleanse_threshold"":3.0,""poison_resistance"":0.36,""slow"":0.22,""suppress"":0.97}",400,31534,31134,1
24,23,321072,hourglass_detour,4,plague_court,Plague Court,Bitter Hexbearer,454547,44346,10.25,21.7,55.0,55.0,1371.2606,17347.1636,954094,2.099,over_band,spiteful;hexed,cleanse_threshold;suppress;slow;poison_resistance,"{""cleanse_threshold"":3.0,""poison_resistance"":0.3,""slow"":0.21,""suppress"":0.82}",400,57023,56623,1
24,23,321073,split_spill_rejoin,4,apex_bulwark,Apex Bulwark,Braced Threat,353779,34515,10.25,21.7,60.0,60.0,1224.241,17971.9667,1078318,3.048,over_band,aegis;fortified,block;armor;crit_negation,"{""armor"":120.0,""block"":13.0,""crit_negation"":0.58}",400,44396,43996,0
24,23,321074,braided_sideboard,4,chrono_tyrant,Chrono Tyrant,Devious Enemy,324966,31704,10.25,21.7,35.0,35.0,1355.1438,17418.1714,609636,1.876,over_band,devious;arcane,cleanse_threshold;stun_duration_ms;slow;interrupt_skip_count,"{""cleanse_threshold"":3.0,""interrupt_skip_count"":2.0,""slow"":0.47,""stun_duration_ms"":762.0}",400,40857,40457,0
24,23,321075,split_spill_rejoin,4,apex_bulwark,Apex Bulwark,Braced Sentinel,366971,35802,10.25,21.7,56.0,56.0,1329.3697,19515.0,1092840,2.978,over_band,aegis;fortified,block;armor;crit_negation,"{""armor"":120.0,""block"":8.0,""crit_negation"":0.63}",400,46034,45634,0
24,23,321076,elite_orbit,4,chrono_tyrant,Chrono Tyrant,Arcane Monster,325243,31731,10.25,21.7,45.0,45.0,1154.1348,14834.6889,667561,2.0525,over_band,devious;arcane,slow;interrupt_skip_count;stun_duration_ms;cleanse_threshold,"{""cleanse_threshold"":3.0,""interrupt_skip_count"":2.0,""slow"":0.55,""stun_duration_ms"":971.0}",400,40911,40511,1
24,23,321077,hourglass_detour,4,plague_court,Plague Court,Spiteful Enemy,268776,26222,10.25,21.7,31.0,31.0,1363.8545,17253.6774,534864,1.99,over_band,spiteful;hexed,cleanse_threshold;suppress;poison_resistance;slow,"{""cleanse_threshold"":3.0,""poison_resistance"":0.22,""slow"":0.31,""suppress"":0.65}",400,33794,33394,0
24,23,321078,elite_orbit,4,plague_court,Plague Court,Bitter Enemy,364541,35565,10.25,21.7,56.0,56.0,1089.3543,13780.9464,771733,2.117,over_band,spiteful;hexed,cleanse_threshold;suppress;slow;poison_resistance,"{""cleanse_threshold"":4.0,""poison_resistance"":0.28,""slow"":0.27,""suppress"":0.78}",400,45768,45368,1
24,23,321079,braided_sideboard,4,apex_bulwark,Apex Bulwark,Shielded Guard,364664,35577,10.25,21.7,58.0,58.0,1290.8507,18949.9483,1099097,3.014,over_band,aegis;fortified,block;armor;crit_negation,"{""armor"":120.0,""block"":11.0,""crit_negation"":0.59}",400,45752,45352,0
24,23,321080,elite_orbit,4,void_regent,Void Regent,Warded Enemy,520710,50801,10.25,21.7,53.0,53.0,1332.0489,19374.3396,1026840,1.972,over_band,nullify;warded,absorb;poison_resistance;suppress,"{""absorb"":15.0,""poison_resistance"":0.45,""suppress"":0.36}",400,65226,64826,0
25,24,331001,elite_orbit,4,plague_court,Plague Court,Withering Monster,388377,35307,11.0,23.5,46.0,46.0,1401.7653,19030.4783,875402,2.254,over_band,spiteful;hexed,cleanse_threshold;poison_resistance;slow;suppress,"{""cleanse_threshold"":4.0,""poison_resistance"":0.3,""slow"":0.26,""suppress"":0.96}",400,48761,48361,1
25,24,331002,elite_orbit,4,chrono_tyrant,Chrono Tyrant,Arcane Threat,397639,36149,11.0,23.5,38.0,38.0,1465.6193,20216.8158,768239,1.932,over_band,devious;arcane,stun_duration_ms;interrupt_skip_count;cleanse_threshold;slow,"{""cleanse_threshold"":3.0,""interrupt_skip_count"":2.0,""slow"":0.6,""stun_duration_ms"":640.0}",400,49945,49545,1
25,24,331003,five_way_market,3,plague_court,Plague Court,Withering Hexbearer,293051,26641,11.0,23.5,31.0,31.0,1490.808,20239.4194,627422,2.141,over_band,spiteful;hexed,cleanse_threshold;suppress;poison_resistance;slow,"{""cleanse_threshold"":4.0,""poison_resistance"":0.28,""slow"":0.25,""suppress"":0.84}",400,36835,36435,1
25,24,331004,split_spill_rejoin,4,plague_court,Plague Court,Withering Threat,284812,25892,11.0,23.5,36.0,36.0,1301.28,17666.25,635985,2.233,over_band,spiteful;hexed,cleanse_threshold;suppress;slow;poison_resistance,"{""cleanse_threshold"":4.0,""poison_resistance"":0.29,""slow"":0.31,""suppress"":0.88}",400,35815,35415,1
25,24,331005,hourglass_detour,4,plague_court,Plague Court,Spiteful Bloom,230681,20971,11.0,23.5,31.0,31.0,1148.3204,15589.5806,483277,2.095,over_band,spiteful;hexed,cleanse_threshold;suppress;poison_resistance;slow,"{""cleanse_threshold"":4.0,""poison_resistance"":0.26,""slow"":0.26,""suppress"":0.79}",400,29034,28634,1
25,24,331006,hourglass_detour,4,void_regent,Void Regent,Hollow Keeper,524931,47721,11.0,23.5,50.0,50.0,1279.9569,19978.88,998944,1.903,over_band,nullify;warded,absorb;poison_resistance;suppress,"{""absorb"":9.0,""poison_resistance"":0.44,""suppress"":0.43}",400,65740,65340,0
25,24,331007,elite_orbit,4,plague_court,Plague Court,Hexed Bloom,286495,26045,11.0,23.5,35.0,35.0,1287.2473,17476.2,611667,2.135,over_band,spiteful;hexed,cleanse_threshold;suppress;slow;poison_resistance,"{""cleanse_threshold"":3.0,""poison_resistance"":0.37,""slow"":0.25,""suppress"":0.72}",400,36017,35617,1
25,24,331008,five_way_market,3,void_regent,Void Regent,Nullifying Keeper,430562,39142,11.0,23.5,45.0,45.0,1252.3165,19547.5111,879638,2.043,over_band,nullify;warded,absorb;poison_resistance;suppress,"{""absorb"":16.0,""poison_resistance"":0.44,""suppress"":0.45}",400,53967,53567,0
25,24,331009,elite_orbit,4,plague_court,Plague Court,Hexed Bloom,278498,25318,11.0,23.5,35.0,35.0,1326.3539,18006.8857,630241,2.263,over_band,spiteful;hexed,cleanse_threshold;suppress;slow;poison_resistance,"{""cleanse_threshold"":3.0,""poison_resistance"":0.34,""slow"":0.27,""suppress"":0.92}",400,35032,34632,1
25,24,331010,braided_sideboard,4,chrono_tyrant,Chrono Tyrant,Devious Monster,324038,29458,11.0,23.5,36.0,36.0,1206.526,16642.9444,599146,1.849,over_band,devious;arcane,slow;cleanse_threshold;interrupt_skip_count;stun_duration_ms,"{""cleanse_threshold"":4.0,""interrupt_skip_count"":3.0,""slow"":0.37,""stun_duration_ms"":828.0}",400,40748,40348,2
25,24,331011,braided_sideboard,4,chrono_tyrant,Chrono Tyrant,Arcane Enemy,330715,30065,11.0,23.5,34.0,34.0,1347.9167,18593.0,632162,1.9115,over_band,devious;arcane,slow;stun_duration_ms;cleanse_threshold;interrupt_skip_count,"{""cleanse_threshold"":3.0,""interrupt_skip_count"":3.0,""slow"":0.45,""stun_duration_ms"":833.0}",400,41596,41196,2
25,24,331012,five_way_market,3,apex_bulwark,Apex Bulwark,Shielded Threat,189684,17244,11.0,23.5,32.0,32.0,1149.0588,18102.9688,579295,3.054,over_band,aegis;fortified,block;armor;crit_negation,"{""armor"":120.0,""block"":10.0,""crit_negation"":0.69}",400,23885,23485,1
25,24,331013,elite_orbit,4,chrono_tyrant,Chrono Tyrant,Arcane Threat,351461,31951,11.0,23.5,37.0,37.0,1337.3018,18446.9459,682537,1.942,over_band,devious;arcane,slow;interrupt_skip_count;stun_duration_ms;cleanse_threshold,"{""cleanse_threshold"":4.0,""interrupt_skip_count"":3.0,""slow"":0.41,""stun_duration_ms"":942.0}",400,44187,43787,2
25,24,331014,hourglass_detour,4,apex_bulwark,Apex Bulwark,Shielded Monster,375606,34146,11.0,23.5,50.0,50.0,1490.5918,23482.88,1174144,3.126,over_band,aegis;fortified,block;armor;crit_negation,"{""armor"":120.0,""block"":13.0,""crit_negation"":0.71}",400,47136,46736,1
25,24,331015,hourglass_detour,4,chrono_tyrant,Chrono Tyrant,Devious Monster,332453,30223,11.0,23.5,45.0,45.0,1161.6895,16024.2444,721091,2.169,over_band,devious;arcane,stun_duration_ms;interrupt_skip_count;slow;cleanse_threshold,"{""cleanse_threshold"":4.0,""interrupt_skip_count"":3.0,""slow"":0.6,""stun_duration_ms"":1054.0}",400,41834,41434,3
25,24,331016,braided_sideboard,4,void_regent,Void Regent,Nullifying Monster,353496,32136,11.0,23.5,31.0,31.0,1429.6996,22315.871,691792,1.957,over_band,nullify;warded,absorb;poison_resistance;suppress,"{""absorb"":10.0,""poison_resistance"":0.56,""suppress"":0.31}",400,44310,43910,0
25,24,331017,five_way_market,3,plague_court,Plague Court,Spiteful Bloom,504438,45858,11.0,23.5,57.0,57.0,1340.864,18204.0175,1037629,2.057,over_band,spiteful;hexed,cleanse_threshold;suppress;poison_resistance;slow,"{""cleanse_threshold"":4.0,""poison_resistance"":0.34,""slow"":0.23,""suppress"":0.66}",400,63245,62845,0
25,24,331018,braided_sideboard,4,apex_bulwark,Apex Bulwark,Fortified Enemy,331738,30158,11.0,23.5,50.0,50.0,1279.4393,20156.4,1007820,3.038,over_band,aegis;fortified,block;armor;crit_negation,"{""armor"":120.0,""block"":11.0,""crit_negation"":0.63}",400,41639,41239,0
25,24,331019,hourglass_detour,4,apex_bulwark,Apex Bulwark,Shielded Threat,175494,15954,11.0,23.5,30.0,30.0,1159.2335,18263.0667,547892,3.122,over_band,aegis;fortified,block;armor;crit_negation,"{""armor"":120.0,""block"":11.0,""crit_negation"":0.77}",400,22121,21721,1
25,24,331020,hourglass_detour,4,void_regent,Void Regent,Hollow Keeper,654170,59470,11.0,23.5,58.0,58.0,1485.6181,23189.2069,1344974,2.056,over_band,nullify;warded,absorb;poison_resistance;suppress,"{""absorb"":13.0,""poison_resistance"":0.57,""suppress"":0.36}",400,81909,81509,0
25,24,331021,five_way_market,3,chrono_tyrant,Chrono Tyrant,Devious Threat,576664,52424,11.0,23.5,56.0,56.0,1410.9313,19462.4107,1089895,1.89,over_band,devious;arcane,stun_duration_ms;interrupt_skip_count;cleanse_threshold;slow,"{""cleanse_threshold"":3.0,""interrupt_skip_count"":2.0,""slow"":0.51,""stun_duration_ms"":718.0}",400,72320,71920,0
25,24,331022,five_way_market,3,chrono_tyrant,Chrono Tyrant,Arcane Monster,328713,29883,11.0,23.5,35.0,35.0,1352.8699,18661.5143,653153,1.987,over_band,devious;arcane,stun_duration_ms;interrupt_skip_count;slow;cleanse_threshold,"{""cleanse_threshold"":4.0,""interrupt_skip_count"":2.0,""slow"":0.47,""stun_duration_ms"":960.0}",400,41331,40931,1
25,24,331023,five_way_market,3,chrono_tyrant,Chrono Tyrant,Devious Threat,307197,27927,11.0,23.5,36.0,36.0,1267.865,17488.8889,629600,2.0495,over_band,devious;arcane,interrupt_skip_count;cleanse_threshold;slow;stun_duration_ms,"{""cleanse_threshold"":4.0,""interrupt_skip_count"":3.0,""slow"":0.51,""stun_duration_ms"":977.0}",400,38665,38265,2
25,24,331024,braided_sideboard,4,chrono_tyrant,Chrono Tyrant,Arcane Threat,557579,50689,11.0,23.5,60.0,60.0,1313.7093,18121.3167,1087279,1.95,over_band,devious;arcane,slow;stun_duration_ms;interrupt_skip_count;cleanse_threshold,"{""cleanse_threshold"":4.0,""interrupt_skip_count"":3.0,""slow"":0.51,""stun_duration_ms"":778.0}",400,69950,69550,1
25,24,331025,hourglass_detour,4,apex_bulwark,Apex Bulwark,Bulwark Threat,238392,21672,11.0,23.5,39.0,39.0,1164.7878,18350.0769,715653,3.002,over_band,aegis;fortified,block;armor;crit_negation,"{""armor"":120.0,""block"":11.0,""crit_negation"":0.57}",400,29967,29567,0
25,24,331026,split_spill_rejoin,4,chrono_tyrant,Chrono Tyrant,Arcane Enemy,296637,26967,11.0,23.5,35.0,35.0,1238.0392,17077.8286,597724,2.015,over_band,devious;arcane,interrupt_skip_count;stun_duration_ms;slow;cleanse_threshold,"{""cleanse_threshold"":3.0,""interrupt_skip_count"":3.0,""slow"":0.64,""stun_duration_ms"":698.0}",400,37346,36946,2
25,24,331027,split_spill_rejoin,4,void_regent,Void Regent,Nullifying Keeper,539858,49078,11.0,23.5,55.0,55.0,1230.0039,19199.3091,1055962,1.956,over_band,nullify;warded,absorb;poison_resistance;suppress,"{""absorb"":14.0,""poison_resistance"":0.41,""suppress"":0.42}",400,67619,67219,0
25,24,331028,split_spill_rejoin,4,void_regent,Void Regent,Nullifying Acolyte,503063,45733,11.0,23.5,53.0,53.0,1185.7821,18508.9245,980973,1.95,over_band,nullify;warded,absorb;poison_resistance;suppress,"{""absorb"":9.0,""poison_resistance"":0.48,""suppress"":0.44}",400,63009,62609,0
25,24,331029,five_way_market,3,apex_bulwark,Apex Bulwark,Bulwark Sentinel,362395,32945,11.0,23.5,48.0,48.0,1460.6862,23012.0833,1104580,3.048,over_band,aegis;fortified,block;armor;crit_negation,"{""armor"":120.0,""block"":13.0,""crit_negation"":0.58}",400,45473,45073,0
25,24,331030,five_way_market,3,chrono_tyrant,Chrono Tyrant,Devious Threat,431750,39250,11.0,23.5,45.0,45.0,1389.6997,19169.7111,862637,1.998,over_band,devious;arcane,interrupt_skip_count;cleanse_threshold;slow;stun_duration_ms,"{""cleanse_threshold"":3.0,""interrupt_skip_count"":3.0,""slow"":0.45,""stun_duration_ms"":1006.0}",400,54236,53836,2
25,24,331031,braided_sideboard,4,chrono_tyrant,Chrono Tyrant,Devious Threat,440660,40060,11.0,23.5,49.0,49.0,1295.098,17864.7143,875371,1.9865,over_band,devious;arcane,cleanse_threshold;slow;stun_duration_ms;interrupt_skip_count,"{""cleanse_threshold"":3.0,""interrupt_skip_count"":2.0,""slow"":0.44,""stun_duration_ms"":1037.0}",400,55333,54933,1
25,24,331032,five_way_market,3,void_regent,Void Regent,Nullifying Monster,276804,25164,11.0,23.5,32.0,32.0,1175.9601,18355.5625,587378,2.122,over_band,nullify;warded,absorb;poison_resistance;suppress,"{""absorb"":14.0,""poison_resistance"":0.59,""suppress"":0.4}",400,34746,34346,0
25,24,331033,split_spill_rejoin,4,void_regent,Void Regent,Nullifying Enemy,351219,31929,11.0,23.5,38.0,38.0,1174.1926,18328.0789,696467,1.983,over_band,nullify;warded,absorb;poison_resistance;suppress,"{""absorb"":10.0,""poison_resistance"":0.46,""suppress"":0.49}",400,44034,43634,0
25,24,331034,split_spill_rejoin,4,apex_bulwark,Apex Bulwark,Fortified Sentinel,343827,31257,11.0,23.5,53.0,53.0,1257.5989,19812.2264,1050048,3.054,over_band,aegis;fortified,block;armor;crit_negation,"{""armor"":120.0,""block"":10.0,""crit_negation"":0.69}",400,43152,42752,1
25,24,331035,hourglass_detour,4,chrono_tyrant,Chrono Tyrant,Devious Enemy,441804,40164,11.0,23.5,45.0,45.0,1271.1834,17534.7111,789062,1.786,over_band,devious;arcane,interrupt_skip_count;stun_duration_ms;slow;cleanse_threshold,"{""cleanse_threshold"":4.0,""interrupt_skip_count"":2.0,""slow"":0.43,""stun_duration_ms"":630.0}",400,55445,55045,0
25,24,331036,braided_sideboard,4,void_regent,Void Regent,Nullifying Threat,381436,34676,11.0,23.5,31.0,31.0,1467.0122,22898.4516,709852,1.861,over_band,nullify;warded,absorb;poison_resistance;suppress,"{""absorb"":10.0,""poison_resistance"":0.45,""suppress"":0.33}",400,47799,47399,0
25,24,331037,split_spill_rejoin,4,apex_bulwark,Apex Bulwark,Bulwark Threat,249304,22664,11.0,23.5,36.0,36.0,1338.9397,21093.8889,759380,3.046,over_band,aegis;fortified,block;armor;crit_negation,"{""armor"":120.0,""block"":12.0,""crit_negation"":0.61}",400,31337,30937,0
25,24,331038,split_spill_rejoin,4,void_regent,Void Regent,Dimming Enemy,496694,45154,11.0,23.5,52.0,52.0,1210.4116,18893.4808,982461,1.978,over_band,nullify;warded,absorb;poison_resistance;suppress,"{""absorb"":13.0,""poison_resistance"":0.45,""suppress"":0.42}",400,62223,61823,0
25,24,331039,elite_orbit,4,void_regent,Void Regent,Dimming Acolyte,580019,52729,11.0,23.5,51.0,51.0,1439.0215,22461.5294,1145538,1.975,over_band,nullify;warded,absorb;poison_resistance;suppress,"{""absorb"":14.0,""poison_resistance"":0.45,""suppress"":0.39}",400,72638,72238,0
25,24,331040,braided_sideboard,4,chrono_tyrant,Chrono Tyrant,Devious Monster,322025,29275,11.0,23.5,37.0,37.0,1237.2796,17067.3243,631491,1.961,over_band,devious;arcane,stun_duration_ms;cleanse_threshold;slow;interrupt_skip_count,"{""cleanse_threshold"":3.0,""interrupt_skip_count"":2.0,""slow"":0.64,""stun_duration_ms"":626.0}",400,40497,40097,1
25,24,331041,five_way_market,3,plague_court,Plague Court,Spiteful Seer,469029,42639,11.0,23.5,58.0,58.0,1178.2092,15995.5,927739,1.978,over_band,spiteful;hexed,cleanse_threshold;suppress;poison_resistance;slow,"{""cleanse_threshold"":3.0,""poison_resistance"":0.2,""slow"":0.28,""suppress"":0.7}",400,58826,58426,1
25,24,331042,split_spill_rejoin,4,chrono_tyrant,Chrono Tyrant,Devious Threat,287210,26110,11.0,23.5,37.0,37.0,1147.1473,15823.7297,585478,2.0385,over_band,devious;arcane,slow;interrupt_skip_count;stun_duration_ms;cleanse_threshold,"{""cleanse_threshold"":3.0,""interrupt_skip_count"":3.0,""slow"":0.56,""stun_duration_ms"":889.0}",400,36170,35770,2
25,24,331043,woven_boss_approach,3,apex_bulwark,Apex Bulwark,Bulwark Enemy,275374,25034,11.0,23.5,38.0,38.0,1426.8987,22479.2105,854210,3.102,over_band,aegis;fortified,block;armor;crit_negation,"{""armor"":120.0,""block"":13.0,""crit_negation"":0.67}",400,34604,34204,1
25,24,331044,elite_orbit,4,chrono_tyrant,Chrono Tyrant,Devious Enemy,283404,25764,11.0,23.5,32.0,32.0,1183.2712,16322.3125,522314,1.843,over_band,devious;arcane,stun_duration_ms;cleanse_threshold;interrupt_skip_count;slow,"{""cleanse_threshold"":3.0,""interrupt_skip_count"":2.0,""slow"":0.42,""stun_duration_ms"":786.0}",400,35659,35259,0
25,24,331045,split_spill_rejoin,4,chrono_tyrant,Chrono Tyrant,Devious Monster,485760,44160,11.0,23.5,50.0,50.0,1351.5565,18643.46,932173,1.919,over_band,devious;arcane,cleanse_threshold;interrupt_skip_count;stun_duration_ms;slow,"{""cleanse_threshold"":4.0,""interrupt_skip_count"":2.0,""slow"":0.51,""stun_duration_ms"":752.0}",400,60953,60553,0
25,24,331046,hourglass_detour,4,chrono_tyrant,Chrono Tyrant,Arcane Enemy,313357,28487,11.0,23.5,34.0,34.0,1217.3467,16792.2353,570936,1.822,over_band,devious;arcane,slow;interrupt_skip_count;stun_duration_ms;cleanse_threshold,"{""cleanse_threshold"":4.0,""interrupt_skip_count"":3.0,""slow"":0.41,""stun_duration_ms"":702.0}",400,39409,39009,1
25,24,331047,five_way_market,3,plague_court,Plague Court,Bitter Bloom,499796,45436,11.0,23.5,56.0,56.0,1376.5885,18688.8036,1046573,2.094,over_band,spiteful;hexed,cleanse_threshold;suppress;slow;poison_resistance,"{""cleanse_threshold"":4.0,""poison_resistance"":0.34,""slow"":0.24,""suppress"":0.7}",400,62670,62270,1
25,24,331048,braided_sideboard,4,void_regent,Void Regent,Hollow Keeper,515581,46871,11.0,23.5,50.0,50.0,1287.5624,20097.34,1004867,1.949,over_band,nullify;warded,absorb;poison_resistance;suppress,"{""absorb"":14.0,""poison_resistance"":0.41,""suppress"":0.41}",400,64584,64184,0
25,24,331049,split_spill_rejoin,4,void_regent,Void Regent,Warded Enemy,423445,38495,11.0,23.5,44.0,44.0,1171.4427,18285.1364,804546,1.9,over_band,nullify;warded,absorb;poison_resistance;suppress,"{""absorb"":8.0,""poison_resistance"":0.49,""suppress"":0.38}",400,53050,52650,0
25,24,331050,elite_orbit,4,plague_court,Plague Court,Spiteful Bloom,441903,40173,11.0,23.5,56.0,56.0,1281.6388,17399.9286,974396,2.205,over_band,spiteful;hexed,cleanse_threshold;suppress;poison_resistance;slow,"{""cleanse_threshold"":4.0,""poison_resistance"":0.33,""slow"":0.32,""suppress"":0.77}",400,55445,55045,1
25,24,331051,hourglass_detour,4,void_regent,Void Regent,Warded Enemy,541134,49194,11.0,23.5,46.0,46.0,1473.4026,22998.1957,1057917,1.955,over_band,nullify;warded,absorb;poison_resistance;suppress,"{""absorb"":13.0,""poison_resistance"":0.42,""suppress"":0.43}",400,67778,67378,0
25,24,331052,five_way_market,3,void_regent,Void Regent,Warded Vessel,561165,51015,11.0,23.5,59.0,59.0,1227.8329,19165.2034,1130747,2.015,over_band,nullify;warded,absorb;poison_resistance;suppress,"{""absorb"":15.0,""poison_resistance"":0.5,""suppress"":0.35}",400,70285,69885,0
25,24,331053,hourglass_detour,4,void_regent,Void Regent,Nullifying Monster,629409,57219,11.0,23.5,53.0,53.0,1445.5614,22563.717,1195877,1.9,over_band,nullify;warded,absorb;poison_resistance;suppress,"{""absorb"":13.0,""poison_resistance"":0.4,""suppress"":0.38}",400,78807,78407,0
25,24,331054,woven_boss_approach,3,chrono_tyrant,Chrono Tyrant,Arcane Threat,562452,51132,11.0,23.5,53.0,53.0,1459.4436,20131.5283,1066971,1.897,over_band,devious;arcane,stun_duration_ms;cleanse_threshold;interrupt_skip_count;slow,"{""cleanse_threshold"":4.0,""interrupt_skip_count"":3.0,""slow"":0.54,""stun_duration_ms"":618.0}",400,70553,70153,1
25,24,331055,five_way_market,3,plague_court,Plague Court,Spiteful Bloom,317768,28888,11.0,23.5,36.0,36.0,1424.5544,19339.7222,696230,2.191,over_band,spiteful;hexed,cleanse_threshold;suppress;slow;poison_resistance,"{""cleanse_threshold"":3.0,""poison_resistance"":0.31,""slow"":0.2,""suppress"":0.95}",400,39936,39536,1
25,24,331056,elite_orbit,4,plague_court,Plague Court,Spiteful Hexbearer,431277,39207,11.0,23.5,53.0,53.0,1187.962,16128.1321,854791,1.982,over_band,spiteful;hexed,cleanse_threshold;suppress;poison_resistance;slow,"{""cleanse_threshold"":3.0,""poison_resistance"":0.35,""slow"":0.18,""suppress"":0.62}",400,54099,53699,0
25,24,331057,hourglass_detour,4,apex_bulwark,Apex Bulwark,Fortified Gatekeeper,337931,30721,11.0,23.5,52.0,52.0,1284.5499,20236.8654,1052317,3.114,over_band,aegis;fortified,block;armor;crit_negation,"{""armor"":120.0,""block"":16.0,""crit_negation"":0.59}",400,42424,42024,0
25,24,331058,five_way_market,3,chrono_tyrant,Chrono Tyrant,Devious Enemy,344300,31300,11.0,23.5,38.0,38.0,1379.0532,19022.5789,722858,2.0995,over_band,devious;arcane,slow;stun_duration_ms;cleanse_threshold;interrupt_skip_count,"{""cleanse_threshold"":3.0,""interrupt_skip_count"":2.0,""slow"":0.58,""stun_duration_ms"":1011.0}",400,43299,42899,2
25,24,331059,elite_orbit,4,chrono_tyrant,Chrono Tyrant,Arcane Threat,339053,30823,11.0,23.5,32.0,32.0,1461.3615,20157.75,645048,1.9025,over_band,devious;arcane,slow;stun_duration_ms;cleanse_threshold;interrupt_skip_count,"{""cleanse_threshold"":4.0,""interrupt_skip_count"":2.0,""slow"":0.43,""stun_duration_ms"":863.0}",400,42615,42215,1
25,24,331060,split_spill_rejoin,4,apex_bulwark,Apex Bulwark,Bulwark Threat,432542,39322,11.0,23.5,59.0,59.0,1441.6513,22712.1186,1340015,3.098,over_band,aegis;fortified,block;armor;crit_negation,"{""armor"":120.0,""block"":11.0,""crit_negation"":0.73}",400,54248,53848,1
25,24,331061,braided_sideboard,4,apex_bulwark,Apex Bulwark,Bulwark Gatekeeper,386375,35125,11.0,23.5,60.0,60.0,1279.4153,20155.9,1209354,3.13,over_band,aegis;fortified,block;armor;crit_negation,"{""armor"":120.0,""block"":12.0,""crit_negation"":0.75}",400,48482,48082,1
25,24,331062,braided_sideboard,4,apex_bulwark,Apex Bulwark,Shielded Gatekeeper,395505,35955,11.0,23.5,51.0,51.0,1466.8983,23109.902,1178605,2.98,over_band,aegis;fortified,block;armor;crit_negation,"{""armor"":120.0,""block"":9.0,""crit_negation"":0.6}",400,49602,49202,0
25,24,331063,hourglass_detour,4,apex_bulwark,Apex Bulwark,Shielded Gatekeeper,210122,19102,11.0,23.5,35.0,35.0,1179.8107,18586.8,650538,3.096,over_band,aegis;fortified,block;armor;crit_negation,"{""armor"":120.0,""block"":10.0,""crit_negation"":0.76}",400,26445,26045,1
25,24,331064,woven_boss_approach,3,void_regent,Void Regent,Nullifying Enemy,400070,36370,11.0,23.5,38.0,38.0,1432.6392,22361.8158,849749,2.124,over_band,nullify;warded,absorb;poison_resistance;suppress,"{""absorb"":16.0,""poison_resistance"":0.57,""suppress"":0.38}",400,50158,49758,0
25,24,331065,split_spill_rejoin,4,apex_bulwark,Apex Bulwark,Braced Threat,410927,37357,11.0,23.5,53.0,53.0,1481.3351,23337.5472,1236890,3.01,over_band,aegis;fortified,block;armor;crit_negation,"{""armor"":120.0,""block"":9.0,""crit_negation"":0.65}",400,51534,51134,0
25,24,331066,five_way_market,3,plague_court,Plague Court,Bitter Bloom,473726,43066,11.0,23.5,59.0,59.0,1277.4782,17343.1864,1023248,2.16,over_band,spiteful;hexed,cleanse_threshold;suppress;poison_resistance;slow,"{""cleanse_threshold"":3.0,""poison_resistance"":0.24,""slow"":0.22,""suppress"":0.98}",400,59431,59031,1
25,24,331067,braided_sideboard,4,plague_court,Plague Court,Bitter Monster,488048,44368,11.0,23.5,57.0,57.0,1195.1388,16225.4561,924851,1.895,over_band,spiteful;hexed,cleanse_threshold;slow;suppress;poison_resistance,"{""cleanse_threshold"":3.0,""poison_resistance"":0.2,""slow"":0.18,""suppress"":0.71}",400,61194,60794,1
25,24,331068,split_spill_rejoin,4,plague_court,Plague Court,Hexed Monster,326942,29722,11.0,23.5,35.0,35.0,1435.9848,19495.0857,682328,2.087,over_band,spiteful;hexed,cleanse_threshold;slow;poison_resistance;suppress,"{""cleanse_threshold"":3.0,""poison_resistance"":0.31,""slow"":0.24,""suppress"":0.75}",400,41072,40672,1
25,24,331069,braided_sideboard,4,apex_bulwark,Apex Bulwark,Braced Threat,390984,35544,11.0,23.5,59.0,59.0,1309.8834,20636.0,1217524,3.114,over_band,aegis;fortified,block;armor;crit_negation,"{""armor"":120.0,""block"":13.0,""crit_negation"":0.69}",400,49056,48656,1
25,24,331070,five_way_market,3,chrono_tyrant,Chrono Tyrant,Arcane Enemy,292897,26627,11.0,23.5,30.0,30.0,1316.4906,18159.6,544788,1.86,over_band,devious;arcane,slow;stun_duration_ms;cleanse_threshold;interrupt_skip_count,"{""cleanse_threshold"":4.0,""interrupt_skip_count"":3.0,""slow"":0.47,""stun_duration_ms"":670.0}",400,36854,36454,1
25,24,331071,split_spill_rejoin,4,apex_bulwark,Apex Bulwark,Fortified Guard,347215,31565,11.0,23.5,59.0,59.0,1167.7048,18396.5085,1085394,3.126,over_band,aegis;fortified,block;armor;crit_negation,"{""armor"":120.0,""block"":16.0,""crit_negation"":0.61}",400,43587,43187,0
25,24,331072,split_spill_rejoin,4,plague_court,Plague Court,Withering Threat,311784,28344,11.0,23.5,39.0,39.0,1293.1113,17555.8462,684678,2.196,over_band,spiteful;hexed,cleanse_threshold;suppress;slow;poison_resistance,"{""cleanse_threshold"":3.0,""poison_resistance"":0.29,""slow"":0.22,""suppress"":0.96}",400,39190,38790,1
25,24,331073,braided_sideboard,4,chrono_tyrant,Chrono Tyrant,Devious Enemy,360734,32794,11.0,23.5,37.0,37.0,1280.6996,17666.2162,653650,1.812,over_band,devious;arcane,interrupt_skip_count;slow;stun_duration_ms;cleanse_threshold,"{""cleanse_threshold"":4.0,""interrupt_skip_count"":2.0,""slow"":0.43,""stun_duration_ms"":682.0}",400,45314,44914,0
25,24,331074,five_way_market,3,plague_court,Plague Court,Withering Threat,526042,47822,11.0,23.5,53.0,53.0,1488.4772,20207.9623,1071022,2.036,over_band,spiteful;hexed,cleanse_threshold;suppress;poison_resistance;slow,"{""cleanse_threshold"":4.0,""poison_resistance"":0.34,""slow"":0.23,""suppress"":0.63}",400,65943,65543,0
25,24,331075,braided_sideboard,4,void_regent,Void Regent,Dimming Vessel,393206,35746,11.0,23.5,38.0,38.0,1251.5792,19536.1316,742373,1.888,over_band,nullify;warded,absorb;poison_resistance;suppress,"{""absorb"":9.0,""poison_resistance"":0.46,""suppress"":0.38}",400,49272,48872,0
25,24,331076,split_spill_rejoin,4,plague_court,Plague Court,Withering Threat,422873,38443,11.0,23.5,57.0,57.0,1202.2175,16321.4211,930321,2.2,over_band,spiteful;hexed,cleanse_threshold;suppress;poison_resistance;slow,"{""cleanse_threshold"":4.0,""poison_resistance"":0.25,""slow"":0.31,""suppress"":0.89}",400,53070,52670,1
25,24,331077,braided_sideboard,4,void_regent,Void Regent,Hollow Enemy,359117,32647,11.0,23.5,32.0,32.0,1276.1857,19919.7813,637433,1.775,over_band,nullify;warded,absorb;poison_resistance;suppress,"{""absorb"":8.0,""poison_resistance"":0.4,""suppress"":0.33}",400,45001,44601,0
25,24,331078,woven_boss_approach,3,apex_bulwark,Apex Bulwark,Braced Monster,261459,23769,11.0,23.5,35.0,35.0,1469.0108,23142.8571,810000,3.098,over_band,aegis;fortified,block;armor;crit_negation,"{""armor"":120.0,""block"":11.0,""crit_negation"":0.73}",400,32862,32462,1
25,24,331079,five_way_market,3,plague_court,Plague Court,Hexed Hexbearer,272294,24754,11.0,23.5,32.0,32.0,1247.9039,16941.7813,542137,1.991,over_band,spiteful;hexed,cleanse_threshold;suppress;poison_resistance;slow,"{""cleanse_threshold"":4.0,""poison_resistance"":0.21,""slow"":0.27,""suppress"":0.7}",400,34227,33827,1
25,24,331080,hourglass_detour,4,apex_bulwark,Apex Bulwark,Fortified Sentinel,418550,38050,11.0,23.5,56.0,56.0,1456.486,22945.5179,1284949,3.07,over_band,aegis;fortified,block;armor;crit_negation,"{""armor"":120.0,""block"":12.0,""crit_negation"":0.65}",400,52496,52096,0
26,25,341001,split_spill_rejoin,4,void_regent,Void Regent,Nullifying Threat,755436,62953,12.0,26.2,57.0,57.0,1562.8616,26612.5439,1516915,2.008,over_band,nullify;warded,absorb;poison_resistance;suppress,"{""absorb"":9.0,""poison_resistance"":0.51,""suppress"":0.48}",400,94561,94161,0
26,25,341002,split_spill_rejoin,4,chrono_tyrant,Chrono Tyrant,Arcane Threat,645396,53783,12.0,26.2,60.0,60.0,1522.2213,22906.1833,1374371,2.1295,over_band,devious;arcane,cleanse_threshold;interrupt_skip_count;slow;stun_duration_ms,"{""cleanse_threshold"":4.0,""interrupt_skip_count"":3.0,""slow"":0.62,""stun_duration_ms"":939.0}",400,80947,80547,3
26,25,341003,woven_boss_approach,3,void_regent,Void Regent,Warded Monster,462060,38505,12.0,26.2,39.0,39.0,1402.6985,23884.9487,931513,2.016,over_band,nullify;warded,absorb;poison_resistance;suppress,"{""absorb"":11.0,""poison_resistance"":0.58,""suppress"":0.34}",400,57888,57488,0
26,25,341004,woven_boss_approach,3,apex_bulwark,Apex Bulwark,Braced Gatekeeper,428292,35691,12.0,26.2,53.0,53.0,1461.3778,25115.6981,1331132,3.108,over_band,aegis;fortified,block;armor;crit_negation,"{""armor"":120.0,""block"":10.0,""crit_negation"":0.78}",400,53718,53318,1
26,25,341005,woven_boss_approach,3,plague_court,Plague Court,Hexed Threat,588708,49059,12.0,26.2,52.0,52.0,1488.3302,22042.5769,1146214,1.947,over_band,spiteful;hexed,cleanse_threshold;suppress;poison_resistance;slow,"{""cleanse_threshold"":3.0,""poison_resistance"":0.21,""slow"":0.18,""suppress"":0.77}",400,73782,73382,1
26,25,341006,braided_sideboard,4,void_regent,Void Regent,Warded Monster,708984,59082,12.0,26.2,55.0,55.0,1653.3493,28153.1091,1548421,2.184,over_band,nullify;warded,absorb;poison_resistance;suppress,"{""absorb"":16.0,""poison_resistance"":0.56,""suppress"":0.48}",400,88778,88378,0
26,25,341007,woven_boss_approach,3,apex_bulwark,Apex Bulwark,Fortified Guard,371148,30929,12.0,26.2,46.0,46.0,1450.6585,24931.4565,1146847,3.09,over_band,aegis;fortified,block;armor;crit_negation,"{""armor"":120.0,""block"":13.0,""crit_negation"":0.65}",400,46574,46174,0
26,25,341008,hourglass_detour,4,apex_bulwark,Apex Bulwark,Fortified Gatekeeper,274380,22865,12.0,26.2,31.0,31.0,1577.9767,27119.3548,840700,3.064,over_band,aegis;fortified,block;armor;crit_negation,"{""armor"":120.0,""block"":9.0,""crit_negation"":0.74}",400,34473,34073,1
26,25,341009,hourglass_detour,4,plague_court,Plague Court,Spiteful Threat,573984,47832,12.0,26.2,52.0,52.0,1586.7326,23500.2308,1222012,2.129,over_band,spiteful;hexed,cleanse_threshold;poison_resistance;suppress;slow,"{""cleanse_threshold"":3.0,""poison_resistance"":0.38,""slow"":0.31,""suppress"":0.62}",400,71951,71551,0
26,25,341010,five_way_market,3,plague_court,Plague Court,Bitter Monster,339600,28300,12.0,26.2,37.0,37.0,1310.1083,19403.0811,717914,2.114,over_band,spiteful;hexed,cleanse_threshold;slow;suppress;poison_resistance,"{""cleanse_threshold"":3.0,""poison_resistance"":0.19,""slow"":0.31,""suppress"":0.87}",400,42662,42262,1
26,25,341011,braided_sideboard,4,apex_bulwark,Apex Bulwark,Shielded Threat,251736,20978,12.0,26.2,31.0,31.0,1471.3725,25287.2903,783906,3.114,over_band,aegis;fortified,block;armor;crit_negation,"{""armor"":120.0,""block"":16.0,""crit_negation"":0.59}",400,31650,31250,0
26,25,341012,braided_sideboard,4,apex_bulwark,Apex Bulwark,Bulwark Gatekeeper,362004,30167,12.0,26.2,46.0,46.0,1459.8055,25088.4565,1154069,3.188,over_band,aegis;fortified,block;armor;crit_negation,"{""armor"":120.0,""block"":14.0,""crit_negation"":0.78}",400,45444,45044,1
26,25,341013,braided_sideboard,4,void_regent,Void Regent,Nullifying Keeper,662688,55224,12.0,26.2,55.0,55.0,1426.5045,24290.5273,1335979,2.016,over_band,nullify;warded,absorb;poison_resistance;suppress,"{""absorb"":15.0,""poison_resistance"":0.41,""suppress"":0.48}",400,82980,82580,0
26,25,341014,woven_boss_approach,3,apex_bulwark,Apex Bulwark,Braced Guard,259884,21657,12.0,26.2,34.0,34.0,1416.0553,24337.3824,827471,3.184,over_band,aegis;fortified,block;armor;crit_negation,"{""armor"":120.0,""block"":15.0,""crit_negation"":0.74}",400,32679,32279,1
26,25,341015,split_spill_rejoin,4,apex_bulwark,Apex Bulwark,Fortified Sentinel,258060,21505,12.0,26.2,34.0,34.0,1408.8155,24212.0882,823211,3.19,over_band,aegis;fortified,block;armor;crit_negation,"{""armor"":120.0,""block"":15.0,""crit_negation"":0.75}",400,32452,32052,1
26,25,341016,split_spill_rejoin,4,void_regent,Void Regent,Hollow Acolyte,466572,38881,12.0,26.2,39.0,39.0,1443.0951,24572.7949,958339,2.054,over_band,nullify;warded,absorb;poison_resistance;suppress,"{""absorb"":11.0,""poison_resistance"":0.52,""suppress"":0.48}",400,58459,58059,0
26,25,341017,braided_sideboard,4,apex_bulwark,Apex Bulwark,Fortified Gatekeeper,267348,22279,12.0,26.2,32.0,32.0,1467.0832,25214.25,806856,3.018,over_band,aegis;fortified,block;armor;crit_negation,"{""armor"":120.0,""block"":10.0,""crit_negation"":0.63}",400,33588,33188,0
26,25,341018,woven_boss_approach,3,plague_court,Plague Court,Withering Hexbearer,520116,43343,12.0,26.2,44.0,44.0,1589.0905,23535.25,1035551,1.991,over_band,spiteful;hexed,cleanse_threshold;suppress;poison_resistance;slow,"{""cleanse_threshold"":3.0,""poison_resistance"":0.34,""slow"":0.17,""suppress"":0.66}",400,65205,64805,0
26,25,341019,elite_orbit,4,chrono_tyrant,Chrono Tyrant,Arcane Enemy,316896,26408,12.0,26.2,31.0,31.0,1325.6972,19949.129,618423,1.9515,over_band,devious;arcane,cleanse_threshold;stun_duration_ms;slow;interrupt_skip_count,"{""cleanse_threshold"":4.0,""interrupt_skip_count"":3.0,""slow"":0.53,""stun_duration_ms"":745.0}",400,39865,39465,1
26,25,341020,split_spill_rejoin,4,apex_bulwark,Apex Bulwark,Braced Threat,355068,29589,12.0,26.2,45.0,45.0,1421.3849,24428.6889,1099291,3.096,over_band,aegis;fortified,block;armor;crit_negation,"{""armor"":120.0,""block"":16.0,""crit_negation"":0.56}",400,44565,44165,0
26,25,341021,elite_orbit,4,void_regent,Void Regent,Nullifying Monster,745176,62098,12.0,26.2,58.0,58.0,1502.2488,25580.0862,1483645,1.991,over_band,nullify;warded,absorb;poison_resistance;suppress,"{""absorb"":9.0,""poison_resistance"":0.5,""suppress"":0.47}",400,93277,92877,0
26,25,341022,five_way_market,3,chrono_tyrant,Chrono Tyrant,Devious Monster,618252,51521,12.0,26.2,55.0,55.0,1460.0258,21970.4364,1208374,1.9545,over_band,devious;arcane,cleanse_threshold;slow;interrupt_skip_count;stun_duration_ms,"{""cleanse_threshold"":3.0,""interrupt_skip_count"":3.0,""slow"":0.43,""stun_duration_ms"":955.0}",400,77544,77144,2
26,25,341023,five_way_market,3,plague_court,Plague Court,Spiteful Monster,576432,48036,12.0,26.2,51.0,51.0,1643.8317,24345.7843,1241635,2.154,over_band,spiteful;hexed,cleanse_threshold;slow;suppress;poison_resistance,"{""cleanse_threshold"":3.0,""poison_resistance"":0.28,""slow"":0.2,""suppress"":0.94}",400,72266,71866,1
26,25,341024,woven_boss_approach,3,chrono_tyrant,Chrono Tyrant,Arcane Monster,515952,42996,12.0,26.2,45.0,45.0,1517.397,22833.7333,1027518,1.9915,over_band,devious;arcane,stun_duration_ms;cleanse_threshold;interrupt_skip_count;slow,"{""cleanse_threshold"":3.0,""interrupt_skip_count"":2.0,""slow"":0.44,""stun_duration_ms"":1047.0}",400,64745,64345,1
26,25,341025,hourglass_detour,4,plague_court,Plague Court,Withering Bloom,332952,27746,12.0,26.2,30.0,30.0,1495.0027,22141.3,664239,1.995,over_band,spiteful;hexed,cleanse_threshold;poison_resistance;suppress;slow,"{""cleanse_threshold"":4.0,""poison_resistance"":0.27,""slow"":0.2,""suppress"":0.71}",400,41807,41407,1
26,25,341026,braided_sideboard,4,chrono_tyrant,Chrono Tyrant,Arcane Threat,360444,30037,12.0,26.2,38.0,38.0,1346.4184,20260.7368,769908,2.136,over_band,devious;arcane,cleanse_threshold;slow;stun_duration_ms;interrupt_skip_count,"{""cleanse_threshold"":4.0,""interrupt_skip_count"":3.0,""slow"":0.61,""stun_duration_ms"":970.0}",400,45329,44929,3
26,25,341027,woven_boss_approach,3,chrono_tyrant,Chrono Tyrant,Devious Monster,440004,36667,12.0,26.2,37.0,37.0,1429.596,21512.6216,795967,1.809,over_band,devious;arcane,cleanse_threshold;stun_duration_ms;interrupt_skip_count;slow,"{""cleanse_threshold"":4.0,""interrupt_skip_count"":2.0,""slow"":0.45,""stun_duration_ms"":640.0}",400,55222,54822,0
26,25,341028,five_way_market,3,void_regent,Void Regent,Dimming Enemy,484980,40415,12.0,26.2,36.0,36.0,1509.5122,25703.9444,925342,1.908,over_band,nullify;warded,absorb;poison_resistance;suppress,"{""absorb"":8.0,""poison_resistance"":0.47,""suppress"":0.42}",400,60744,60344,0
26,25,341029,braided_sideboard,4,void_regent,Void Regent,Nullifying Enemy,670416,55868,12.0,26.2,60.0,60.0,1377.3546,23453.3833,1407203,2.099,over_band,nullify;warded,absorb;poison_resistance;suppress,"{""absorb"":16.0,""poison_resistance"":0.58,""suppress"":0.33}",400,83947,83547,0
26,25,341030,split_spill_rejoin,4,apex_bulwark,Apex Bulwark,Bulwark Guard,448776,37398,12.0,26.2,55.0,55.0,1441.4047,24772.4364,1362484,3.036,over_band,aegis;fortified,block;armor;crit_negation,"{""armor"":120.0,""block"":13.0,""crit_negation"":0.56}",400,56270,55870,0
26,25,341031,split_spill_rejoin,4,chrono_tyrant,Chrono Tyrant,Devious Monster,313500,26125,12.0,26.2,32.0,32.0,1381.8344,20793.875,665404,2.1225,over_band,devious;arcane,cleanse_threshold;slow;interrupt_skip_count;stun_duration_ms,"{""cleanse_threshold"":4.0,""interrupt_skip_count"":2.0,""slow"":0.63,""stun_duration_ms"":943.0}",400,39444,39044,2
26,25,341032,split_spill_rejoin,4,chrono_tyrant,Chrono Tyrant,Devious Monster,555084,46257,12.0,26.2,50.0,50.0,1418.6829,21348.54,1067427,1.923,over_band,devious;arcane,stun_duration_ms;cleanse_threshold;interrupt_skip_count;slow,"{""cleanse_threshold"":4.0,""interrupt_skip_count"":3.0,""slow"":0.54,""stun_duration_ms"":670.0}",400,69635,69235,1
26,25,341033,hourglass_detour,4,apex_bulwark,Apex Bulwark,Fortified Guard,311844,25987,12.0,26.2,34.0,34.0,1637.3202,28139.3235,956737,3.068,over_band,aegis;fortified,block;armor;crit_negation,"{""armor"":120.0,""block"":14.0,""crit_negation"":0.58}",400,39158,38758,0
26,25,341034,five_way_market,3,chrono_tyrant,Chrono Tyrant,Devious Monster,359460,29955,12.0,26.2,35.0,35.0,1430.8727,21531.6571,753608,2.0965,over_band,devious;arcane,stun_duration_ms;cleanse_threshold;interrupt_skip_count;slow,"{""cleanse_threshold"":4.0,""interrupt_skip_count"":3.0,""slow"":0.59,""stun_duration_ms"":927.0}",400,45202,44802,3
26,25,341035,elite_orbit,4,chrono_tyrant,Chrono Tyrant,Arcane Monster,332232,27686,12.0,26.2,35.0,35.0,1371.9823,20645.8571,722605,2.175,over_band,devious;arcane,stun_duration_ms;interrupt_skip_count;cleanse_threshold;slow,"{""cleanse_threshold"":4.0,""interrupt_skip_count"":3.0,""slow"":0.6,""stun_duration_ms"":1066.0}",400,41807,41407,3
26,25,341036,braided_sideboard,4,void_regent,Void Regent,Dimming Monster,461472,38456,12.0,26.2,37.0,37.0,1526.443,25992.1081,961708,2.084,over_band,nullify;warded,absorb;poison_resistance;suppress,"{""absorb"":16.0,""poison_resistance"":0.53,""suppress"":0.38}",400,57831,57431,0
26,25,341037,braided_sideboard,4,chrono_tyrant,Chrono Tyrant,Devious Enemy,565944,47162,12.0,26.2,48.0,48.0,1450.7002,21830.1042,1047845,1.8515,over_band,devious;arcane,cleanse_threshold;interrupt_skip_count;slow;stun_duration_ms,"{""cleanse_threshold"":4.0,""interrupt_skip_count"":3.0,""slow"":0.4,""stun_duration_ms"":779.0}",400,70986,70586,1
26,25,341038,five_way_market,3,chrono_tyrant,Chrono Tyrant,Arcane Threat,538428,44869,12.0,26.2,56.0,56.0,1345.9263,20253.5536,1134199,2.1065,over_band,devious;arcane,stun_duration_ms;cleanse_threshold;slow;interrupt_skip_count,"{""cleanse_threshold"":4.0,""interrupt_skip_count"":2.0,""slow"":0.56,""stun_duration_ms"":1037.0}",400,67558,67158,1
26,25,341039,braided_sideboard,4,chrono_tyrant,Chrono Tyrant,Devious Monster,336480,28040,12.0,26.2,30.0,30.0,1458.268,21944.1,658323,1.9565,over_band,devious;arcane,interrupt_skip_count;cleanse_threshold;slow;stun_duration_ms,"{""cleanse_threshold"":4.0,""interrupt_skip_count"":2.0,""slow"":0.57,""stun_duration_ms"":719.0}",400,42296,41896,0
26,25,341040,braided_sideboard,4,apex_bulwark,Apex Bulwark,Braced Enemy,406464,33872,12.0,26.2,59.0,59.0,1290.7615,22183.2881,1308814,3.22,over_band,aegis;fortified,block;armor;crit_negation,"{""armor"":120.0,""block"":15.0,""crit_negation"":0.8}",400,51006,50606,1
26,25,341041,split_spill_rejoin,4,apex_bulwark,Apex Bulwark,Fortified Sentinel,317448,26454,12.0,26.2,34.0,34.0,1646.1008,28290.2059,961867,3.03,over_band,aegis;fortified,block;armor;crit_negation,"{""armor"":120.0,""block"":10.0,""crit_negation"":0.65}",400,39852,39452,0
26,25,341042,woven_boss_approach,3,plague_court,Plague Court,Hexed Seer,505980,42165,12.0,26.2,53.0,53.0,1338.828,19828.6792,1050920,2.077,over_band,spiteful;hexed,cleanse_threshold;suppress;slow;poison_resistance,"{""cleanse_threshold"":4.0,""poison_resistance"":0.23,""slow"":0.25,""suppress"":0.82}",400,63447,63047,1
26,25,341043,five_way_market,3,chrono_tyrant,Chrono Tyrant,Arcane Enemy,575496,47958,12.0,26.2,45.0,45.0,1552.7192,23365.1333,1051431,1.827,over_band,devious;arcane,interrupt_skip_count;slow;stun_duration_ms;cleanse_threshold,"{""cleanse_threshold"":4.0,""interrupt_skip_count"":3.0,""slow"":0.39,""stun_duration_ms"":748.0}",400,72177,71777,1
26,25,341044,split_spill_rejoin,4,void_regent,Void Regent,Dimming Vessel,632232,52686,12.0,26.2,49.0,49.0,1506.3892,25650.551,1256877,1.988,over_band,nullify;warded,absorb;poison_resistance;suppress,"{""absorb"":10.0,""poison_resistance"":0.5,""suppress"":0.44}",400,79159,78759,0
26,25,341045,hourglass_detour,4,void_regent,Void Regent,Warded Threat,770196,64183,12.0,26.2,58.0,58.0,1597.9066,27209.1724,1578132,2.049,over_band,nullify;warded,absorb;poison_resistance;suppress,"{""absorb"":11.0,""poison_resistance"":0.55,""suppress"":0.43}",400,96411,96011,0
26,25,341046,hourglass_detour,4,chrono_tyrant,Chrono Tyrant,Arcane Monster,499116,41593,12.0,26.2,45.0,45.0,1465.6601,22055.3778,992492,1.9885,over_band,devious;arcane,stun_duration_ms;slow;interrupt_skip_count;cleanse_threshold,"{""cleanse_threshold"":4.0,""interrupt_skip_count"":3.0,""slow"":0.49,""stun_duration_ms"":891.0}",400,62647,62247,2
26,25,341047,braided_sideboard,4,plague_court,Plague Court,Withering Monster,355020,29585,12.0,26.2,32.0,32.0,1510.9404,22377.3438,716075,2.017,over_band,spiteful;hexed,cleanse_threshold;suppress;slow;poison_resistance,"{""cleanse_threshold"":3.0,""poison_resistance"":0.35,""slow"":0.18,""suppress"":0.67}",400,44571,44171,0
26,25,341048,braided_sideboard,4,chrono_tyrant,Chrono Tyrant,Devious Enemy,632832,52736,12.0,26.2,56.0,56.0,1418.5686,21346.7857,1195420,1.889,over_band,devious;arcane,stun_duration_ms;cleanse_threshold;slow;interrupt_skip_count,"{""cleanse_threshold"":3.0,""interrupt_skip_count"":3.0,""slow"":0.36,""stun_duration_ms"":950.0}",400,79359,78959,2
26,25,341049,woven_boss_approach,3,apex_bulwark,Apex Bulwark,Braced Sentinel,459456,38288,12.0,26.2,51.0,51.0,1597.7243,27459.2549,1400422,3.048,over_band,aegis;fortified,block;armor;crit_negation,"{""armor"":120.0,""block"":13.0,""crit_negation"":0.58}",400,57606,57206,0
26,25,341050,five_way_market,3,chrono_tyrant,Chrono Tyrant,Arcane Monster,379380,31615,12.0,26.2,34.0,34.0,1369.9348,20614.8529,700905,1.8475,over_band,devious;arcane,cleanse_threshold;interrupt_skip_count;stun_duration_ms;slow,"{""cleanse_threshold"":3.0,""interrupt_skip_count"":2.0,""slow"":0.43,""stun_duration_ms"":777.0}",400,47657,47257,0
26,25,341051,elite_orbit,4,chrono_tyrant,Chrono Tyrant,Arcane Threat,373536,31128,12.0,26.2,34.0,34.0,1284.228,19325.0,657050,1.759,over_band,devious;arcane,slow;stun_duration_ms;interrupt_skip_count;cleanse_threshold,"{""cleanse_threshold"":3.0,""interrupt_skip_count"":2.0,""slow"":0.36,""stun_duration_ms"":726.0}",400,46916,46516,0
26,25,341052,woven_boss_approach,3,void_regent,Void Regent,Hollow Vessel,650280,54190,12.0,26.2,57.0,57.0,1439.1149,24505.2807,1396801,2.148,over_band,nullify;warded,absorb;poison_resistance;suppress,"{""absorb"":16.0,""poison_resistance"":0.58,""suppress"":0.4}",400,81435,81035,0
26,25,341053,elite_orbit,4,chrono_tyrant,Chrono Tyrant,Arcane Threat,634452,52871,12.0,26.2,57.0,57.0,1460.4941,21977.6316,1252725,1.9745,over_band,devious;arcane,slow;cleanse_threshold;stun_duration_ms;interrupt_skip_count,"{""cleanse_threshold"":4.0,""interrupt_skip_count"":3.0,""slow"":0.38,""stun_duration_ms"":1061.0}",400,79565,79165,2
26,25,341054,split_spill_rejoin,4,apex_bulwark,Apex Bulwark,Bulwark Monster,315420,26285,12.0,26.2,38.0,38.0,1535.8218,26395.6842,1003036,3.18,over_band,aegis;fortified,block;armor;crit_negation,"{""armor"":120.0,""block"":13.0,""crit_negation"":0.8}",400,39620,39220,1
26,25,341055,braided_sideboard,4,void_regent,Void Regent,Warded Threat,385308,32109,12.0,26.2,34.0,34.0,1367.6759,23288.4706,791808,2.055,over_band,nullify;warded,absorb;poison_resistance;suppress,"{""absorb"":12.0,""poison_resistance"":0.51,""suppress"":0.47}",400,48304,47904,0
26,25,341056,five_way_market,3,chrono_tyrant,Chrono Tyrant,Arcane Monster,515364,42947,12.0,26.2,46.0,46.0,1490.1704,22423.9348,1031501,2.0015,over_band,devious;arcane,slow;stun_duration_ms;interrupt_skip_count;cleanse_threshold,"{""cleanse_threshold"":4.0,""interrupt_skip_count"":3.0,""slow"":0.64,""stun_duration_ms"":647.0}",400,64678,64278,2
26,25,341057,elite_orbit,4,void_regent,Void Regent,Warded Acolyte,448380,37365,12.0,26.2,38.0,38.0,1319.3549,22466.2105,853716,1.904,over_band,nullify;warded,absorb;poison_resistance;suppress,"{""absorb"":9.0,""poison_resistance"":0.49,""suppress"":0.36}",400,56168,55768,0
26,25,341058,hourglass_detour,4,apex_bulwark,Apex Bulwark,Bulwark Guard,225876,18823,12.0,26.2,31.0,31.0,1350.6993,23214.2258,719641,3.186,over_band,aegis;fortified,block;armor;crit_negation,"{""armor"":120.0,""block"":16.0,""crit_negation"":0.71}",400,28428,28028,1
26,25,341059,elite_orbit,4,void_regent,Void Regent,Hollow Monster,760116,63343,12.0,26.2,57.0,57.0,1613.2708,27470.8596,1565839,2.06,over_band,nullify;warded,absorb;poison_resistance;suppress,"{""absorb"":9.0,""poison_resistance"":0.59,""suppress"":0.44}",400,95147,94747,0
26,25,341060,split_spill_rejoin,4,plague_court,Plague Court,Bitter Bloom,329328,27444,12.0,26.2,31.0,31.0,1491.9777,22096.8387,685002,2.08,over_band,spiteful;hexed,cleanse_threshold;suppress;slow;poison_resistance,"{""cleanse_threshold"":4.0,""poison_resistance"":0.24,""slow"":0.18,""suppress"":0.9}",400,41365,40965,1
26,25,341061,woven_boss_approach,3,apex_bulwark,Apex Bulwark,Braced Sentinel,253488,21124,12.0,26.2,35.0,35.0,1341.7723,23060.1714,807106,3.184,over_band,aegis;fortified,block;armor;crit_negation,"{""armor"":120.0,""block"":15.0,""crit_negation"":0.74}",400,31879,31479,1
26,25,341062,hourglass_detour,4,chrono_tyrant,Chrono Tyrant,Devious Threat,593388,49449,12.0,26.2,57.0,57.0,1429.9548,21518.1228,1226533,2.067,over_band,devious;arcane,cleanse_threshold;interrupt_skip_count;slow;stun_duration_ms,"{""cleanse_threshold"":4.0,""interrupt_skip_count"":3.0,""slow"":0.5,""stun_duration_ms"":1030.0}",400,74441,74041,2
26,25,341063,woven_boss_approach,3,chrono_tyrant,Chrono Tyrant,Arcane Enemy,614736,51228,12.0,26.2,50.0,50.0,1643.8646,24736.98,1236849,2.012,over_band,devious;arcane,stun_duration_ms;cleanse_threshold;interrupt_skip_count;slow,"{""cleanse_threshold"":3.0,""interrupt_skip_count"":3.0,""slow"":0.5,""stun_duration_ms"":944.0}",400,77110,76710,2
26,25,341064,hourglass_detour,4,chrono_tyrant,Chrono Tyrant,Arcane Enemy,690720,57560,12.0,26.2,60.0,60.0,1522.7626,22914.6333,1374878,1.9905,over_band,devious;arcane,cleanse_threshold;slow;stun_duration_ms;interrupt_skip_count,"{""cleanse_threshold"":3.0,""interrupt_skip_count"":2.0,""slow"":0.44,""stun_duration_ms"":1045.0}",400,86591,86191,1
26,25,341065,hourglass_detour,4,chrono_tyrant,Chrono Tyrant,Arcane Monster,405192,33766,12.0,26.2,37.0,37.0,1472.2345,22154.1351,819703,2.023,over_band,devious;arcane,stun_duration_ms;interrupt_skip_count;slow;cleanse_threshold,"{""cleanse_threshold"":3.0,""interrupt_skip_count"":3.0,""slow"":0.47,""stun_duration_ms"":1020.0}",400,50918,50518,2
26,25,341066,woven_boss_approach,3,chrono_tyrant,Chrono Tyrant,Arcane Enemy,522012,43501,12.0,26.2,50.0,50.0,1409.8073,21214.56,1060728,2.032,over_band,devious;arcane,slow;stun_duration_ms;interrupt_skip_count;cleanse_threshold,"{""cleanse_threshold"":4.0,""interrupt_skip_count"":3.0,""slow"":0.44,""stun_duration_ms"":1068.0}",400,65516,65116,2
26,25,341067,elite_orbit,4,void_regent,Void Regent,Dimming Acolyte,642876,53573,12.0,26.2,49.0,49.0,1507.0849,25662.551,1257465,1.956,over_band,nullify;warded,absorb;poison_resistance;suppress,"{""absorb"":13.0,""poison_resistance"":0.47,""suppress"":0.36}",400,80492,80092,0
26,25,341068,woven_boss_approach,3,apex_bulwark,Apex Bulwark,Fortified Monster,426252,35521,12.0,26.2,45.0,45.0,1662.2825,28568.3556,1285576,3.016,over_band,aegis;fortified,block;armor;crit_negation,"{""armor"":120.0,""block"":12.0,""crit_negation"":0.56}",400,53452,53052,0
26,25,341069,hourglass_detour,4,apex_bulwark,Apex Bulwark,Braced Threat,277320,23110,12.0,26.2,31.0,31.0,1654.2011,28429.7742,881323,3.178,over_band,aegis;fortified,block;armor;crit_negation,"{""armor"":120.0,""block"":15.0,""crit_negation"":0.73}",400,34857,34457,1
26,25,341070,five_way_market,3,void_regent,Void Regent,Nullifying Threat,621780,51815,12.0,26.2,45.0,45.0,1548.232,26363.4667,1186356,1.908,over_band,nullify;warded,absorb;poison_resistance;suppress,"{""absorb"":9.0,""poison_resistance"":0.48,""suppress"":0.38}",400,77845,77445,0
26,25,341071,split_spill_rejoin,4,chrono_tyrant,Chrono Tyrant,Arcane Threat,445368,37114,12.0,26.2,37.0,37.0,1576.9971,23730.8919,878043,1.9715,over_band,devious;arcane,slow;stun_duration_ms;cleanse_threshold;interrupt_skip_count,"{""cleanse_threshold"":3.0,""interrupt_skip_count"":3.0,""slow"":0.39,""stun_duration_ms"":1061.0}",400,55936,55536,2
26,25,341072,braided_sideboard,4,chrono_tyrant,Chrono Tyrant,Devious Threat,454704,37892,12.0,26.2,45.0,45.0,1339.9528,20163.6,907362,1.9955,over_band,devious;arcane,stun_duration_ms;cleanse_threshold;interrupt_skip_count;slow,"{""cleanse_threshold"":4.0,""interrupt_skip_count"":3.0,""slow"":0.48,""stun_duration_ms"":923.0}",400,57096,56696,2
26,25,341073,braided_sideboard,4,apex_bulwark,Apex Bulwark,Shielded Gatekeeper,463788,38649,12.0,26.2,58.0,58.0,1422.8084,24452.8276,1418264,3.058,over_band,aegis;fortified,block;armor;crit_negation,"{""armor"":120.0,""block"":9.0,""crit_negation"":0.73}",400,58148,57748,1
26,25,341074,five_way_market,3,plague_court,Plague Court,Spiteful Threat,548892,45741,12.0,26.2,59.0,59.0,1390.1079,20588.1017,1214698,2.213,over_band,spiteful;hexed,cleanse_threshold;suppress;slow;poison_resistance,"{""cleanse_threshold"":3.0,""poison_resistance"":0.33,""slow"":0.21,""suppress"":0.94}",400,68828,68428,1
26,25,341075,hourglass_detour,4,plague_court,Plague Court,Withering Seer,377964,31497,12.0,26.2,35.0,35.0,1456.1266,21565.5429,754794,1.997,over_band,spiteful;hexed,cleanse_threshold;suppress;poison_resistance;slow,"{""cleanse_threshold"":3.0,""poison_resistance"":0.29,""slow"":0.24,""suppress"":0.65}",400,47441,47041,0
26,25,341076,elite_orbit,4,plague_court,Plague Court,Spiteful Hexbearer,403548,33629,12.0,26.2,46.0,46.0,1297.8179,19221.1739,884174,2.191,over_band,spiteful;hexed,cleanse_threshold;poison_resistance;suppress;slow,"{""cleanse_threshold"":3.0,""poison_resistance"":0.26,""slow"":0.24,""suppress"":0.97}",400,50662,50262,1
26,25,341077,five_way_market,3,void_regent,Void Regent,Nullifying Threat,402912,33576,12.0,26.2,32.0,32.0,1447.8184,24653.1875,788902,1.958,over_band,nullify;warded,absorb;poison_resistance;suppress,"{""absorb"":11.0,""poison_resistance"":0.41,""suppress"":0.5}",400,50497,50097,0
26,25,341078,elite_orbit,4,void_regent,Void Regent,Warded Acolyte,344316,28693,12.0,26.2,34.0,34.0,1279.2342,21783.0588,740624,2.151,over_band,nullify;warded,absorb;poison_resistance;suppress,"{""absorb"":16.0,""poison_resistance"":0.52,""suppress"":0.49}",400,43194,42794,0
26,25,341079,elite_orbit,4,plague_court,Plague Court,Hexed Threat,428712,35726,12.0,26.2,37.0,37.0,1591.2795,23567.5676,872000,2.034,over_band,spiteful;hexed,cleanse_threshold;suppress;slow;poison_resistance,"{""cleanse_threshold"":4.0,""poison_resistance"":0.32,""slow"":0.25,""suppress"":0.63}",400,53778,53378,0
26,25,341080,braided_sideboard,4,apex_bulwark,Apex Bulwark,Braced Sentinel,441948,36829,12.0,26.2,55.0,55.0,1483.9973,25504.4182,1402743,3.174,over_band,aegis;fortified,block;armor;crit_negation,"{""armor"":120.0,""block"":13.0,""crit_negation"":0.79}",400,55435,55035,1
27,26,351001,five_way_market,3,void_regent,Void Regent,Warded Threat,544700,41900,13.0,28.9,36.0,36.0,1646.1666,30367.0278,1093213,2.007,over_band,nullify;warded,absorb;poison_resistance;suppress,"{""absorb"":13.0,""poison_resistance"":0.5,""suppress"":0.39}",400,68224,67824,0
27,26,351002,braided_sideboard,4,apex_bulwark,Apex Bulwark,Bulwark Gatekeeper,461396,35492,13.0,28.9,51.0,51.0,1520.9131,28317.0392,1444169,3.13,over_band,aegis;fortified,block;armor;crit_negation,"{""armor"":120.0,""block"":12.0,""crit_negation"":0.75}",400,57860,57460,1
27,26,351003,hourglass_detour,4,chrono_tyrant,Chrono Tyrant,Arcane Monster,497666,38282,13.0,28.9,34.0,34.0,1801.1688,29362.2941,998318,2.006,over_band,devious;arcane,cleanse_threshold;stun_duration_ms;interrupt_skip_count;slow,"{""cleanse_threshold"":4.0,""interrupt_skip_count"":2.0,""slow"":0.49,""stun_duration_ms"":962.0}",400,62452,62052,1
27,26,351004,woven_boss_approach,3,plague_court,Plague Court,Withering Monster,443703,34131,13.0,28.9,34.0,34.0,1784.5173,28631.8824,973484,2.194,over_band,spiteful;hexed,cleanse_threshold;suppress;poison_resistance;slow,"{""cleanse_threshold"":4.0,""poison_resistance"":0.26,""slow"":0.23,""suppress"":0.97}",400,55674,55274,1
27,26,351005,five_way_market,3,void_regent,Void Regent,Dimming Enemy,583713,44901,13.0,28.9,44.0,44.0,1485.0567,27394.7045,1205367,2.065,over_band,nullify;warded,absorb;poison_resistance;suppress,"{""absorb"":12.0,""poison_resistance"":0.59,""suppress"":0.37}",400,73100,72700,0
27,26,351006,woven_boss_approach,3,apex_bulwark,Apex Bulwark,Shielded Guard,398814,30678,13.0,28.9,37.0,37.0,1809.7096,33694.4054,1246693,3.126,over_band,aegis;fortified,block;armor;crit_negation,"{""armor"":120.0,""block"":13.0,""crit_negation"":0.71}",400,50037,49637,1
27,26,351007,braided_sideboard,4,void_regent,Void Regent,Hollow Keeper,551837,42449,13.0,28.9,30.0,30.0,1790.881,33036.6333,991099,1.796,over_band,nullify;warded,absorb;poison_resistance;suppress,"{""absorb"":8.0,""poison_resistance"":0.4,""suppress"":0.36}",400,69093,68693,0
27,26,351008,braided_sideboard,4,apex_bulwark,Apex Bulwark,Braced Guard,540761,41597,13.0,28.9,56.0,56.0,1576.6879,29355.5893,1643913,3.04,over_band,aegis;fortified,block;armor;crit_negation,"{""armor"":120.0,""block"":12.0,""crit_negation"":0.6}",400,67768,67368,0
27,26,351009,braided_sideboard,4,plague_court,Plague Court,Hexed Hexbearer,835432,64264,13.0,28.9,55.0,55.0,1797.8052,28845.1818,1586485,1.899,over_band,spiteful;hexed,cleanse_threshold;suppress;poison_resistance;slow,"{""cleanse_threshold"":3.0,""poison_resistance"":0.24,""slow"":0.21,""suppress"":0.62}",400,104615,104215,0
27,26,351010,split_spill_rejoin,4,plague_court,Plague Court,Spiteful Enemy,711230,54710,13.0,28.9,52.0,52.0,1652.9225,26520.6731,1379075,1.939,over_band,spiteful;hexed,cleanse_threshold;suppress;slow;poison_resistance,"{""cleanse_threshold"":3.0,""poison_resistance"":0.24,""slow"":0.2,""suppress"":0.69}",400,89095,88695,1
27,26,351011,split_spill_rejoin,4,apex_bulwark,Apex Bulwark,Shielded Gatekeeper,620451,47727,13.0,28.9,59.0,59.0,1730.6193,32221.3898,1901062,3.064,over_band,aegis;fortified,block;armor;crit_negation,"{""armor"":120.0,""block"":12.0,""crit_negation"":0.64}",400,77732,77332,0
27,26,351012,five_way_market,3,plague_court,Plague Court,Spiteful Threat,615342,47334,13.0,28.9,49.0,49.0,1581.8172,25379.7143,1243606,2.021,over_band,spiteful;hexed,cleanse_threshold;suppress;poison_resistance;slow,"{""cleanse_threshold"":4.0,""poison_resistance"":0.2,""slow"":0.26,""suppress"":0.77}",400,77112,76712,1
27,26,351013,braided_sideboard,4,void_regent,Void Regent,Dimming Monster,620828,47756,13.0,28.9,38.0,38.0,1802.3064,33246.9737,1263385,2.035,over_band,nullify;warded,absorb;poison_resistance;suppress,"{""absorb"":12.0,""poison_resistance"":0.49,""suppress"":0.47}",400,77742,77342,0
27,26,351014,elite_orbit,4,apex_bulwark,Apex Bulwark,Braced Enemy,323960,24920,13.0,28.9,37.0,37.0,1491.693,27773.0,1027601,3.172,over_band,aegis;fortified,block;armor;crit_negation,"{""armor"":120.0,""block"":15.0,""crit_negation"":0.72}",400,40687,40287,1
27,26,351015,braided_sideboard,4,chrono_tyrant,Chrono Tyrant,Devious Monster,692874,53298,13.0,28.9,46.0,46.0,1816.9758,29620.3696,1362537,1.9665,over_band,devious;arcane,slow;stun_duration_ms;interrupt_skip_count;cleanse_threshold,"{""cleanse_threshold"":4.0,""interrupt_skip_count"":3.0,""slow"":0.42,""stun_duration_ms"":973.0}",400,86865,86465,2
27,26,351016,elite_orbit,4,apex_bulwark,Apex Bulwark,Fortified Threat,431522,33194,13.0,28.9,50.0,50.0,1423.9907,26512.72,1325636,3.072,over_band,aegis;fortified,block;armor;crit_negation,"{""armor"":120.0,""block"":10.0,""crit_negation"":0.72}",400,54117,53717,1
27,26,351017,hourglass_detour,4,apex_bulwark,Apex Bulwark,Bulwark Enemy,392405,30185,13.0,28.9,39.0,39.0,1705.5137,31754.6154,1238430,3.156,over_band,aegis;fortified,block;armor;crit_negation,"{""armor"":120.0,""block"":16.0,""crit_negation"":0.66}",400,49240,48840,0
27,26,351018,split_spill_rejoin,4,apex_bulwark,Apex Bulwark,Fortified Threat,421629,32433,13.0,28.9,48.0,48.0,1432.3185,26668.0417,1280066,3.036,over_band,aegis;fortified,block;armor;crit_negation,"{""armor"":120.0,""block"":13.0,""crit_negation"":0.56}",400,52877,52477,0
27,26,351019,braided_sideboard,4,plague_court,Plague Court,Hexed Bloom,370500,28500,13.0,28.9,32.0,32.0,1472.8534,23630.9688,756191,2.041,over_band,spiteful;hexed,cleanse_threshold;slow;suppress;poison_resistance,"{""cleanse_threshold"":4.0,""poison_resistance"":0.3,""slow"":0.21,""suppress"":0.72}",400,46504,46104,1
27,26,351020,five_way_market,3,apex_bulwark,Apex Bulwark,Fortified Monster,418990,32230,13.0,28.9,45.0,45.0,1539.2648,28658.9111,1289651,3.078,over_band,aegis;fortified,block;armor;crit_negation,"{""armor"":120.0,""block"":10.0,""crit_negation"":0.73}",400,52551,52151,1
27,26,351021,elite_orbit,4,apex_bulwark,Apex Bulwark,Shielded Enemy,342875,26375,13.0,28.9,34.0,34.0,1698.5481,31625.1765,1075256,3.136,over_band,aegis;fortified,block;armor;crit_negation,"{""armor"":120.0,""block"":15.0,""crit_negation"":0.66}",400,43046,42646,0
27,26,351022,woven_boss_approach,3,apex_bulwark,Apex Bulwark,Braced Enemy,444405,34185,13.0,28.9,50.0,50.0,1444.5543,26895.4,1344770,3.026,over_band,aegis;fortified,block;armor;crit_negation,"{""armor"":120.0,""block"":11.0,""crit_negation"":0.61}",400,55722,55322,0
27,26,351023,hourglass_detour,4,void_regent,Void Regent,Dimming Monster,508755,39135,13.0,28.9,35.0,35.0,1656.3388,30554.3714,1069403,2.102,over_band,nullify;warded,absorb;poison_resistance;suppress,"{""absorb"":16.0,""poison_resistance"":0.52,""suppress"":0.42}",400,63743,63343,0
27,26,351024,five_way_market,3,void_regent,Void Regent,Hollow Acolyte,988221,76017,13.0,28.9,60.0,60.0,1792.8288,33072.4667,1984348,2.008,over_band,nullify;warded,absorb;poison_resistance;suppress,"{""absorb"":11.0,""poison_resistance"":0.46,""suppress"":0.5}",400,123664,123264,0
27,26,351025,hourglass_detour,4,void_regent,Void Regent,Hollow Keeper,487916,37532,13.0,28.9,31.0,31.0,1591.2505,29353.6452,909963,1.865,over_band,nullify;warded,absorb;poison_resistance;suppress,"{""absorb"":10.0,""poison_resistance"":0.44,""suppress"":0.35}",400,61110,60710,0
27,26,351026,five_way_market,3,void_regent,Void Regent,Dimming Enemy,725907,55839,13.0,28.9,51.0,51.0,1615.692,29804.8824,1520049,2.094,over_band,nullify;warded,absorb;poison_resistance;suppress,"{""absorb"":16.0,""poison_resistance"":0.47,""suppress"":0.48}",400,90888,90488,0
27,26,351027,split_spill_rejoin,4,plague_court,Plague Court,Hexed Monster,367601,28277,13.0,28.9,32.0,32.0,1434.0733,23009.5313,736305,2.003,over_band,spiteful;hexed,cleanse_threshold;suppress;slow;poison_resistance,"{""cleanse_threshold"":4.0,""poison_resistance"":0.25,""slow"":0.27,""suppress"":0.66}",400,46139,45739,0
27,26,351028,elite_orbit,4,apex_bulwark,Apex Bulwark,Braced Enemy,647361,49797,13.0,28.9,59.0,59.0,1811.538,33728.6102,1989988,3.074,over_band,aegis;fortified,block;armor;crit_negation,"{""armor"":120.0,""block"":11.0,""crit_negation"":0.69}",400,81097,80697,1
27,26,351029,five_way_market,3,plague_court,Plague Court,Bitter Bloom,632463,48651,13.0,28.9,45.0,45.0,1698.532,27252.1333,1226346,1.939,over_band,spiteful;hexed,cleanse_threshold;suppress;poison_resistance;slow,"{""cleanse_threshold"":3.0,""poison_resistance"":0.23,""slow"":0.18,""suppress"":0.73}",400,79249,78849,1
27,26,351030,braided_sideboard,4,plague_court,Plague Court,Bitter Monster,428649,32973,13.0,28.9,37.0,37.0,1622.4412,26031.7297,963174,2.247,over_band,spiteful;hexed,cleanse_threshold;suppress;slow;poison_resistance,"{""cleanse_threshold"":3.0,""poison_resistance"":0.37,""slow"":0.25,""suppress"":0.88}",400,53799,53399,1
27,26,351031,woven_boss_approach,3,chrono_tyrant,Chrono Tyrant,Arcane Threat,669773,51521,13.0,28.9,53.0,53.0,1664.7333,27138.4528,1438338,2.1475,over_band,devious;arcane,stun_duration_ms;interrupt_skip_count;cleanse_threshold;slow,"{""cleanse_threshold"":3.0,""interrupt_skip_count"":3.0,""slow"":0.58,""stun_duration_ms"":1071.0}",400,84004,83604,3
27,26,351032,split_spill_rejoin,4,plague_court,Plague Court,Spiteful Hexbearer,497614,38278,13.0,28.9,35.0,35.0,1828.9648,29345.0,1027075,2.064,over_band,spiteful;hexed,cleanse_threshold;suppress;slow;poison_resistance,"{""cleanse_threshold"":4.0,""poison_resistance"":0.25,""slow"":0.19,""suppress"":0.85}",400,62399,61999,1
27,26,351033,braided_sideboard,4,chrono_tyrant,Chrono Tyrant,Devious Threat,451802,34754,13.0,28.9,38.0,38.0,1504.2477,24522.1579,931842,2.0625,over_band,devious;arcane,cleanse_threshold;stun_duration_ms;slow;interrupt_skip_count,"{""cleanse_threshold"":4.0,""interrupt_skip_count"":3.0,""slow"":0.61,""stun_duration_ms"":823.0}",400,56739,56339,2
27,26,351034,split_spill_rejoin,4,void_regent,Void Regent,Nullifying Threat,623168,47936,13.0,28.9,36.0,36.0,1801.6969,33235.6389,1196483,1.92,over_band,nullify;warded,absorb;poison_resistance;suppress,"{""absorb"":12.0,""poison_resistance"":0.41,""suppress"":0.42}",400,78026,77626,0
27,26,351035,woven_boss_approach,3,plague_court,Plague Court,Bitter Threat,491491,37807,13.0,28.9,38.0,38.0,1712.2124,27471.7632,1043927,2.124,over_band,spiteful;hexed,cleanse_threshold;suppress;poison_resistance;slow,"{""cleanse_threshold"":4.0,""poison_resistance"":0.23,""slow"":0.24,""suppress"":0.9}",400,61640,61240,1
27,26,351036,hourglass_detour,4,apex_bulwark,Apex Bulwark,Shielded Threat,449865,34605,13.0,28.9,45.0,45.0,1653.7641,30790.7556,1385584,3.08,over_band,aegis;fortified,block;armor;crit_negation,"{""armor"":120.0,""block"":11.0,""crit_negation"":0.7}",400,56411,56011,1
27,26,351037,hourglass_detour,4,apex_bulwark,Apex Bulwark,Bulwark Sentinel,323778,24906,13.0,28.9,32.0,32.0,1690.0601,31467.1875,1006950,3.11,over_band,aegis;fortified,block;armor;crit_negation,"{""armor"":120.0,""block"":11.0,""crit_negation"":0.75}",400,40654,40254,1
27,26,351038,elite_orbit,4,apex_bulwark,Apex Bulwark,Bulwark Threat,355810,27370,13.0,28.9,37.0,37.0,1660.0012,30907.3784,1143573,3.214,over_band,aegis;fortified,block;armor;crit_negation,"{""armor"":120.0,""block"":15.0,""crit_negation"":0.79}",400,44673,44273,1
27,26,351039,split_spill_rejoin,4,void_regent,Void Regent,Hollow Acolyte,546247,42019,13.0,28.9,35.0,35.0,1807.9868,33352.2857,1167330,2.137,over_band,nullify;warded,absorb;poison_resistance;suppress,"{""absorb"":16.0,""poison_resistance"":0.52,""suppress"":0.47}",400,68434,68034,0
27,26,351040,braided_sideboard,4,plague_court,Plague Court,Hexed Hexbearer,488618,37586,13.0,28.9,46.0,46.0,1504.155,24133.4783,1110140,2.272,over_band,spiteful;hexed,cleanse_threshold;suppress;slow;poison_resistance,"{""cleanse_threshold"":3.0,""poison_resistance"":0.34,""slow"":0.28,""suppress"":0.92}",400,61298,60898,1
27,26,351041,hourglass_detour,4,chrono_tyrant,Chrono Tyrant,Devious Threat,656851,50527,13.0,28.9,56.0,56.0,1504.5082,24526.3393,1373475,2.091,over_band,devious;arcane,slow;cleanse_threshold;stun_duration_ms;interrupt_skip_count,"{""cleanse_threshold"":4.0,""interrupt_skip_count"":3.0,""slow"":0.51,""stun_duration_ms"":1060.0}",400,82376,81976,2
27,26,351042,hourglass_detour,4,void_regent,Void Regent,Warded Enemy,648141,49857,13.0,28.9,39.0,39.0,1814.4099,33470.6667,1305356,2.014,over_band,nullify;warded,absorb;poison_resistance;suppress,"{""absorb"":16.0,""poison_resistance"":0.46,""suppress"":0.38}",400,81161,80761,0
27,26,351043,five_way_market,3,void_regent,Void Regent,Warded Threat,765206,58862,13.0,28.9,55.0,55.0,1520.4747,28048.2727,1542655,2.016,over_band,nullify;warded,absorb;poison_resistance;suppress,"{""absorb"":11.0,""poison_resistance"":0.58,""suppress"":0.34}",400,95781,95381,0
27,26,351044,split_spill_rejoin,4,plague_court,Plague Court,Withering Monster,384540,29580,13.0,28.9,32.0,32.0,1482.1819,23781.4063,761005,1.979,over_band,spiteful;hexed,cleanse_threshold;suppress;slow;poison_resistance,"{""cleanse_threshold"":3.0,""poison_resistance"":0.26,""slow"":0.23,""suppress"":0.68}",400,48262,47862,1
27,26,351045,elite_orbit,4,apex_bulwark,Apex Bulwark,Fortified Sentinel,539474,41498,13.0,28.9,52.0,52.0,1707.2902,31787.4615,1652948,3.064,over_band,aegis;fortified,block;armor;crit_negation,"{""armor"":120.0,""block"":9.0,""crit_negation"":0.74}",400,67609,67209,1
27,26,351046,woven_boss_approach,3,plague_court,Plague Court,Hexed Enemy,441597,33969,13.0,28.9,36.0,36.0,1738.5313,27894.2222,1004192,2.274,over_band,spiteful;hexed,cleanse_threshold;suppress;slow;poison_resistance,"{""cleanse_threshold"":4.0,""poison_resistance"":0.31,""slow"":0.31,""suppress"":0.91}",400,55416,55016,1
27,26,351047,hourglass_detour,4,apex_bulwark,Apex Bulwark,Bulwark Enemy,455494,35038,13.0,28.9,50.0,50.0,1582.3685,29461.36,1473068,3.234,over_band,aegis;fortified,block;armor;crit_negation,"{""armor"":120.0,""block"":16.0,""crit_negation"":0.79}",400,57136,56736,1
27,26,351048,braided_sideboard,4,plague_court,Plague Court,Hexed Enemy,662376,50952,13.0,28.9,50.0,50.0,1744.6287,27992.0,1399600,2.113,over_band,spiteful;hexed,cleanse_threshold;suppress;poison_resistance;slow,"{""cleanse_threshold"":3.0,""poison_resistance"":0.31,""slow"":0.23,""suppress"":0.8}",400,83003,82603,1
27,26,351049,elite_orbit,4,chrono_tyrant,Chrono Tyrant,Devious Threat,475306,36562,13.0,28.9,35.0,35.0,1764.3905,28762.8,1006698,2.118,over_band,devious;arcane,cleanse_threshold;interrupt_skip_count;slow;stun_duration_ms,"{""cleanse_threshold"":3.0,""interrupt_skip_count"":3.0,""slow"":0.58,""stun_duration_ms"":1012.0}",400,59692,59292,3
27,26,351050,five_way_market,3,plague_court,Plague Court,Hexed Monster,601393,46261,13.0,28.9,57.0,57.0,1426.3098,22884.5789,1304421,2.169,over_band,spiteful;hexed,cleanse_threshold;suppress;poison_resistance;slow,"{""cleanse_threshold"":3.0,""poison_resistance"":0.24,""slow"":0.23,""suppress"":0.98}",400,75390,74990,1
27,26,351051,braided_sideboard,4,chrono_tyrant,Chrono Tyrant,Arcane Monster,465582,35814,13.0,28.9,31.0,31.0,1697.4856,27672.0968,857835,1.8425,over_band,devious;arcane,slow;cleanse_threshold;interrupt_skip_count;stun_duration_ms,"{""cleanse_threshold"":4.0,""interrupt_skip_count"":3.0,""slow"":0.45,""stun_duration_ms"":671.0}",400,58439,58039,1
27,26,351052,hourglass_detour,4,apex_bulwark,Apex Bulwark,Braced Enemy,569257,43789,13.0,28.9,52.0,52.0,1836.8457,34199.2115,1778359,3.124,over_band,aegis;fortified,block;armor;crit_negation,"{""armor"":120.0,""block"":12.0,""crit_negation"":0.74}",400,71341,70941,1
27,26,351053,five_way_market,3,chrono_tyrant,Chrono Tyrant,Arcane Threat,881803,67831,13.0,28.9,59.0,59.0,1779.5167,29009.8305,1711580,1.941,over_band,devious;arcane,interrupt_skip_count;cleanse_threshold;stun_duration_ms;slow,"{""cleanse_threshold"":3.0,""interrupt_skip_count"":3.0,""slow"":0.56,""stun_duration_ms"":694.0}",400,110483,110083,1
27,26,351054,split_spill_rejoin,4,chrono_tyrant,Chrono Tyrant,Arcane Monster,525785,40445,13.0,28.9,38.0,38.0,1620.298,26413.7895,1003724,1.909,over_band,devious;arcane,interrupt_skip_count;cleanse_threshold;slow;stun_duration_ms,"{""cleanse_threshold"":4.0,""interrupt_skip_count"":2.0,""slow"":0.5,""stun_duration_ms"":750.0}",400,65955,65555,0
27,26,351055,elite_orbit,4,apex_bulwark,Apex Bulwark,Braced Threat,482950,37150,13.0,28.9,46.0,46.0,1670.2598,31097.7826,1430498,2.962,over_band,aegis;fortified,block;armor;crit_negation,"{""armor"":120.0,""block"":9.0,""crit_negation"":0.57}",400,60531,60131,0
27,26,351056,five_way_market,3,apex_bulwark,Apex Bulwark,Fortified Enemy,392327,30179,13.0,28.9,38.0,38.0,1680.2136,31282.9211,1188751,3.03,over_band,aegis;fortified,block;armor;crit_negation,"{""armor"":120.0,""block"":10.0,""crit_negation"":0.65}",400,49212,48812,0
27,26,351057,split_spill_rejoin,4,apex_bulwark,Apex Bulwark,Braced Guard,444145,34165,13.0,28.9,46.0,46.0,1628.3789,30317.7174,1394615,3.14,over_band,aegis;fortified,block;armor;crit_negation,"{""armor"":120.0,""block"":11.0,""crit_negation"":0.8}",400,55704,55304,1
27,26,351058,five_way_market,3,chrono_tyrant,Chrono Tyrant,Devious Threat,523601,40277,13.0,28.9,38.0,38.0,1745.8211,28460.4737,1081498,2.0655,over_band,devious;arcane,cleanse_threshold;slow;stun_duration_ms;interrupt_skip_count,"{""cleanse_threshold"":4.0,""interrupt_skip_count"":3.0,""slow"":0.6,""stun_duration_ms"":847.0}",400,65715,65315,3
27,26,351059,woven_boss_approach,3,plague_court,Plague Court,Withering Bloom,636363,48951,13.0,28.9,55.0,55.0,1419.1926,22770.2182,1252362,1.968,over_band,spiteful;hexed,cleanse_threshold;suppress;slow;poison_resistance,"{""cleanse_threshold"":3.0,""poison_resistance"":0.27,""slow"":0.16,""suppress"":0.74}",400,79738,79338,1
27,26,351060,five_way_market,3,plague_court,Plague Court,Spiteful Bloom,359346,27642,13.0,28.9,31.0,31.0,1512.1276,24261.6452,752111,2.093,over_band,spiteful;hexed,cleanse_threshold;suppress;slow;poison_resistance,"{""cleanse_threshold"":3.0,""poison_resistance"":0.33,""slow"":0.17,""suppress"":0.82}",400,45121,44721,1
27,26,351061,hourglass_detour,4,apex_bulwark,Apex Bulwark,Bulwark Guard,480207,36939,13.0,28.9,49.0,49.0,1611.7256,30008.0408,1470394,3.062,over_band,aegis;fortified,block;armor;crit_negation,"{""armor"":120.0,""block"":8.0,""crit_negation"":0.77}",400,60201,59801,1
27,26,351062,elite_orbit,4,chrono_tyrant,Chrono Tyrant,Arcane Enemy,594555,45735,13.0,28.9,44.0,44.0,1504.4554,24525.3864,1079117,1.815,over_band,devious;arcane,interrupt_skip_count;cleanse_threshold;stun_duration_ms;slow,"{""cleanse_threshold"":3.0,""interrupt_skip_count"":3.0,""slow"":0.47,""stun_duration_ms"":604.0}",400,74563,74163,1
27,26,351063,braided_sideboard,4,void_regent,Void Regent,Dimming Acolyte,563303,43331,13.0,28.9,34.0,34.0,1759.4111,32456.2059,1103511,1.959,over_band,nullify;warded,absorb;poison_resistance;suppress,"{""absorb"":8.0,""poison_resistance"":0.5,""suppress"":0.45}",400,70538,70138,0
27,26,351064,braided_sideboard,4,apex_bulwark,Apex Bulwark,Fortified Guard,364338,28026,13.0,28.9,36.0,36.0,1650.2642,30725.8333,1106130,3.036,over_band,aegis;fortified,block;armor;crit_negation,"{""armor"":120.0,""block"":13.0,""crit_negation"":0.56}",400,45715,45315,0
27,26,351065,five_way_market,3,plague_court,Plague Court,Spiteful Seer,404170,31090,13.0,28.9,35.0,35.0,1547.4178,24827.6,868966,2.15,over_band,spiteful;hexed,cleanse_threshold;suppress;slow;poison_resistance,"{""cleanse_threshold"":4.0,""poison_resistance"":0.2,""slow"":0.31,""suppress"":0.89}",400,50729,50329,1
27,26,351066,woven_boss_approach,3,void_regent,Void Regent,Dimming Threat,515229,39633,13.0,28.9,32.0,32.0,1813.7205,33457.6875,1070646,2.078,over_band,nullify;warded,absorb;poison_resistance;suppress,"{""absorb"":15.0,""poison_resistance"":0.5,""suppress"":0.44}",400,64550,64150,0
27,26,351067,five_way_market,3,plague_court,Plague Court,Spiteful Bloom,597012,45924,13.0,28.9,45.0,45.0,1662.0198,26666.5333,1199994,2.01,over_band,spiteful;hexed,cleanse_threshold;suppress;poison_resistance;slow,"{""cleanse_threshold"":3.0,""poison_resistance"":0.27,""slow"":0.16,""suppress"":0.8}",400,74824,74424,1
27,26,351068,hourglass_detour,4,chrono_tyrant,Chrono Tyrant,Devious Enemy,735293,56561,13.0,28.9,58.0,58.0,1553.7618,25329.569,1469115,1.998,over_band,devious;arcane,cleanse_threshold;stun_duration_ms;interrupt_skip_count;slow,"{""cleanse_threshold"":3.0,""interrupt_skip_count"":3.0,""slow"":0.61,""stun_duration_ms"":718.0}",400,92176,91776,2
27,26,351069,five_way_market,3,chrono_tyrant,Chrono Tyrant,Arcane Threat,708422,54494,13.0,28.9,51.0,51.0,1742.0654,28399.3922,1448369,2.0445,over_band,devious;arcane,interrupt_skip_count;stun_duration_ms;slow;cleanse_threshold,"{""cleanse_threshold"":3.0,""interrupt_skip_count"":3.0,""slow"":0.64,""stun_duration_ms"":757.0}",400,88822,88422,2
27,26,351070,hourglass_detour,4,apex_bulwark,Apex Bulwark,Braced Sentinel,379522,29194,13.0,28.9,44.0,44.0,1463.9238,27256.5909,1199290,3.16,over_band,aegis;fortified,block;armor;crit_negation,"{""armor"":120.0,""block"":15.0,""crit_negation"":0.7}",400,47630,47230,1
27,26,351071,braided_sideboard,4,void_regent,Void Regent,Dimming Vessel,505518,38886,13.0,28.9,35.0,35.0,1534.6149,28309.0,990815,1.96,over_band,nullify;warded,absorb;poison_resistance;suppress,"{""absorb"":13.0,""poison_resistance"":0.46,""suppress"":0.38}",400,63324,62924,0
27,26,351072,five_way_market,3,chrono_tyrant,Chrono Tyrant,Devious Monster,650975,50075,13.0,28.9,52.0,52.0,1516.6527,24724.5385,1285676,1.975,over_band,devious;arcane,interrupt_skip_count;stun_duration_ms;slow;cleanse_threshold,"{""cleanse_threshold"":3.0,""interrupt_skip_count"":3.0,""slow"":0.44,""stun_duration_ms"":978.0}",400,81637,81237,2
27,26,351073,braided_sideboard,4,chrono_tyrant,Chrono Tyrant,Arcane Threat,490334,37718,13.0,28.9,45.0,45.0,1439.4174,23465.2,1055934,2.1535,over_band,devious;arcane,stun_duration_ms;slow;interrupt_skip_count;cleanse_threshold,"{""cleanse_threshold"":4.0,""interrupt_skip_count"":3.0,""slow"":0.62,""stun_duration_ms"":987.0}",400,61567,61167,3
27,26,351074,elite_orbit,4,plague_court,Plague Court,Bitter Monster,492362,37874,13.0,28.9,38.0,38.0,1703.9505,27339.0526,1038884,2.11,over_band,spiteful;hexed,cleanse_threshold;suppress;slow;poison_resistance,"{""cleanse_threshold"":3.0,""poison_resistance"":0.35,""slow"":0.19,""suppress"":0.79}",400,61749,61349,1
27,26,351075,elite_orbit,4,chrono_tyrant,Chrono Tyrant,Arcane Enemy,708370,54490,13.0,28.9,50.0,50.0,1750.2702,28533.14,1426657,2.014,over_band,devious;arcane,interrupt_skip_count;cleanse_threshold;stun_duration_ms;slow,"{""cleanse_threshold"":4.0,""interrupt_skip_count"":3.0,""slow"":0.5,""stun_duration_ms"":924.0}",400,88806,88406,2
27,26,351076,five_way_market,3,chrono_tyrant,Chrono Tyrant,Devious Monster,347347,26719,13.0,28.9,30.0,30.0,1498.9445,24435.8667,733076,2.1105,over_band,devious;arcane,interrupt_skip_count;slow;cleanse_threshold;stun_duration_ms,"{""cleanse_threshold"":4.0,""interrupt_skip_count"":3.0,""slow"":0.61,""stun_duration_ms"":919.0}",400,43688,43288,3
27,26,351077,hourglass_detour,4,chrono_tyrant,Chrono Tyrant,Devious Threat,568425,43725,13.0,28.9,45.0,45.0,1571.0292,25610.7111,1152482,2.0275,over_band,devious;arcane,stun_duration_ms;slow;interrupt_skip_count;cleanse_threshold,"{""cleanse_threshold"":4.0,""interrupt_skip_count"":3.0,""slow"":0.5,""stun_duration_ms"":951.0}",400,71315,70915,2
27,26,351078,hourglass_detour,4,apex_bulwark,Apex Bulwark,Fortified Gatekeeper,550407,42339,13.0,28.9,59.0,59.0,1521.2132,28322.6441,1671036,3.036,over_band,aegis;fortified,block;armor;crit_negation,"{""armor"":120.0,""block"":10.0,""crit_negation"":0.66}",400,68973,68573,0
27,26,351079,hourglass_detour,4,apex_bulwark,Apex Bulwark,Bulwark Sentinel,342017,26309,13.0,28.9,38.0,38.0,1492.7906,27793.3684,1056148,3.088,over_band,aegis;fortified,block;armor;crit_negation,"{""armor"":120.0,""block"":15.0,""crit_negation"":0.58}",400,42932,42532,0
27,26,351080,split_spill_rejoin,4,plague_court,Plague Court,Spiteful Monster,434772,33444,13.0,28.9,38.0,38.0,1484.6512,23820.9211,905195,2.082,over_band,spiteful;hexed,cleanse_threshold;suppress;poison_resistance;slow,"{""cleanse_threshold"":4.0,""poison_resistance"":0.26,""slow"":0.23,""suppress"":0.81}",400,54545,54145,1
28,27,361001,split_spill_rejoin,4,chrono_tyrant,Chrono Tyrant,Devious Threat,810460,57890,14.0,31.6,51.0,51.0,1613.9525,28334.3137,1445050,1.783,over_band,devious;arcane,cleanse_threshold;slow;stun_duration_ms;interrupt_skip_count,"{""cleanse_threshold"":4.0,""interrupt_skip_count"":2.0,""slow"":0.44,""stun_duration_ms"":606.0}",400,101526,101126,0
28,27,361002,split_spill_rejoin,4,apex_bulwark,Apex Bulwark,Fortified Monster,394086,28149,14.0,31.6,32.0,32.0,1867.1366,37438.1563,1198021,3.04,over_band,aegis;fortified,block;armor;crit_negation,"{""armor"":120.0,""block"":12.0,""crit_negation"":0.6}",400,49434,49034,0
28,27,361003,elite_orbit,4,plague_court,Plague Court,Withering Threat,612206,43729,14.0,31.6,46.0,46.0,1706.0847,29479.0435,1356036,2.215,over_band,spiteful;hexed,cleanse_threshold;suppress;slow;poison_resistance,"{""cleanse_threshold"":3.0,""poison_resistance"":0.33,""slow"":0.22,""suppress"":0.93}",400,76743,76343,1
28,27,361004,elite_orbit,4,void_regent,Void Regent,Nullifying Vessel,623882,44563,14.0,31.6,35.0,35.0,1646.4805,32709.2286,1144823,1.835,over_band,nullify;warded,absorb;poison_resistance;suppress,"{""absorb"":10.0,""poison_resistance"":0.41,""suppress"":0.35}",400,78103,77703,0
28,27,361005,braided_sideboard,4,chrono_tyrant,Chrono Tyrant,Arcane Enemy,936712,66908,14.0,31.6,53.0,53.0,1974.1513,34658.3396,1836892,1.961,over_band,devious;arcane,cleanse_threshold;stun_duration_ms;interrupt_skip_count;slow,"{""cleanse_threshold"":4.0,""interrupt_skip_count"":2.0,""slow"":0.56,""stun_duration_ms"":746.0}",400,117326,116926,0
28,27,361006,five_way_market,3,plague_court,Plague Court,Withering Threat,560252,40018,14.0,31.6,39.0,39.0,1651.133,28529.7436,1112660,1.986,over_band,spiteful;hexed,cleanse_threshold;suppress;slow;poison_resistance,"{""cleanse_threshold"":3.0,""poison_resistance"":0.2,""slow"":0.25,""suppress"":0.75}",400,70231,69831,1
28,27,361007,elite_orbit,4,apex_bulwark,Apex Bulwark,Fortified Monster,385854,27561,14.0,31.6,34.0,34.0,1752.3028,35135.4118,1194604,3.096,over_band,aegis;fortified,block;armor;crit_negation,"{""armor"":120.0,""block"":16.0,""crit_negation"":0.56}",400,48413,48013,0
28,27,361008,split_spill_rejoin,4,plague_court,Plague Court,Spiteful Seer,704676,50334,14.0,31.6,51.0,51.0,1641.7018,28366.6667,1446700,2.053,over_band,spiteful;hexed,cleanse_threshold;suppress;poison_resistance;slow,"{""cleanse_threshold"":4.0,""poison_resistance"":0.33,""slow"":0.19,""suppress"":0.72}",400,88276,87876,1
28,27,361009,elite_orbit,4,apex_bulwark,Apex Bulwark,Braced Gatekeeper,455014,32501,14.0,31.6,37.0,37.0,1930.7386,38713.0811,1432384,3.148,over_band,aegis;fortified,block;armor;crit_negation,"{""armor"":120.0,""block"":15.0,""crit_negation"":0.68}",400,57065,56665,1
28,27,361010,elite_orbit,4,apex_bulwark,Apex Bulwark,Fortified Monster,333466,23819,14.0,31.6,32.0,32.0,1575.8007,31595.9063,1011069,3.032,over_band,aegis;fortified,block;armor;crit_negation,"{""armor"":120.0,""block"":8.0,""crit_negation"":0.72}",400,41854,41454,1
28,27,361011,split_spill_rejoin,4,void_regent,Void Regent,Nullifying Enemy,471744,33696,14.0,31.6,31.0,31.0,1561.1446,31013.3548,961414,2.038,over_band,nullify;warded,absorb;poison_resistance;suppress,"{""absorb"":9.0,""poison_resistance"":0.54,""suppress"":0.48}",400,59100,58700,0
28,27,361012,five_way_market,3,apex_bulwark,Apex Bulwark,Shielded Enemy,391902,27993,14.0,31.6,36.0,36.0,1692.8585,33943.0556,1221950,3.118,over_band,aegis;fortified,block;armor;crit_negation,"{""armor"":120.0,""block"":12.0,""crit_negation"":0.73}",400,49171,48771,1
28,27,361013,elite_orbit,4,void_regent,Void Regent,Warded Acolyte,1009428,72102,14.0,31.6,56.0,56.0,1841.0276,36573.7321,2048129,2.029,over_band,nullify;warded,absorb;poison_resistance;suppress,"{""absorb"":13.0,""poison_resistance"":0.48,""suppress"":0.45}",400,126319,125919,0
28,27,361014,split_spill_rejoin,4,plague_court,Plague Court,Spiteful Hexbearer,536732,38338,14.0,31.6,39.0,39.0,1629.608,28157.7949,1098154,2.046,over_band,spiteful;hexed,cleanse_threshold;suppress;poison_resistance;slow,"{""cleanse_threshold"":4.0,""poison_resistance"":0.27,""slow"":0.28,""suppress"":0.68}",400,67285,66885,1
28,27,361015,woven_boss_approach,3,apex_bulwark,Apex Bulwark,Bulwark Enemy,577066,41219,14.0,31.6,56.0,56.0,1630.1863,32686.6607,1830453,3.172,over_band,aegis;fortified,block;armor;crit_negation,"{""armor"":120.0,""block"":15.0,""crit_negation"":0.72}",400,72325,71925,1
28,27,361016,split_spill_rejoin,4,chrono_tyrant,Chrono Tyrant,Devious Threat,665756,47554,14.0,31.6,37.0,37.0,1955.544,34331.4054,1270262,1.908,over_band,devious;arcane,stun_duration_ms;slow;interrupt_skip_count;cleanse_threshold,"{""cleanse_threshold"":3.0,""interrupt_skip_count"":3.0,""slow"":0.43,""stun_duration_ms"":862.0}",400,83477,83077,2
28,27,361017,split_spill_rejoin,4,chrono_tyrant,Chrono Tyrant,Arcane Monster,693406,49529,14.0,31.6,37.0,37.0,1939.6232,34051.8649,1259919,1.817,over_band,devious;arcane,slow;stun_duration_ms;cleanse_threshold;interrupt_skip_count,"{""cleanse_threshold"":4.0,""interrupt_skip_count"":3.0,""slow"":0.36,""stun_duration_ms"":782.0}",400,86915,86515,1
28,27,361018,woven_boss_approach,3,apex_bulwark,Apex Bulwark,Shielded Sentinel,474908,33922,14.0,31.6,45.0,45.0,1642.1958,32926.9556,1481713,3.12,over_band,aegis;fortified,block;armor;crit_negation,"{""armor"":120.0,""block"":10.0,""crit_negation"":0.8}",400,59547,59147,1
28,27,361019,elite_orbit,4,plague_court,Plague Court,Hexed Threat,449764,32126,14.0,31.6,30.0,30.0,1779.5938,30748.8667,922466,2.051,over_band,spiteful;hexed,cleanse_threshold;suppress;poison_resistance;slow,"{""cleanse_threshold"":4.0,""poison_resistance"":0.2,""slow"":0.27,""suppress"":0.8}",400,56418,56018,1
28,27,361020,split_spill_rejoin,4,apex_bulwark,Apex Bulwark,Shielded Enemy,656278,46877,14.0,31.6,59.0,59.0,1702.0002,34126.4576,2013461,3.068,over_band,aegis;fortified,block;armor;crit_negation,"{""armor"":120.0,""block"":8.0,""crit_negation"":0.78}",400,82210,81810,1
28,27,361021,hourglass_detour,4,chrono_tyrant,Chrono Tyrant,Devious Enemy,524510,37465,14.0,31.6,31.0,31.0,1914.0388,33602.4839,1041677,1.986,over_band,devious;arcane,stun_duration_ms;interrupt_skip_count;cleanse_threshold;slow,"{""cleanse_threshold"":4.0,""interrupt_skip_count"":2.0,""slow"":0.49,""stun_duration_ms"":922.0}",400,65805,65405,1
28,27,361022,five_way_market,3,void_regent,Void Regent,Dimming Enemy,850570,60755,14.0,31.6,48.0,48.0,1845.5069,36663.1042,1759829,2.069,over_band,nullify;warded,absorb;poison_resistance;suppress,"{""absorb"":14.0,""poison_resistance"":0.46,""suppress"":0.51}",400,106468,106068,0
28,27,361023,braided_sideboard,4,chrono_tyrant,Chrono Tyrant,Devious Monster,766752,54768,14.0,31.6,46.0,46.0,1898.8871,33337.0435,1533504,2.0,over_band,devious;arcane,interrupt_skip_count;stun_duration_ms;slow;cleanse_threshold,"{""cleanse_threshold"":4.0,""interrupt_skip_count"":3.0,""slow"":0.47,""stun_duration_ms"":950.0}",400,96103,95703,2
28,27,361024,five_way_market,3,chrono_tyrant,Chrono Tyrant,Arcane Threat,1023092,73078,14.0,31.6,59.0,59.0,1958.1805,34377.6271,2028280,1.9825,over_band,devious;arcane,stun_duration_ms;cleanse_threshold;interrupt_skip_count;slow,"{""cleanse_threshold"":4.0,""interrupt_skip_count"":2.0,""slow"":0.62,""stun_duration_ms"":681.0}",400,128126,127726,1
28,27,361025,braided_sideboard,4,chrono_tyrant,Chrono Tyrant,Arcane Enemy,882098,63007,14.0,31.6,53.0,53.0,1874.2317,32903.9245,1743908,1.977,over_band,devious;arcane,interrupt_skip_count;cleanse_threshold;stun_duration_ms;slow,"{""cleanse_threshold"":4.0,""interrupt_skip_count"":3.0,""slow"":0.63,""stun_duration_ms"":616.0}",400,110516,110116,2
28,27,361026,braided_sideboard,4,plague_court,Plague Court,Spiteful Threat,691180,49370,14.0,31.6,45.0,45.0,1847.1693,31917.1556,1436272,2.078,over_band,spiteful;hexed,cleanse_threshold;suppress;poison_resistance;slow,"{""cleanse_threshold"":3.0,""poison_resistance"":0.22,""slow"":0.19,""suppress"":0.93}",400,86606,86206,1
28,27,361027,split_spill_rejoin,4,void_regent,Void Regent,Hollow Monster,1044820,74630,14.0,31.6,57.0,57.0,1932.1197,38383.386,2187853,2.094,over_band,nullify;warded,absorb;poison_resistance;suppress,"{""absorb"":14.0,""poison_resistance"":0.59,""suppress"":0.36}",400,130745,130345,0
28,27,361028,hourglass_detour,4,chrono_tyrant,Chrono Tyrant,Arcane Monster,503874,35991,14.0,31.6,32.0,32.0,1845.3922,32397.5313,1036721,2.0575,over_band,devious;arcane,interrupt_skip_count;stun_duration_ms;slow;cleanse_threshold,"{""cleanse_threshold"":3.0,""interrupt_skip_count"":2.0,""slow"":0.55,""stun_duration_ms"":981.0}",400,63241,62841,1
28,27,361029,braided_sideboard,4,chrono_tyrant,Chrono Tyrant,Devious Threat,754992,53928,14.0,31.6,49.0,49.0,1555.181,27302.9796,1337846,1.772,over_band,devious;arcane,stun_duration_ms;slow;interrupt_skip_count;cleanse_threshold,"{""cleanse_threshold"":4.0,""interrupt_skip_count"":2.0,""slow"":0.36,""stun_duration_ms"":728.0}",400,94592,94192,0
28,27,361030,hourglass_detour,4,plague_court,Plague Court,Hexed Seer,486542,34753,14.0,31.6,37.0,37.0,1544.162,26680.9189,987194,2.029,over_band,spiteful;hexed,cleanse_threshold;suppress;poison_resistance;slow,"{""cleanse_threshold"":4.0,""poison_resistance"":0.21,""slow"":0.32,""suppress"":0.69}",400,61012,60612,1
28,27,361031,split_spill_rejoin,4,plague_court,Plague Court,Withering Monster,647206,46229,14.0,31.6,50.0,50.0,1561.2063,26975.54,1348777,2.084,over_band,spiteful;hexed,cleanse_threshold;suppress;slow;poison_resistance,"{""cleanse_threshold"":4.0,""poison_resistance"":0.26,""slow"":0.24,""suppress"":0.8}",400,81099,80699,1
28,27,361032,braided_sideboard,4,chrono_tyrant,Chrono Tyrant,Devious Threat,567994,40571,14.0,31.6,32.0,32.0,1888.1125,33147.7813,1060729,1.8675,over_band,devious;arcane,interrupt_skip_count;stun_duration_ms;slow;cleanse_threshold,"{""cleanse_threshold"":4.0,""interrupt_skip_count"":2.0,""slow"":0.37,""stun_duration_ms"":901.0}",400,71228,70828,1
28,27,361033,hourglass_detour,4,apex_bulwark,Apex Bulwark,Braced Sentinel,642796,45914,14.0,31.6,53.0,53.0,1827.9139,36651.5094,1942530,3.022,over_band,aegis;fortified,block;armor;crit_negation,"{""armor"":120.0,""block"":9.0,""crit_negation"":0.67}",400,80520,80120,1
28,27,361034,split_spill_rejoin,4,chrono_tyrant,Chrono Tyrant,Arcane Enemy,669004,47786,14.0,31.6,39.0,39.0,1851.125,32498.1538,1267428,1.8945,over_band,devious;arcane,slow;stun_duration_ms;interrupt_skip_count;cleanse_threshold,"{""cleanse_threshold"":4.0,""interrupt_skip_count"":3.0,""slow"":0.4,""stun_duration_ms"":865.0}",400,83874,83474,2
28,27,361035,hourglass_detour,4,apex_bulwark,Apex Bulwark,Bulwark Sentinel,648046,46289,14.0,31.6,56.0,56.0,1771.8583,35526.8036,1989501,3.07,over_band,aegis;fortified,block;armor;crit_negation,"{""armor"":120.0,""block"":9.0,""crit_negation"":0.75}",400,81182,80782,1
28,27,361036,split_spill_rejoin,4,apex_bulwark,Apex Bulwark,Braced Gatekeeper,361116,25794,14.0,31.6,36.0,36.0,1591.8933,31918.6389,1149071,3.182,over_band,aegis;fortified,block;armor;crit_negation,"{""armor"":120.0,""block"":14.0,""crit_negation"":0.77}",400,45333,44933,1
28,27,361037,hourglass_detour,4,chrono_tyrant,Chrono Tyrant,Arcane Enemy,711116,50794,14.0,31.6,48.0,48.0,1756.9188,30844.6667,1480544,2.082,over_band,devious;arcane,stun_duration_ms;cleanse_threshold;interrupt_skip_count;slow,"{""cleanse_threshold"":3.0,""interrupt_skip_count"":2.0,""slow"":0.59,""stun_duration_ms"":958.0}",400,89148,88748,2
28,27,361038,woven_boss_approach,3,plague_court,Plague Court,Bitter Enemy,572754,40911,14.0,31.6,38.0,38.0,1732.4049,29933.9211,1137489,1.986,over_band,spiteful;hexed,cleanse_threshold;suppress;slow;poison_resistance,"{""cleanse_threshold"":3.0,""poison_resistance"":0.2,""slow"":0.25,""suppress"":0.75}",400,71793,71393,1
28,27,361039,braided_sideboard,4,plague_court,Plague Court,Hexed Monster,596722,42623,14.0,31.6,45.0,45.0,1595.5116,27568.5556,1240585,2.079,over_band,spiteful;hexed,cleanse_threshold;suppress;poison_resistance;slow,"{""cleanse_threshold"":3.0,""poison_resistance"":0.3,""slow"":0.18,""suppress"":0.83}",400,74793,74393,1
28,27,361040,braided_sideboard,4,apex_bulwark,Apex Bulwark,Shielded Enemy,367010,26215,14.0,31.6,35.0,35.0,1583.5478,31751.6,1111306,3.028,over_band,aegis;fortified,block;armor;crit_negation,"{""armor"":120.0,""block"":12.0,""crit_negation"":0.58}",400,46047,45647,0
28,27,361041,split_spill_rejoin,4,plague_court,Plague Court,Hexed Enemy,959434,68531,14.0,31.6,58.0,58.0,1822.7976,31495.8966,1826762,1.904,over_band,spiteful;hexed,cleanse_threshold;suppress;poison_resistance;slow,"{""cleanse_threshold"":4.0,""poison_resistance"":0.23,""slow"":0.19,""suppress"":0.65}",400,120109,119709,0
28,27,361042,elite_orbit,4,apex_bulwark,Apex Bulwark,Braced Monster,554232,39588,14.0,31.6,46.0,46.0,1820.7398,36507.0217,1679323,3.03,over_band,aegis;fortified,block;armor;crit_negation,"{""armor"":120.0,""block"":10.0,""crit_negation"":0.65}",400,69450,69050,0
28,27,361043,braided_sideboard,4,void_regent,Void Regent,Hollow Enemy,843038,60217,14.0,31.6,58.0,58.0,1541.6158,30625.5345,1776281,2.107,over_band,nullify;warded,absorb;poison_resistance;suppress,"{""absorb"":13.0,""poison_resistance"":0.53,""suppress"":0.49}",400,105526,105126,0
28,27,361044,split_spill_rejoin,4,plague_court,Plague Court,Bitter Threat,754684,53906,14.0,31.6,55.0,55.0,1757.4067,30365.7455,1670116,2.213,over_band,spiteful;hexed,cleanse_threshold;slow;suppress;poison_resistance,"{""cleanse_threshold"":3.0,""poison_resistance"":0.37,""slow"":0.29,""suppress"":0.78}",400,94549,94149,1
28,27,361045,elite_orbit,4,chrono_tyrant,Chrono Tyrant,Devious Monster,873152,62368,14.0,31.6,60.0,60.0,1591.9454,27948.1333,1676888,1.9205,over_band,devious;arcane,stun_duration_ms;slow;cleanse_threshold;interrupt_skip_count,"{""cleanse_threshold"":3.0,""interrupt_skip_count"":2.0,""slow"":0.55,""stun_duration_ms"":707.0}",400,109384,108984,0
28,27,361046,five_way_market,3,plague_court,Plague Court,Spiteful Seer,879200,62800,14.0,31.6,55.0,55.0,1878.059,32450.4727,1784776,2.03,over_band,spiteful;hexed,cleanse_threshold;suppress;poison_resistance;slow,"{""cleanse_threshold"":4.0,""poison_resistance"":0.22,""slow"":0.24,""suppress"":0.78}",400,110095,109695,1
28,27,361047,split_spill_rejoin,4,void_regent,Void Regent,Dimming Acolyte,888006,63429,14.0,31.6,57.0,57.0,1607.6358,31937.0526,1820412,2.05,over_band,nullify;warded,absorb;poison_resistance;suppress,"{""absorb"":14.0,""poison_resistance"":0.49,""suppress"":0.44}",400,111143,110743,0
28,27,361048,woven_boss_approach,3,chrono_tyrant,Chrono Tyrant,Devious Threat,853258,60947,14.0,31.6,50.0,50.0,1908.1184,33498.9,1674945,1.963,over_band,devious;arcane,interrupt_skip_count;stun_duration_ms;slow;cleanse_threshold,"{""cleanse_threshold"":3.0,""interrupt_skip_count"":3.0,""slow"":0.38,""stun_duration_ms"":1062.0}",400,106921,106521,2
28,27,361049,woven_boss_approach,3,void_regent,Void Regent,Dimming Keeper,815752,58268,14.0,31.6,50.0,50.0,1695.0712,33674.24,1683712,2.064,over_band,nullify;warded,absorb;poison_resistance;suppress,"{""absorb"":15.0,""poison_resistance"":0.5,""suppress"":0.42}",400,102114,101714,0
28,27,361050,split_spill_rejoin,4,void_regent,Void Regent,Nullifying Monster,872606,62329,14.0,31.6,52.0,52.0,1741.7693,34602.1923,1799314,2.062,over_band,nullify;warded,absorb;poison_resistance;suppress,"{""absorb"":15.0,""poison_resistance"":0.47,""suppress"":0.46}",400,109222,108822,0
28,27,361051,woven_boss_approach,3,plague_court,Plague Court,Hexed Monster,801024,57216,14.0,31.6,51.0,51.0,1951.6061,33721.549,1719799,2.147,over_band,spiteful;hexed,cleanse_threshold;poison_resistance;suppress;slow,"{""cleanse_threshold"":3.0,""poison_resistance"":0.33,""slow"":0.23,""suppress"":0.82}",400,100337,99937,1
28,27,361052,hourglass_detour,4,apex_bulwark,Apex Bulwark,Bulwark Gatekeeper,712544,50896,14.0,31.6,56.0,56.0,1950.718,39113.5714,2190360,3.074,over_band,aegis;fortified,block;armor;crit_negation,"{""armor"":120.0,""block"":11.0,""crit_negation"":0.69}",400,89245,88845,1
28,27,361053,five_way_market,3,void_regent,Void Regent,Nullifying Threat,717682,51263,14.0,31.6,35.0,35.0,2013.7936,40005.6571,1400198,1.951,over_band,nullify;warded,absorb;poison_resistance;suppress,"{""absorb"":8.0,""poison_resistance"":0.45,""suppress"":0.51}",400,89837,89437,0
28,27,361054,elite_orbit,4,plague_court,Plague Court,Withering Seer,492632,35188,14.0,31.6,37.0,37.0,1695.9951,29304.9459,1084283,2.201,over_band,spiteful;hexed,cleanse_threshold;poison_resistance;suppress;slow,"{""cleanse_threshold"":3.0,""poison_resistance"":0.38,""slow"":0.25,""suppress"":0.8}",400,61791,61391,1
28,27,361055,woven_boss_approach,3,chrono_tyrant,Chrono Tyrant,Devious Threat,417494,29821,14.0,31.6,30.0,30.0,1621.0674,28459.1667,853775,2.045,over_band,devious;arcane,slow;stun_duration_ms;interrupt_skip_count;cleanse_threshold,"{""cleanse_threshold"":3.0,""interrupt_skip_count"":2.0,""slow"":0.62,""stun_duration_ms"":830.0}",400,52441,52041,2
28,27,361056,split_spill_rejoin,4,plague_court,Plague Court,Bitter Hexbearer,596568,42612,14.0,31.6,35.0,35.0,1843.7033,31856.7429,1114986,1.869,over_band,spiteful;hexed,cleanse_threshold;suppress;poison_resistance;slow,"{""cleanse_threshold"":3.0,""poison_resistance"":0.22,""slow"":0.16,""suppress"":0.67}",400,74755,74355,0
28,27,361057,hourglass_detour,4,plague_court,Plague Court,Bitter Monster,614292,43878,14.0,31.6,44.0,44.0,1708.908,29527.9091,1299228,2.115,over_band,spiteful;hexed,cleanse_threshold;suppress;poison_resistance;slow,"{""cleanse_threshold"":3.0,""poison_resistance"":0.26,""slow"":0.21,""suppress"":0.9}",400,76996,76596,1
28,27,361058,split_spill_rejoin,4,chrono_tyrant,Chrono Tyrant,Arcane Threat,954380,68170,14.0,31.6,58.0,58.0,1911.0995,33551.3966,1945981,2.039,over_band,devious;arcane,slow;interrupt_skip_count;stun_duration_ms;cleanse_threshold,"{""cleanse_threshold"":4.0,""interrupt_skip_count"":3.0,""slow"":0.49,""stun_duration_ms"":992.0}",400,119562,119162,2
28,27,361059,hourglass_detour,4,chrono_tyrant,Chrono Tyrant,Arcane Enemy,544068,38862,14.0,31.6,35.0,35.0,1717.7463,30156.9143,1055492,1.94,over_band,devious;arcane,interrupt_skip_count;cleanse_threshold;stun_duration_ms;slow,"{""cleanse_threshold"":3.0,""interrupt_skip_count"":3.0,""slow"":0.58,""stun_duration_ms"":656.0}",400,68266,67866,2
28,27,361060,braided_sideboard,4,apex_bulwark,Apex Bulwark,Braced Monster,372176,26584,14.0,31.6,34.0,34.0,1728.4075,34656.1471,1178309,3.166,over_band,aegis;fortified,block;armor;crit_negation,"{""armor"":120.0,""block"":15.0,""crit_negation"":0.71}",400,46713,46313,1
28,27,361061,braided_sideboard,4,plague_court,Plague Court,Withering Enemy,895328,63952,14.0,31.6,60.0,60.0,1764.3543,30485.9167,1829155,2.043,over_band,spiteful;hexed,cleanse_threshold;suppress;poison_resistance;slow,"{""cleanse_threshold"":4.0,""poison_resistance"":0.2,""slow"":0.23,""suppress"":0.84}",400,112114,111714,1
28,27,361062,braided_sideboard,4,void_regent,Void Regent,Dimming Vessel,988288,70592,14.0,31.6,59.0,59.0,1699.8657,33769.3051,1992389,2.016,over_band,nullify;warded,absorb;poison_resistance;suppress,"{""absorb"":16.0,""poison_resistance"":0.49,""suppress"":0.34}",400,123677,123277,0
28,27,361063,hourglass_detour,4,apex_bulwark,Apex Bulwark,Bulwark Monster,396088,28292,14.0,31.6,36.0,36.0,1706.5235,34217.6111,1231834,3.11,over_band,aegis;fortified,block;armor;crit_negation,"{""armor"":120.0,""block"":14.0,""crit_negation"":0.65}",400,49694,49294,0
28,27,361064,braided_sideboard,4,apex_bulwark,Apex Bulwark,Fortified Sentinel,578550,41325,14.0,31.6,45.0,45.0,1901.8093,38132.8667,1715979,2.966,over_band,aegis;fortified,block;armor;crit_negation,"{""armor"":120.0,""block"":8.0,""crit_negation"":0.61}",400,72481,72081,0
28,27,361065,five_way_market,3,apex_bulwark,Apex Bulwark,Braced Sentinel,392532,28038,14.0,31.6,36.0,36.0,1751.0285,35109.8056,1263953,3.22,over_band,aegis;fortified,block;armor;crit_negation,"{""armor"":120.0,""block"":15.0,""crit_negation"":0.8}",400,49265,48865,1
28,27,361066,elite_orbit,4,plague_court,Plague Court,Bitter Seer,577416,41244,14.0,31.6,39.0,39.0,1837.1202,31743.0769,1237980,2.144,over_band,spiteful;hexed,cleanse_threshold;suppress;poison_resistance;slow,"{""cleanse_threshold"":4.0,""poison_resistance"":0.37,""slow"":0.2,""suppress"":0.78}",400,72376,71976,1
28,27,361067,elite_orbit,4,chrono_tyrant,Chrono Tyrant,Devious Enemy,492898,35207,14.0,31.6,37.0,37.0,1604.4865,28168.4595,1042233,2.1145,over_band,devious;arcane,interrupt_skip_count;cleanse_threshold;slow;stun_duration_ms,"{""cleanse_threshold"":3.0,""interrupt_skip_count"":2.0,""slow"":0.63,""stun_duration_ms"":951.0}",400,61874,61474,2
28,27,361068,elite_orbit,4,apex_bulwark,Apex Bulwark,Bulwark Monster,459690,32835,14.0,31.6,35.0,35.0,1952.0091,39139.3143,1369876,2.98,over_band,aegis;fortified,block;armor;crit_negation,"{""armor"":120.0,""block"":9.0,""crit_negation"":0.6}",400,57625,57225,0
28,27,361069,elite_orbit,4,void_regent,Void Regent,Nullifying Vessel,570038,40717,14.0,31.6,34.0,34.0,1688.7377,33548.4118,1140646,2.001,over_band,nullify;warded,absorb;poison_resistance;suppress,"{""absorb"":12.0,""poison_resistance"":0.47,""suppress"":0.45}",400,71390,70990,0
28,27,361070,woven_boss_approach,3,void_regent,Void Regent,Warded Acolyte,875448,62532,14.0,31.6,46.0,46.0,1844.1414,36635.587,1685237,1.925,over_band,nullify;warded,absorb;poison_resistance;suppress,"{""absorb"":15.0,""poison_resistance"":0.41,""suppress"":0.35}",400,109565,109165,0
28,27,361071,split_spill_rejoin,4,chrono_tyrant,Chrono Tyrant,Devious Monster,858732,61338,14.0,31.6,58.0,58.0,1609.934,28264.1207,1639319,1.909,over_band,devious;arcane,interrupt_skip_count;stun_duration_ms;cleanse_threshold;slow,"{""cleanse_threshold"":4.0,""interrupt_skip_count"":3.0,""slow"":0.47,""stun_duration_ms"":768.0}",400,107590,107190,1
28,27,361072,braided_sideboard,4,void_regent,Void Regent,Warded Enemy,763616,54544,14.0,31.6,38.0,38.0,2000.8072,39748.2105,1510432,1.978,over_band,nullify;warded,absorb;poison_resistance;suppress,"{""absorb"":11.0,""poison_resistance"":0.43,""suppress"":0.5}",400,95586,95186,0
28,27,361073,woven_boss_approach,3,void_regent,Void Regent,Dimming Keeper,792512,56608,14.0,31.6,46.0,46.0,1708.4621,33940.1957,1561249,1.97,over_band,nullify;warded,absorb;poison_resistance;suppress,"{""absorb"":9.0,""poison_resistance"":0.57,""suppress"":0.34}",400,99188,98788,0
28,27,361074,braided_sideboard,4,void_regent,Void Regent,Warded Acolyte,647682,46263,14.0,31.6,34.0,34.0,1900.5218,37756.0588,1283706,1.982,over_band,nullify;warded,absorb;poison_resistance;suppress,"{""absorb"":13.0,""poison_resistance"":0.44,""suppress"":0.44}",400,81097,80697,0
28,27,361075,hourglass_detour,4,plague_court,Plague Court,Spiteful Bloom,722764,51626,14.0,31.6,48.0,48.0,1667.0776,28805.1667,1382648,1.913,over_band,spiteful;hexed,cleanse_threshold;suppress;slow;poison_resistance,"{""cleanse_threshold"":3.0,""poison_resistance"":0.24,""slow"":0.21,""suppress"":0.64}",400,90534,90134,0
28,27,361076,elite_orbit,4,apex_bulwark,Apex Bulwark,Bulwark Sentinel,514668,36762,14.0,31.6,51.0,51.0,1562.2537,31324.098,1597529,3.104,over_band,aegis;fortified,block;armor;crit_negation,"{""armor"":120.0,""block"":11.0,""crit_negation"":0.74}",400,64515,64115,1
28,27,361077,split_spill_rejoin,4,apex_bulwark,Apex Bulwark,Fortified Sentinel,380660,27190,14.0,31.6,30.0,30.0,1920.0135,38497.4,1154922,3.034,over_band,aegis;fortified,block;armor;crit_negation,"{""armor"":120.0,""block"":12.0,""crit_negation"":0.59}",400,47755,47355,0
28,27,361078,elite_orbit,4,void_regent,Void Regent,Warded Threat,926534,66181,14.0,31.6,49.0,49.0,1952.1905,38782.0612,1900321,2.051,over_band,nullify;warded,absorb;poison_resistance;suppress,"{""absorb"":11.0,""poison_resistance"":0.58,""suppress"":0.39}",400,115950,115550,0
28,27,361079,split_spill_rejoin,4,chrono_tyrant,Chrono Tyrant,Devious Monster,821562,58683,14.0,31.6,49.0,49.0,1923.9118,33776.2653,1655037,2.0145,over_band,devious;arcane,slow;stun_duration_ms;cleanse_threshold;interrupt_skip_count,"{""cleanse_threshold"":4.0,""interrupt_skip_count"":3.0,""slow"":0.55,""stun_duration_ms"":835.0}",400,102955,102555,2
28,27,361080,braided_sideboard,4,apex_bulwark,Apex Bulwark,Fortified Threat,328370,23455,14.0,31.6,31.0,31.0,1611.2878,32307.3548,1001528,3.05,over_band,aegis;fortified,block;armor;crit_negation,"{""armor"":120.0,""block"":14.0,""crit_negation"":0.55}",400,41221,40821,0
29,28,371001,elite_orbit,4,chrono_tyrant,Chrono Tyrant,Arcane Monster,779520,51968,15.0,34.3,50.0,50.0,1718.602,32326.7,1616335,2.0735,over_band,devious;arcane,stun_duration_ms;cleanse_threshold;slow;interrupt_skip_count,"{""cleanse_threshold"":4.0,""interrupt_skip_count"":2.0,""slow"":0.52,""stun_duration_ms"":1043.0}",400,97692,97292,1
29,28,371002,hourglass_detour,4,plague_court,Plague Court,Hexed Seer,887985,59199,15.0,34.3,52.0,52.0,2134.4729,39515.3269,2054797,2.314,over_band,spiteful;hexed,cleanse_threshold;suppress;poison_resistance;slow,"{""cleanse_threshold"":3.0,""poison_resistance"":0.37,""slow"":0.27,""suppress"":0.95}",400,111222,110822,1
29,28,371003,split_spill_rejoin,4,chrono_tyrant,Chrono Tyrant,Arcane Monster,614175,40945,15.0,34.3,31.0,31.0,2147.6523,40396.871,1252303,2.039,over_band,devious;arcane,stun_duration_ms;cleanse_threshold;interrupt_skip_count;slow,"{""cleanse_threshold"":4.0,""interrupt_skip_count"":2.0,""slow"":0.59,""stun_duration_ms"":848.0}",400,77018,76618,2
29,28,371004,woven_boss_approach,3,plague_court,Plague Court,Bitter Enemy,550110,36674,15.0,34.3,32.0,32.0,2082.8071,38559.2813,1233897,2.243,over_band,spiteful;hexed,cleanse_threshold;poison_resistance;suppress;slow,"{""cleanse_threshold"":3.0,""poison_resistance"":0.34,""slow"":0.31,""suppress"":0.84}",400,68982,68582,1
29,28,371005,split_spill_rejoin,4,void_regent,Void Regent,Nullifying Monster,1133115,75541,15.0,34.3,51.0,51.0,2030.2607,43213.902,2203909,1.945,over_band,nullify;warded,absorb;poison_resistance;suppress,"{""absorb"":12.0,""poison_resistance"":0.47,""suppress"":0.37}",400,141768,141368,0
29,28,371006,hourglass_detour,4,apex_bulwark,Apex Bulwark,Fortified Gatekeeper,724605,48307,15.0,34.3,57.0,57.0,1782.3281,38289.6491,2182510,3.012,over_band,aegis;fortified,block;armor;crit_negation,"{""armor"":120.0,""block"":10.0,""crit_negation"":0.62}",400,90745,90345,0
29,28,371007,elite_orbit,4,plague_court,Plague Court,Withering Enemy,783570,52238,15.0,34.3,48.0,48.0,1881.7258,34836.2083,1672138,2.134,over_band,spiteful;hexed,cleanse_threshold;suppress;poison_resistance;slow,"{""cleanse_threshold"":3.0,""poison_resistance"":0.2,""slow"":0.29,""suppress"":0.91}",400,98160,97760,1
29,28,371008,woven_boss_approach,3,apex_bulwark,Apex Bulwark,Fortified Threat,439770,29318,15.0,34.3,37.0,37.0,1748.3284,37558.7297,1389673,3.16,over_band,aegis;fortified,block;armor;crit_negation,"{""armor"":120.0,""block"":15.0,""crit_negation"":0.7}",400,55161,54761,1
29,28,371009,five_way_market,3,plague_court,Plague Court,Bitter Enemy,700830,46722,15.0,34.3,39.0,39.0,1825.8105,33801.5641,1318261,1.881,over_band,spiteful;hexed,cleanse_threshold;suppress;poison_resistance;slow,"{""cleanse_threshold"":3.0,""poison_resistance"":0.24,""slow"":0.19,""suppress"":0.62}",400,87788,87388,0
29,28,371010,split_spill_rejoin,4,apex_bulwark,Apex Bulwark,Braced Threat,387195,25813,15.0,34.3,30.0,30.0,1802.2996,38719.5,1161585,3.0,over_band,aegis;fortified,block;armor;crit_negation,"{""armor"":120.0,""block"":10.0,""crit_negation"":0.6}",400,48566,48166,0
29,28,371011,elite_orbit,4,plague_court,Plague Court,Hexed Hexbearer,1098225,73215,15.0,34.3,59.0,59.0,1960.633,36297.2712,2141539,1.95,over_band,spiteful;hexed,cleanse_threshold;suppress;poison_resistance;slow,"{""cleanse_threshold"":4.0,""poison_resistance"":0.28,""slow"":0.17,""suppress"":0.67}",400,137460,137060,0
29,28,371012,woven_boss_approach,3,plague_court,Plague Court,Withering Monster,541155,36077,15.0,34.3,32.0,32.0,1969.4634,36460.3125,1166730,2.156,over_band,spiteful;hexed,cleanse_threshold;suppress;slow;poison_resistance,"{""cleanse_threshold"":3.0,""poison_resistance"":0.33,""slow"":0.17,""suppress"":0.91}",400,67854,67454,1
29,28,371013,five_way_market,3,chrono_tyrant,Chrono Tyrant,Devious Monster,550920,36728,15.0,34.3,31.0,31.0,1821.0699,34254.7742,1061898,1.9275,over_band,devious;arcane,slow;cleanse_threshold;interrupt_skip_count;stun_duration_ms,"{""cleanse_threshold"":3.0,""interrupt_skip_count"":3.0,""slow"":0.58,""stun_duration_ms"":631.0}",400,69121,68721,2
29,28,371014,woven_boss_approach,3,void_regent,Void Regent,Warded Monster,627405,41827,15.0,34.3,34.0,34.0,1841.4168,39194.3529,1332608,2.124,over_band,nullify;warded,absorb;poison_resistance;suppress,"{""absorb"":16.0,""poison_resistance"":0.57,""suppress"":0.38}",400,78575,78175,0
29,28,371015,braided_sideboard,4,apex_bulwark,Apex Bulwark,Bulwark Guard,452145,30143,15.0,34.3,36.0,36.0,1739.8778,37377.3333,1345584,2.976,over_band,aegis;fortified,block;armor;crit_negation,"{""armor"":120.0,""block"":10.0,""crit_negation"":0.56}",400,56682,56282,0
29,28,371016,woven_boss_approach,3,plague_court,Plague Court,Withering Hexbearer,582240,38816,15.0,34.3,38.0,38.0,1719.8261,31839.3421,1209895,2.078,over_band,spiteful;hexed,cleanse_threshold;suppress;poison_resistance;slow,"{""cleanse_threshold"":4.0,""poison_resistance"":0.23,""slow"":0.22,""suppress"":0.86}",400,72979,72579,1
29,28,371017,woven_boss_approach,3,plague_court,Plague Court,Withering Bloom,764235,50949,15.0,34.3,49.0,49.0,1759.9225,32581.3673,1596487,2.089,over_band,spiteful;hexed,cleanse_threshold;suppress;poison_resistance;slow,"{""cleanse_threshold"":3.0,""poison_resistance"":0.27,""slow"":0.31,""suppress"":0.72}",400,95734,95334,1
29,28,371018,split_spill_rejoin,4,void_regent,Void Regent,Dimming Acolyte,1044840,69656,15.0,34.3,48.0,48.0,2061.713,43883.2708,2106397,2.016,over_band,nullify;warded,absorb;poison_resistance;suppress,"{""absorb"":8.0,""poison_resistance"":0.55,""suppress"":0.46}",400,130734,130334,0
29,28,371019,five_way_market,3,void_regent,Void Regent,Hollow Acolyte,652875,43525,15.0,34.3,34.0,34.0,1771.811,37713.1471,1282247,1.964,over_band,nullify;warded,absorb;poison_resistance;suppress,"{""absorb"":10.0,""poison_resistance"":0.49,""suppress"":0.42}",400,81737,81337,0
29,28,371020,split_spill_rejoin,4,apex_bulwark,Apex Bulwark,Bulwark Gatekeeper,535110,35674,15.0,34.3,36.0,36.0,2135.226,45870.8056,1651349,3.086,over_band,aegis;fortified,block;armor;crit_negation,"{""armor"":120.0,""block"":14.0,""crit_negation"":0.61}",400,67069,66669,0
29,28,371021,braided_sideboard,4,plague_court,Plague Court,Hexed Bloom,541770,36118,15.0,34.3,31.0,31.0,1988.0814,36805.4194,1140968,2.106,over_band,spiteful;hexed,cleanse_threshold;suppress;poison_resistance;slow,"{""cleanse_threshold"":3.0,""poison_resistance"":0.23,""slow"":0.28,""suppress"":0.84}",400,67930,67530,1
29,28,371022,braided_sideboard,4,plague_court,Plague Court,Hexed Seer,658860,43924,15.0,34.3,37.0,37.0,1877.5647,34759.3243,1286095,1.952,over_band,spiteful;hexed,cleanse_threshold;suppress;slow;poison_resistance,"{""cleanse_threshold"":4.0,""poison_resistance"":0.2,""slow"":0.23,""suppress"":0.71}",400,82545,82145,1
29,28,371023,five_way_market,3,void_regent,Void Regent,Warded Acolyte,564570,37638,15.0,34.3,32.0,32.0,1714.1565,36485.3438,1167531,2.068,over_band,nullify;warded,absorb;poison_resistance;suppress,"{""absorb"":15.0,""poison_resistance"":0.49,""suppress"":0.44}",400,70716,70316,0
29,28,371024,woven_boss_approach,3,plague_court,Plague Court,Bitter Bloom,588390,39226,15.0,34.3,35.0,35.0,1953.2541,36160.7714,1265627,2.151,over_band,spiteful;hexed,cleanse_threshold;suppress;poison_resistance;slow,"{""cleanse_threshold"":4.0,""poison_resistance"":0.3,""slow"":0.27,""suppress"":0.8}",400,73751,73351,1
29,28,371025,braided_sideboard,4,plague_court,Plague Court,Hexed Enemy,536760,35784,15.0,34.3,34.0,34.0,1831.6984,33910.5882,1152960,2.148,over_band,spiteful;hexed,cleanse_threshold;suppress;slow;poison_resistance,"{""cleanse_threshold"":3.0,""poison_resistance"":0.36,""slow"":0.19,""suppress"":0.83}",400,67302,66902,1
29,28,371026,five_way_market,3,apex_bulwark,Apex Bulwark,Braced Gatekeeper,703050,46870,15.0,34.3,59.0,59.0,1684.0045,36177.2881,2134460,3.036,over_band,aegis;fortified,block;armor;crit_negation,"{""armor"":120.0,""block"":13.0,""crit_negation"":0.56}",400,88054,87654,0
29,28,371027,split_spill_rejoin,4,chrono_tyrant,Chrono Tyrant,Arcane Enemy,1014030,67602,15.0,34.3,49.0,49.0,1931.934,36339.5306,1780637,1.756,over_band,devious;arcane,cleanse_threshold;stun_duration_ms;interrupt_skip_count;slow,"{""cleanse_threshold"":3.0,""interrupt_skip_count"":2.0,""slow"":0.36,""stun_duration_ms"":720.0}",400,126977,126577,0
29,28,371028,elite_orbit,4,plague_court,Plague Court,Spiteful Seer,517995,34533,15.0,34.3,32.0,32.0,1783.7167,33022.1875,1056710,2.04,over_band,spiteful;hexed,cleanse_threshold;suppress;slow;poison_resistance,"{""cleanse_threshold"":3.0,""poison_resistance"":0.25,""slow"":0.27,""suppress"":0.73}",400,64950,64550,1
29,28,371029,five_way_market,3,void_regent,Void Regent,Hollow Monster,1052010,70134,15.0,34.3,52.0,52.0,1921.8697,40907.0,2127164,2.022,over_band,nullify;warded,absorb;poison_resistance;suppress,"{""absorb"":15.0,""poison_resistance"":0.5,""suppress"":0.36}",400,131641,131241,0
29,28,371030,woven_boss_approach,3,apex_bulwark,Apex Bulwark,Bulwark Sentinel,640050,42670,15.0,34.3,46.0,46.0,2002.6461,43022.5,1979035,3.092,over_band,aegis;fortified,block;armor;crit_negation,"{""armor"":120.0,""block"":14.0,""crit_negation"":0.62}",400,80187,79787,0
29,28,371031,split_spill_rejoin,4,chrono_tyrant,Chrono Tyrant,Arcane Threat,1131270,75418,15.0,34.3,55.0,55.0,1979.229,37229.0727,2047599,1.81,over_band,devious;arcane,stun_duration_ms;slow;cleanse_threshold;interrupt_skip_count,"{""cleanse_threshold"":4.0,""interrupt_skip_count"":3.0,""slow"":0.43,""stun_duration_ms"":642.0}",400,141647,141247,1
29,28,371032,elite_orbit,4,apex_bulwark,Apex Bulwark,Shielded Guard,399375,26625,15.0,34.3,30.0,30.0,1875.121,40283.6333,1208509,3.026,over_band,aegis;fortified,block;armor;crit_negation,"{""armor"":120.0,""block"":11.0,""crit_negation"":0.61}",400,50093,49693,0
29,28,371033,five_way_market,3,plague_court,Plague Court,Spiteful Hexbearer,652770,43518,15.0,34.3,37.0,37.0,1890.6972,35002.5946,1295096,1.984,over_band,spiteful;hexed,cleanse_threshold;suppress;slow;poison_resistance,"{""cleanse_threshold"":3.0,""poison_resistance"":0.25,""slow"":0.2,""suppress"":0.74}",400,81792,81392,1
29,28,371034,braided_sideboard,4,plague_court,Plague Court,Bitter Seer,559680,37312,15.0,34.3,30.0,30.0,2081.9685,38543.3,1156299,2.066,over_band,spiteful;hexed,cleanse_threshold;suppress;slow;poison_resistance,"{""cleanse_threshold"":4.0,""poison_resistance"":0.34,""slow"":0.17,""suppress"":0.75}",400,70152,69752,1
29,28,371035,hourglass_detour,4,chrono_tyrant,Chrono Tyrant,Devious Enemy,632505,42167,15.0,34.3,31.0,31.0,2131.4313,40092.6452,1242872,1.965,over_band,devious;arcane,stun_duration_ms;interrupt_skip_count;cleanse_threshold;slow,"{""cleanse_threshold"":4.0,""interrupt_skip_count"":2.0,""slow"":0.55,""stun_duration_ms"":772.0}",400,79301,78901,0
29,28,371036,split_spill_rejoin,4,plague_court,Plague Court,Withering Monster,940050,62670,15.0,34.3,55.0,55.0,1714.4375,31739.5091,1745673,1.857,over_band,spiteful;hexed,cleanse_threshold;suppress;poison_resistance;slow,"{""cleanse_threshold"":3.0,""poison_resistance"":0.2,""slow"":0.2,""suppress"":0.63}",400,117690,117290,0
29,28,371037,split_spill_rejoin,4,void_regent,Void Regent,Dimming Threat,1114530,74302,15.0,34.3,53.0,53.0,2058.9152,43824.1698,2322681,2.084,over_band,nullify;warded,absorb;poison_resistance;suppress,"{""absorb"":12.0,""poison_resistance"":0.56,""suppress"":0.44}",400,139455,139055,0
29,28,371038,five_way_market,3,chrono_tyrant,Chrono Tyrant,Arcane Enemy,975465,65031,15.0,34.3,60.0,60.0,1751.9708,32954.4667,1977268,2.027,over_band,devious;arcane,cleanse_threshold;stun_duration_ms;interrupt_skip_count;slow,"{""cleanse_threshold"":3.0,""interrupt_skip_count"":3.0,""slow"":0.56,""stun_duration_ms"":866.0}",400,122201,121801,2
29,28,371039,braided_sideboard,4,apex_bulwark,Apex Bulwark,Braced Gatekeeper,903690,60246,15.0,34.3,59.0,59.0,2184.5457,46930.6102,2768906,3.064,over_band,aegis;fortified,block;armor;crit_negation,"{""armor"":120.0,""block"":12.0,""crit_negation"":0.64}",400,113137,112737,0
29,28,371040,woven_boss_approach,3,apex_bulwark,Apex Bulwark,Bulwark Monster,716310,47754,15.0,34.3,49.0,49.0,2076.8001,44615.8776,2186178,3.052,over_band,aegis;fortified,block;armor;crit_negation,"{""armor"":120.0,""block"":9.0,""crit_negation"":0.72}",400,89713,89313,1
29,28,371041,five_way_market,3,chrono_tyrant,Chrono Tyrant,Devious Monster,802980,53532,15.0,34.3,38.0,38.0,2127.7067,40022.2105,1520844,1.894,over_band,devious;arcane,stun_duration_ms;interrupt_skip_count;cleanse_threshold;slow,"{""cleanse_threshold"":4.0,""interrupt_skip_count"":2.0,""slow"":0.41,""stun_duration_ms"":882.0}",400,100605,100205,1
29,28,371042,woven_boss_approach,3,void_regent,Void Regent,Nullifying Acolyte,589050,39270,15.0,34.3,31.0,31.0,1813.1121,38592.2903,1196361,2.031,over_band,nullify;warded,absorb;poison_resistance;suppress,"{""absorb"":14.0,""poison_resistance"":0.45,""suppress"":0.47}",400,73774,73374,0
29,28,371043,hourglass_detour,4,plague_court,Plague Court,Hexed Monster,726285,48419,15.0,34.3,39.0,39.0,2140.626,39629.0769,1545534,2.128,over_band,spiteful;hexed,cleanse_threshold;slow;poison_resistance;suppress,"{""cleanse_threshold"":3.0,""poison_resistance"":0.36,""slow"":0.16,""suppress"":0.84}",400,90991,90591,1
29,28,371044,braided_sideboard,4,chrono_tyrant,Chrono Tyrant,Arcane Monster,876510,58434,15.0,34.3,53.0,53.0,1731.5972,32571.434,1726286,1.9695,over_band,devious;arcane,stun_duration_ms;cleanse_threshold;interrupt_skip_count;slow,"{""cleanse_threshold"":4.0,""interrupt_skip_count"":3.0,""slow"":0.61,""stun_duration_ms"":637.0}",400,109817,109417,2
29,28,371045,five_way_market,3,void_regent,Void Regent,Hollow Keeper,952965,63531,15.0,34.3,52.0,52.0,1673.783,35626.2308,1852564,1.944,over_band,nullify;warded,absorb;poison_resistance;suppress,"{""absorb"":11.0,""poison_resistance"":0.48,""suppress"":0.38}",400,119249,118849,0
29,28,371046,woven_boss_approach,3,plague_court,Plague Court,Withering Hexbearer,539355,35957,15.0,34.3,34.0,34.0,1779.7249,32948.2353,1120240,2.077,over_band,spiteful;hexed,cleanse_threshold;poison_resistance;suppress;slow,"{""cleanse_threshold"":4.0,""poison_resistance"":0.29,""slow"":0.23,""suppress"":0.76}",400,67615,67215,1
29,28,371047,five_way_market,3,chrono_tyrant,Chrono Tyrant,Devious Threat,892605,59507,15.0,34.3,53.0,53.0,1707.8774,32125.3585,1702644,1.9075,over_band,devious;arcane,cleanse_threshold;slow;interrupt_skip_count;stun_duration_ms,"{""cleanse_threshold"":3.0,""interrupt_skip_count"":3.0,""slow"":0.46,""stun_duration_ms"":807.0}",400,111831,111431,1
29,28,371048,split_spill_rejoin,4,void_regent,Void Regent,Hollow Vessel,762030,50802,15.0,34.3,34.0,34.0,1960.637,41732.3529,1418900,1.862,over_band,nullify;warded,absorb;poison_resistance;suppress,"{""absorb"":10.0,""poison_resistance"":0.43,""suppress"":0.36}",400,95374,94974,0
29,28,371049,woven_boss_approach,3,plague_court,Plague Court,Withering Threat,1140510,76034,15.0,34.3,53.0,53.0,2169.0052,40154.566,2128192,1.866,over_band,spiteful;hexed,cleanse_threshold;suppress;slow;poison_resistance,"{""cleanse_threshold"":4.0,""poison_resistance"":0.21,""slow"":0.17,""suppress"":0.65}",400,142741,142341,0
29,28,371050,elite_orbit,4,void_regent,Void Regent,Dimming Keeper,978660,65244,15.0,34.3,53.0,53.0,1846.9528,39312.5849,2083567,2.129,over_band,nullify;warded,absorb;poison_resistance;suppress,"{""absorb"":14.0,""poison_resistance"":0.59,""suppress"":0.41}",400,122479,122079,0
29,28,371051,braided_sideboard,4,apex_bulwark,Apex Bulwark,Shielded Enemy,449700,29980,15.0,34.3,35.0,35.0,1803.797,38751.2857,1356295,3.016,over_band,aegis;fortified,block;armor;crit_negation,"{""armor"":120.0,""block"":9.0,""crit_negation"":0.66}",400,56382,55982,0
29,28,371052,split_spill_rejoin,4,apex_bulwark,Apex Bulwark,Fortified Guard,724560,48304,15.0,34.3,59.0,59.0,1765.2356,37922.7288,2237441,3.088,over_band,aegis;fortified,block;armor;crit_negation,"{""armor"":120.0,""block"":9.0,""crit_negation"":0.78}",400,90748,90348,1
29,28,371053,woven_boss_approach,3,void_regent,Void Regent,Hollow Enemy,1182810,78854,15.0,34.3,52.0,52.0,2186.4578,46539.0192,2420029,2.046,over_band,nullify;warded,absorb;poison_resistance;suppress,"{""absorb"":11.0,""poison_resistance"":0.54,""suppress"":0.44}",400,147986,147586,0
29,28,371054,split_spill_rejoin,4,void_regent,Void Regent,Dimming Threat,760125,50675,15.0,34.3,38.0,38.0,1997.049,42507.0,1615266,2.125,over_band,nullify;warded,absorb;poison_resistance;suppress,"{""absorb"":15.0,""poison_resistance"":0.54,""suppress"":0.45}",400,95165,94765,0
29,28,371055,woven_boss_approach,3,plague_court,Plague Court,Spiteful Threat,781860,52124,15.0,34.3,50.0,50.0,1847.2579,34198.56,1709928,2.187,over_band,spiteful;hexed,cleanse_threshold;suppress;slow;poison_resistance,"{""cleanse_threshold"":4.0,""poison_resistance"":0.34,""slow"":0.25,""suppress"":0.82}",400,97938,97538,1
29,28,371056,split_spill_rejoin,4,chrono_tyrant,Chrono Tyrant,Arcane Monster,817695,54513,15.0,34.3,51.0,51.0,1750.362,32924.2549,1679137,2.0535,over_band,devious;arcane,interrupt_skip_count;stun_duration_ms;cleanse_threshold;slow,"{""cleanse_threshold"":3.0,""interrupt_skip_count"":3.0,""slow"":0.62,""stun_duration_ms"":811.0}",400,102483,102083,2
29,28,371057,hourglass_detour,4,plague_court,Plague Court,Withering Monster,514365,34291,15.0,34.3,31.0,31.0,1726.2106,31957.0,990667,1.926,over_band,spiteful;hexed,cleanse_threshold;poison_resistance;slow;suppress,"{""cleanse_threshold"":3.0,""poison_resistance"":0.27,""slow"":0.16,""suppress"":0.68}",400,64484,64084,1
29,28,371058,elite_orbit,4,apex_bulwark,Apex Bulwark,Shielded Gatekeeper,422580,28172,15.0,34.3,32.0,32.0,1987.9752,42707.0,1366624,3.234,over_band,aegis;fortified,block;armor;crit_negation,"{""armor"":120.0,""block"":16.0,""crit_negation"":0.79}",400,53022,52622,1
29,28,371059,split_spill_rejoin,4,plague_court,Plague Court,Withering Hexbearer,615960,41064,15.0,34.3,37.0,37.0,2037.651,37723.3784,1395765,2.266,over_band,spiteful;hexed,cleanse_threshold;suppress;poison_resistance;slow,"{""cleanse_threshold"":3.0,""poison_resistance"":0.32,""slow"":0.28,""suppress"":0.94}",400,77216,76816,1
29,28,371060,braided_sideboard,4,apex_bulwark,Apex Bulwark,Shielded Threat,409335,27289,15.0,34.3,32.0,32.0,1758.9253,37786.75,1209176,2.954,over_band,aegis;fortified,block;armor;crit_negation,"{""armor"":120.0,""block"":8.0,""crit_negation"":0.59}",400,51327,50927,0
29,28,371061,five_way_market,3,void_regent,Void Regent,Nullifying Vessel,706050,47070,15.0,34.3,34.0,34.0,1966.8404,41864.6176,1423397,2.016,over_band,nullify;warded,absorb;poison_resistance;suppress,"{""absorb"":12.0,""poison_resistance"":0.45,""suppress"":0.5}",400,88394,87994,0
29,28,371062,split_spill_rejoin,4,apex_bulwark,Apex Bulwark,Braced Monster,779340,51956,15.0,34.3,58.0,58.0,1920.1712,41251.2759,2392574,3.07,over_band,aegis;fortified,block;armor;crit_negation,"{""armor"":120.0,""block"":9.0,""crit_negation"":0.75}",400,97594,97194,1
29,28,371063,split_spill_rejoin,4,apex_bulwark,Apex Bulwark,Bulwark Guard,579600,38640,15.0,34.3,50.0,50.0,1671.6607,35912.02,1795601,3.098,over_band,aegis;fortified,block;armor;crit_negation,"{""armor"":120.0,""block"":11.0,""crit_negation"":0.73}",400,72630,72230,1
29,28,371064,split_spill_rejoin,4,apex_bulwark,Apex Bulwark,Fortified Guard,435765,29051,15.0,34.3,34.0,34.0,1917.4506,41192.6176,1400549,3.214,over_band,aegis;fortified,block;armor;crit_negation,"{""armor"":120.0,""block"":15.0,""crit_negation"":0.79}",400,54668,54268,1
29,28,371065,woven_boss_approach,3,chrono_tyrant,Chrono Tyrant,Arcane Enemy,663045,44203,15.0,34.3,31.0,31.0,2113.8244,39761.3226,1232601,1.859,over_band,devious;arcane,slow;cleanse_threshold;stun_duration_ms;interrupt_skip_count,"{""cleanse_threshold"":3.0,""interrupt_skip_count"":3.0,""slow"":0.37,""stun_duration_ms"":872.0}",400,83132,82732,2
29,28,371066,elite_orbit,4,plague_court,Plague Court,Spiteful Bloom,952170,63478,15.0,34.3,56.0,56.0,2009.5411,37202.6429,2083348,2.188,over_band,spiteful;hexed,cleanse_threshold;suppress;slow;poison_resistance,"{""cleanse_threshold"":4.0,""poison_resistance"":0.38,""slow"":0.3,""suppress"":0.7}",400,119224,118824,1
29,28,371067,hourglass_detour,4,apex_bulwark,Apex Bulwark,Braced Gatekeeper,755460,50364,15.0,34.3,60.0,60.0,1866.1176,40089.75,2405385,3.184,over_band,aegis;fortified,block;armor;crit_negation,"{""armor"":120.0,""block"":15.0,""crit_negation"":0.74}",400,94626,94226,1
29,28,371068,hourglass_detour,4,apex_bulwark,Apex Bulwark,Braced Monster,534900,35660,15.0,34.3,37.0,37.0,2065.9508,44382.2432,1642143,3.07,over_band,aegis;fortified,block;armor;crit_negation,"{""armor"":120.0,""block"":15.0,""crit_negation"":0.55}",400,67041,66641,0
29,28,371069,split_spill_rejoin,4,chrono_tyrant,Chrono Tyrant,Arcane Monster,671550,44770,15.0,34.3,37.0,37.0,1793.2954,33731.7838,1248076,1.8585,over_band,devious;arcane,slow;interrupt_skip_count;cleanse_threshold;stun_duration_ms,"{""cleanse_threshold"":3.0,""interrupt_skip_count"":3.0,""slow"":0.41,""stun_duration_ms"":799.0}",400,84195,83795,1
29,28,371070,woven_boss_approach,3,apex_bulwark,Apex Bulwark,Braced Sentinel,601500,40100,15.0,34.3,51.0,51.0,1755.6733,37717.5882,1923597,3.198,over_band,aegis;fortified,block;armor;crit_negation,"{""armor"":120.0,""block"":16.0,""crit_negation"":0.73}",400,75382,74982,1
29,28,371071,five_way_market,3,chrono_tyrant,Chrono Tyrant,Devious Monster,1171725,78115,15.0,34.3,57.0,57.0,1925.6106,36220.6842,2064579,1.762,over_band,devious;arcane,slow;interrupt_skip_count;cleanse_threshold;stun_duration_ms,"{""cleanse_threshold"":3.0,""interrupt_skip_count"":2.0,""slow"":0.39,""stun_duration_ms"":678.0}",400,146690,146290,0
29,28,371072,woven_boss_approach,3,chrono_tyrant,Chrono Tyrant,Devious Monster,1216890,81126,15.0,34.3,58.0,58.0,2104.2335,39580.3966,2295663,1.8865,over_band,devious;arcane,interrupt_skip_count;cleanse_threshold;slow;stun_duration_ms,"{""cleanse_threshold"":4.0,""interrupt_skip_count"":3.0,""slow"":0.39,""stun_duration_ms"":867.0}",400,152358,151958,2
29,28,371073,braided_sideboard,4,plague_court,Plague Court,Withering Hexbearer,1065705,71047,15.0,34.3,55.0,55.0,2162.3468,40031.7636,2201747,2.066,over_band,spiteful;hexed,cleanse_threshold;suppress;poison_resistance;slow,"{""cleanse_threshold"":3.0,""poison_resistance"":0.34,""slow"":0.23,""suppress"":0.69}",400,133412,133012,1
29,28,371074,woven_boss_approach,3,apex_bulwark,Apex Bulwark,Fortified Sentinel,481530,32102,15.0,34.3,35.0,35.0,2049.3426,44025.6,1540896,3.2,over_band,aegis;fortified,block;armor;crit_negation,"{""armor"":120.0,""block"":14.0,""crit_negation"":0.8}",400,60386,59986,1
29,28,371075,split_spill_rejoin,4,apex_bulwark,Apex Bulwark,Braced Threat,451290,30086,15.0,34.3,36.0,36.0,1765.7185,37933.4444,1365604,3.026,over_band,aegis;fortified,block;armor;crit_negation,"{""armor"":120.0,""block"":11.0,""crit_negation"":0.61}",400,56582,56182,0
29,28,371076,elite_orbit,4,apex_bulwark,Apex Bulwark,Bulwark Gatekeeper,370170,24678,15.0,34.3,31.0,31.0,1719.7531,36945.3548,1145306,3.094,over_band,aegis;fortified,block;armor;crit_negation,"{""armor"":120.0,""block"":12.0,""crit_negation"":0.69}",400,46451,46051,1
29,28,371077,split_spill_rejoin,4,apex_bulwark,Apex Bulwark,Bulwark Guard,840225,56015,15.0,34.3,58.0,58.0,2058.0462,44213.2241,2564367,3.052,over_band,aegis;fortified,block;armor;crit_negation,"{""armor"":120.0,""block"":9.0,""crit_negation"":0.72}",400,105202,104802,1
29,28,371078,hourglass_detour,4,chrono_tyrant,Chrono Tyrant,Devious Enemy,949350,63290,15.0,34.3,57.0,57.0,1826.6756,34359.807,1958509,2.063,over_band,devious;arcane,interrupt_skip_count;stun_duration_ms;cleanse_threshold;slow,"{""cleanse_threshold"":3.0,""interrupt_skip_count"":3.0,""slow"":0.55,""stun_duration_ms"":956.0}",400,118942,118542,2
29,28,371079,braided_sideboard,4,void_regent,Void Regent,Nullifying Monster,1065885,71059,15.0,34.3,52.0,52.0,2000.1767,42573.9038,2213843,2.077,over_band,nullify;warded,absorb;poison_resistance;suppress,"{""absorb"":13.0,""poison_resistance"":0.57,""suppress"":0.39}",400,133376,132976,0
29,28,371080,split_spill_rejoin,4,chrono_tyrant,Chrono Tyrant,Devious Enemy,623250,41550,15.0,34.3,37.0,37.0,1785.2173,33579.7027,1242449,1.9935,over_band,devious;arcane,interrupt_skip_count;cleanse_threshold;stun_duration_ms;slow,"{""cleanse_threshold"":3.0,""interrupt_skip_count"":3.0,""slow"":0.41,""stun_duration_ms"":1069.0}",400,78173,77773,2
30,29,381001,braided_sideboard,4,apex_bulwark,Apex Bulwark,Fortified Monster,809936,50621,16.0,37.0,53.0,53.0,2024.6441,46395.5849,2458966,3.036,over_band,aegis;fortified,block;armor;crit_negation,"{""armor"":120.0,""block"":10.0,""crit_negation"":0.66}",400,101414,101014,0
30,29,381002,hourglass_detour,4,chrono_tyrant,Chrono Tyrant,Arcane Monster,1376608,86038,16.0,37.0,55.0,55.0,2300.3396,46153.9091,2538465,1.844,over_band,devious;arcane,interrupt_skip_count;cleanse_threshold;stun_duration_ms;slow,"{""cleanse_threshold"":3.0,""interrupt_skip_count"":3.0,""slow"":0.45,""stun_duration_ms"":698.0}",400,172325,171925,1
30,29,381003,five_way_market,3,apex_bulwark,Apex Bulwark,Fortified Gatekeeper,768736,48046,16.0,37.0,51.0,51.0,2010.1875,46063.8627,2349257,3.056,over_band,aegis;fortified,block;armor;crit_negation,"{""armor"":120.0,""block"":11.0,""crit_negation"":0.66}",400,96267,95867,0
30,29,381004,hourglass_detour,4,chrono_tyrant,Chrono Tyrant,Devious Threat,986240,61640,16.0,37.0,51.0,51.0,1985.4577,39836.3529,2031654,2.06,over_band,devious;arcane,cleanse_threshold;interrupt_skip_count;slow;stun_duration_ms,"{""cleanse_threshold"":4.0,""interrupt_skip_count"":2.0,""slow"":0.62,""stun_duration_ms"":836.0}",400,123528,123128,2
30,29,381005,woven_boss_approach,3,chrono_tyrant,Chrono Tyrant,Arcane Threat,920912,57557,16.0,37.0,45.0,45.0,1935.3863,38831.8,1747431,1.8975,over_band,devious;arcane,slow;stun_duration_ms;cleanse_threshold;interrupt_skip_count,"{""cleanse_threshold"":3.0,""interrupt_skip_count"":2.0,""slow"":0.45,""stun_duration_ms"":841.0}",400,115353,114953,1
30,29,381006,hourglass_detour,4,apex_bulwark,Apex Bulwark,Bulwark Gatekeeper,751184,46949,16.0,37.0,49.0,49.0,2023.0638,46358.7755,2271580,3.024,over_band,aegis;fortified,block;armor;crit_negation,"{""armor"":120.0,""block"":10.0,""crit_negation"":0.64}",400,94068,93668,0
30,29,381007,braided_sideboard,4,chrono_tyrant,Chrono Tyrant,Devious Threat,877264,54829,16.0,37.0,45.0,45.0,1917.5264,38472.9111,1731281,1.9735,over_band,devious;arcane,slow;interrupt_skip_count;stun_duration_ms;cleanse_threshold,"{""cleanse_threshold"":3.0,""interrupt_skip_count"":2.0,""slow"":0.61,""stun_duration_ms"":705.0}",400,109903,109503,1
30,29,381008,five_way_market,3,plague_court,Plague Court,Spiteful Bloom,1010256,63141,16.0,37.0,56.0,56.0,1956.848,38642.2857,2163968,2.142,over_band,spiteful;hexed,cleanse_threshold;poison_resistance;suppress;slow,"{""cleanse_threshold"":4.0,""poison_resistance"":0.34,""slow"":0.2,""suppress"":0.82}",400,126482,126082,1
30,29,381009,elite_orbit,4,plague_court,Plague Court,Hexed Threat,751344,46959,16.0,37.0,37.0,37.0,2179.0183,43029.6757,1592098,2.119,over_band,spiteful;hexed,cleanse_threshold;suppress;slow;poison_resistance,"{""cleanse_threshold"":4.0,""poison_resistance"":0.25,""slow"":0.29,""suppress"":0.8}",400,94120,93720,1
30,29,381010,split_spill_rejoin,4,chrono_tyrant,Chrono Tyrant,Devious Enemy,1114480,69655,16.0,37.0,57.0,57.0,1987.4976,39876.8772,2272982,2.0395,over_band,devious;arcane,stun_duration_ms;slow;cleanse_threshold;interrupt_skip_count,"{""cleanse_threshold"":3.0,""interrupt_skip_count"":3.0,""slow"":0.54,""stun_duration_ms"":927.0}",400,139581,139181,2
30,29,381011,elite_orbit,4,void_regent,Void Regent,Dimming Monster,1215504,75969,16.0,37.0,45.0,45.0,2355.638,53482.1778,2406698,1.98,over_band,nullify;warded,absorb;poison_resistance;suppress,"{""absorb"":11.0,""poison_resistance"":0.46,""suppress"":0.46}",400,152071,151671,0
30,29,381012,braided_sideboard,4,apex_bulwark,Apex Bulwark,Braced Sentinel,717440,44840,16.0,37.0,50.0,50.0,1946.1561,44596.08,2229804,3.108,over_band,aegis;fortified,block;armor;crit_negation,"{""armor"":120.0,""block"":13.0,""crit_negation"":0.68}",400,89862,89462,1
30,29,381013,five_way_market,3,void_regent,Void Regent,Nullifying Vessel,736320,46020,16.0,37.0,35.0,35.0,1934.7727,43926.7429,1537436,2.088,over_band,nullify;warded,absorb;poison_resistance;suppress,"{""absorb"":14.0,""poison_resistance"":0.5,""suppress"":0.48}",400,92186,91786,0
30,29,381014,split_spill_rejoin,4,plague_court,Plague Court,Bitter Seer,640064,40004,16.0,37.0,38.0,38.0,1895.2991,37426.8947,1422222,2.222,over_band,spiteful;hexed,cleanse_threshold;slow;suppress;poison_resistance,"{""cleanse_threshold"":4.0,""poison_resistance"":0.33,""slow"":0.3,""suppress"":0.82}",400,80217,79817,1
30,29,381015,braided_sideboard,4,void_regent,Void Regent,Dimming Threat,1049920,65620,16.0,37.0,46.0,46.0,2025.6877,45991.0652,2115589,2.015,over_band,nullify;warded,absorb;poison_resistance;suppress,"{""absorb"":15.0,""poison_resistance"":0.5,""suppress"":0.35}",400,131379,130979,0
30,29,381016,five_way_market,3,plague_court,Plague Court,Hexed Hexbearer,1034224,64639,16.0,37.0,58.0,58.0,2077.7786,41030.1552,2379749,2.301,over_band,spiteful;hexed,cleanse_threshold;suppress;poison_resistance;slow,"{""cleanse_threshold"":4.0,""poison_resistance"":0.36,""slow"":0.23,""suppress"":0.98}",400,129494,129094,1
30,29,381017,split_spill_rejoin,4,void_regent,Void Regent,Hollow Keeper,1215376,75961,16.0,37.0,55.0,55.0,1915.4505,43488.3636,2391860,1.968,over_band,nullify;warded,absorb;poison_resistance;suppress,"{""absorb"":12.0,""poison_resistance"":0.43,""suppress"":0.46}",400,152056,151656,0
30,29,381018,split_spill_rejoin,4,apex_bulwark,Apex Bulwark,Braced Threat,784496,49031,16.0,37.0,58.0,58.0,1806.1616,41388.931,2400558,3.06,over_band,aegis;fortified,block;armor;crit_negation,"{""armor"":120.0,""block"":13.0,""crit_negation"":0.6}",400,98238,97838,0
30,29,381019,split_spill_rejoin,4,chrono_tyrant,Chrono Tyrant,Arcane Enemy,627088,39193,16.0,37.0,31.0,31.0,2055.2213,41236.0968,1278319,2.0385,over_band,devious;arcane,stun_duration_ms;cleanse_threshold;slow;interrupt_skip_count,"{""cleanse_threshold"":3.0,""interrupt_skip_count"":3.0,""slow"":0.46,""stun_duration_ms"":1069.0}",400,78657,78257,2
30,29,381020,five_way_market,3,apex_bulwark,Apex Bulwark,Shielded Enemy,589376,36836,16.0,37.0,44.0,44.0,1821.4391,41738.5455,1836496,3.116,over_band,aegis;fortified,block;armor;crit_negation,"{""armor"":120.0,""block"":11.0,""crit_negation"":0.76}",400,73855,73455,1
30,29,381021,elite_orbit,4,void_regent,Void Regent,Nullifying Enemy,1185824,74114,16.0,37.0,53.0,53.0,1934.4617,43920.2453,2327773,1.963,over_band,nullify;warded,absorb;poison_resistance;suppress,"{""absorb"":11.0,""poison_resistance"":0.45,""suppress"":0.45}",400,148359,147959,0
30,29,381022,hourglass_detour,4,apex_bulwark,Apex Bulwark,Fortified Gatekeeper,614688,38418,16.0,37.0,44.0,44.0,1911.856,43810.5,1927662,3.136,over_band,aegis;fortified,block;armor;crit_negation,"{""armor"":120.0,""block"":15.0,""crit_negation"":0.66}",400,77023,76623,0
30,29,381023,hourglass_detour,4,chrono_tyrant,Chrono Tyrant,Devious Monster,1071968,66998,16.0,37.0,59.0,59.0,1946.02,39045.0678,2303659,2.149,over_band,devious;arcane,interrupt_skip_count;slow;cleanse_threshold;stun_duration_ms,"{""cleanse_threshold"":4.0,""interrupt_skip_count"":3.0,""slow"":0.63,""stun_duration_ms"":960.0}",400,134271,133871,3
30,29,381024,hourglass_detour,4,apex_bulwark,Apex Bulwark,Braced Guard,762960,47685,16.0,37.0,44.0,44.0,2326.119,53303.1591,2345339,3.074,over_band,aegis;fortified,block;armor;crit_negation,"{""armor"":120.0,""block"":14.0,""crit_negation"":0.59}",400,95548,95148,0
30,29,381025,split_spill_rejoin,4,chrono_tyrant,Chrono Tyrant,Arcane Monster,1449280,90580,16.0,37.0,57.0,57.0,2301.3128,46173.5439,2631892,1.816,over_band,devious;arcane,interrupt_skip_count;stun_duration_ms;cleanse_threshold;slow,"{""cleanse_threshold"":3.0,""interrupt_skip_count"":2.0,""slow"":0.44,""stun_duration_ms"":696.0}",400,181390,180990,0
30,29,381026,five_way_market,3,plague_court,Plague Court,Withering Threat,886512,55407,16.0,37.0,48.0,48.0,2040.7456,40299.3542,1934369,2.182,over_band,spiteful;hexed,cleanse_threshold;poison_resistance;suppress;slow,"{""cleanse_threshold"":3.0,""poison_resistance"":0.32,""slow"":0.28,""suppress"":0.82}",400,111026,110626,1
30,29,381027,braided_sideboard,4,plague_court,Plague Court,Hexed Bloom,626864,39179,16.0,37.0,30.0,30.0,2272.9278,44883.4667,1346504,2.148,over_band,spiteful;hexed,cleanse_threshold;suppress;poison_resistance;slow,"{""cleanse_threshold"":3.0,""poison_resistance"":0.37,""slow"":0.21,""suppress"":0.79}",400,78565,78165,1
30,29,381028,braided_sideboard,4,chrono_tyrant,Chrono Tyrant,Devious Enemy,715120,44695,16.0,37.0,36.0,36.0,1985.045,39828.2222,1433816,2.005,over_band,devious;arcane,cleanse_threshold;interrupt_skip_count;slow;stun_duration_ms,"{""cleanse_threshold"":4.0,""interrupt_skip_count"":2.0,""slow"":0.59,""stun_duration_ms"":780.0}",400,89632,89232,1
30,29,381029,braided_sideboard,4,void_regent,Void Regent,Warded Vessel,771216,48201,16.0,37.0,30.0,30.0,2261.1521,51337.2667,1540118,1.997,over_band,nullify;warded,absorb;poison_resistance;suppress,"{""absorb"":13.0,""poison_resistance"":0.42,""suppress"":0.49}",400,96542,96142,0
30,29,381030,woven_boss_approach,3,apex_bulwark,Apex Bulwark,Braced Gatekeeper,523424,32714,16.0,37.0,37.0,37.0,1887.8608,43260.2973,1600631,3.058,over_band,aegis;fortified,block;armor;crit_negation,"{""armor"":120.0,""block"":12.0,""crit_negation"":0.63}",400,65603,65203,0
30,29,381031,hourglass_detour,4,plague_court,Plague Court,Spiteful Threat,1087424,67964,16.0,37.0,50.0,50.0,2246.7403,44366.9,2218345,2.04,over_band,spiteful;hexed,cleanse_threshold;suppress;poison_resistance;slow,"{""cleanse_threshold"":4.0,""poison_resistance"":0.27,""slow"":0.18,""suppress"":0.8}",400,136121,135721,1
30,29,381032,elite_orbit,4,void_regent,Void Regent,Dimming Keeper,908336,56771,16.0,37.0,37.0,37.0,2155.0304,48927.4054,1810314,1.993,over_band,nullify;warded,absorb;poison_resistance;suppress,"{""absorb"":15.0,""poison_resistance"":0.45,""suppress"":0.39}",400,113681,113281,0
30,29,381033,braided_sideboard,4,chrono_tyrant,Chrono Tyrant,Arcane Threat,1336304,83519,16.0,37.0,58.0,58.0,2329.9328,46747.6034,2711361,2.029,over_band,devious;arcane,slow;interrupt_skip_count;stun_duration_ms;cleanse_threshold,"{""cleanse_threshold"":3.0,""interrupt_skip_count"":2.0,""slow"":0.62,""stun_duration_ms"":798.0}",400,167290,166890,1
30,29,381034,hourglass_detour,4,plague_court,Plague Court,Spiteful Seer,628816,39301,16.0,37.0,38.0,38.0,1893.8267,37398.0,1421124,2.26,over_band,spiteful;hexed,cleanse_threshold;poison_resistance;suppress;slow,"{""cleanse_threshold"":4.0,""poison_resistance"":0.35,""slow"":0.25,""suppress"":0.91}",400,78815,78415,1
30,29,381035,split_spill_rejoin,4,void_regent,Void Regent,Dimming Vessel,812624,50789,16.0,37.0,32.0,32.0,2247.0645,51017.5625,1632562,2.009,over_band,nullify;warded,absorb;poison_resistance;suppress,"{""absorb"":9.0,""poison_resistance"":0.49,""suppress"":0.51}",400,101710,101310,0
30,29,381036,five_way_market,3,void_regent,Void Regent,Hollow Vessel,806288,50393,16.0,37.0,36.0,36.0,1957.1495,44435.4167,1599675,1.984,over_band,nullify;warded,absorb;poison_resistance;suppress,"{""absorb"":16.0,""poison_resistance"":0.43,""suppress"":0.38}",400,100927,100527,0
30,29,381037,braided_sideboard,4,chrono_tyrant,Chrono Tyrant,Arcane Threat,625328,39083,16.0,37.0,34.0,34.0,1905.2687,38227.7647,1299744,2.0785,over_band,devious;arcane,cleanse_threshold;slow;stun_duration_ms;interrupt_skip_count,"{""cleanse_threshold"":3.0,""interrupt_skip_count"":3.0,""slow"":0.56,""stun_duration_ms"":969.0}",400,78440,78040,2
30,29,381038,elite_orbit,4,chrono_tyrant,Chrono Tyrant,Arcane Threat,828288,51768,16.0,37.0,36.0,36.0,2254.4628,45233.7222,1628414,1.966,over_band,devious;arcane,stun_duration_ms;cleanse_threshold;interrupt_skip_count;slow,"{""cleanse_threshold"":3.0,""interrupt_skip_count"":2.0,""slow"":0.44,""stun_duration_ms"":996.0}",400,103784,103384,1
30,29,381039,braided_sideboard,4,plague_court,Plague Court,Spiteful Bloom,1155168,72198,16.0,37.0,59.0,59.0,2160.4579,42662.8983,2517111,2.179,over_band,spiteful;hexed,cleanse_threshold;slow;suppress;poison_resistance,"{""cleanse_threshold"":4.0,""poison_resistance"":0.29,""slow"":0.25,""suppress"":0.88}",400,144604,144204,1
30,29,381040,five_way_market,3,plague_court,Plague Court,Bitter Seer,1249696,78106,16.0,37.0,60.0,60.0,2179.1172,43031.2,2581872,2.066,over_band,spiteful;hexed,cleanse_threshold;suppress;poison_resistance;slow,"{""cleanse_threshold"":3.0,""poison_resistance"":0.24,""slow"":0.24,""suppress"":0.82}",400,156417,156017,1
30,29,381041,woven_boss_approach,3,chrono_tyrant,Chrono Tyrant,Devious Threat,1224976,76561,16.0,37.0,53.0,53.0,2158.758,43313.3019,2295605,1.874,over_band,devious;arcane,stun_duration_ms;interrupt_skip_count;slow;cleanse_threshold,"{""cleanse_threshold"":3.0,""interrupt_skip_count"":2.0,""slow"":0.53,""stun_duration_ms"":650.0}",400,153357,152957,0
30,29,381042,braided_sideboard,4,void_regent,Void Regent,Dimming Monster,1417392,88587,16.0,37.0,57.0,57.0,2263.8889,51399.1053,2929749,2.067,over_band,nullify;warded,absorb;poison_resistance;suppress,"{""absorb"":16.0,""poison_resistance"":0.52,""suppress"":0.37}",400,177319,176919,0
30,29,381043,five_way_market,3,void_regent,Void Regent,Dimming Vessel,682368,42648,16.0,37.0,32.0,32.0,1941.3609,44076.7188,1410455,2.067,over_band,nullify;warded,absorb;poison_resistance;suppress,"{""absorb"":13.0,""poison_resistance"":0.49,""suppress"":0.49}",400,85439,85039,0
30,29,381044,elite_orbit,4,chrono_tyrant,Chrono Tyrant,Arcane Threat,1419184,88699,16.0,37.0,53.0,53.0,2307.4964,46297.5283,2453769,1.729,over_band,devious;arcane,interrupt_skip_count;cleanse_threshold;stun_duration_ms;slow,"{""cleanse_threshold"":4.0,""interrupt_skip_count"":2.0,""slow"":0.37,""stun_duration_ms"":624.0}",400,177610,177210,0
30,29,381045,elite_orbit,4,apex_bulwark,Apex Bulwark,Fortified Guard,455440,28465,16.0,37.0,30.0,30.0,2061.7192,47244.3,1417329,3.112,over_band,aegis;fortified,block;armor;crit_negation,"{""armor"":120.0,""block"":12.0,""crit_negation"":0.72}",400,57113,56713,1
30,29,381046,woven_boss_approach,3,void_regent,Void Regent,Nullifying Enemy,706752,44172,16.0,37.0,36.0,36.0,1814.9864,41207.5556,1483472,2.099,over_band,nullify;warded,absorb;poison_resistance;suppress,"{""absorb"":14.0,""poison_resistance"":0.56,""suppress"":0.41}",400,88488,88088,0
30,29,381047,five_way_market,3,apex_bulwark,Apex Bulwark,Bulwark Guard,591680,36980,16.0,37.0,38.0,38.0,2109.1244,48330.9211,1836575,3.104,over_band,aegis;fortified,block;armor;crit_negation,"{""armor"":120.0,""block"":11.0,""crit_negation"":0.74}",400,74141,73741,1
30,29,381048,hourglass_detour,4,chrono_tyrant,Chrono Tyrant,Arcane Monster,881040,55065,16.0,37.0,36.0,36.0,2223.6422,44614.8889,1606136,1.823,over_band,devious;arcane,cleanse_threshold;interrupt_skip_count;slow;stun_duration_ms,"{""cleanse_threshold"":4.0,""interrupt_skip_count"":2.0,""slow"":0.41,""stun_duration_ms"":740.0}",400,110353,109953,0
30,29,381049,hourglass_detour,4,chrono_tyrant,Chrono Tyrant,Devious Monster,692880,43305,16.0,37.0,34.0,34.0,2087.7504,41888.6765,1424215,2.0555,over_band,devious;arcane,stun_duration_ms;interrupt_skip_count;slow;cleanse_threshold,"{""cleanse_threshold"":3.0,""interrupt_skip_count"":2.0,""slow"":0.64,""stun_duration_ms"":815.0}",400,86865,86465,1
30,29,381050,five_way_market,3,plague_court,Plague Court,Bitter Hexbearer,1270048,79378,16.0,37.0,60.0,60.0,2073.1047,40937.8833,2456273,1.934,over_band,spiteful;hexed,cleanse_threshold;poison_resistance;suppress;slow,"{""cleanse_threshold"":4.0,""poison_resistance"":0.21,""slow"":0.16,""suppress"":0.76}",400,158940,158540,1
30,29,381051,elite_orbit,4,plague_court,Plague Court,Withering Hexbearer,1019376,63711,16.0,37.0,49.0,49.0,2211.2775,43666.7347,2139670,2.099,over_band,spiteful;hexed,cleanse_threshold;suppress;slow;poison_resistance,"{""cleanse_threshold"":4.0,""poison_resistance"":0.22,""slow"":0.27,""suppress"":0.84}",400,127624,127224,1
30,29,381052,hourglass_detour,4,apex_bulwark,Apex Bulwark,Braced Gatekeeper,527728,32983,16.0,37.0,31.0,31.0,2233.107,51172.5806,1586350,3.006,over_band,aegis;fortified,block;armor;crit_negation,"{""armor"":120.0,""block"":10.0,""crit_negation"":0.61}",400,66134,65734,0
30,29,381053,braided_sideboard,4,void_regent,Void Regent,Nullifying Keeper,1516160,94760,16.0,37.0,55.0,55.0,2311.789,52486.7091,2886769,1.904,over_band,nullify;warded,absorb;poison_resistance;suppress,"{""absorb"":9.0,""poison_resistance"":0.42,""suppress"":0.46}",400,189645,189245,0
30,29,381054,braided_sideboard,4,chrono_tyrant,Chrono Tyrant,Arcane Enemy,650448,40653,16.0,37.0,31.0,31.0,2021.4473,40558.5806,1257316,1.933,over_band,devious;arcane,interrupt_skip_count;slow;cleanse_threshold;stun_duration_ms,"{""cleanse_threshold"":3.0,""interrupt_skip_count"":2.0,""slow"":0.59,""stun_duration_ms"":660.0}",400,81547,81147,1
30,29,381055,braided_sideboard,4,apex_bulwark,Apex Bulwark,Fortified Monster,645088,40318,16.0,37.0,39.0,39.0,2223.2337,50945.4103,1986871,3.08,over_band,aegis;fortified,block;armor;crit_negation,"{""armor"":120.0,""block"":11.0,""crit_negation"":0.7}",400,80814,80414,1
30,29,381056,split_spill_rejoin,4,plague_court,Plague Court,Withering Bloom,744944,46559,16.0,37.0,44.0,44.0,1846.759,36468.3864,1604609,2.154,over_band,spiteful;hexed,cleanse_threshold;slow;suppress;poison_resistance,"{""cleanse_threshold"":4.0,""poison_resistance"":0.31,""slow"":0.27,""suppress"":0.79}",400,93321,92921,1
30,29,381057,split_spill_rejoin,4,void_regent,Void Regent,Dimming Vessel,1371600,85725,16.0,37.0,53.0,53.0,2280.8445,51784.3774,2744572,2.001,over_band,nullify;warded,absorb;poison_resistance;suppress,"{""absorb"":8.0,""poison_resistance"":0.5,""suppress"":0.51}",400,171580,171180,0
30,29,381058,five_way_market,3,void_regent,Void Regent,Hollow Monster,1147616,71726,16.0,37.0,46.0,46.0,2306.488,52366.2174,2408846,2.099,over_band,nullify;warded,absorb;poison_resistance;suppress,"{""absorb"":13.0,""poison_resistance"":0.55,""suppress"":0.45}",400,143596,143196,0
30,29,381059,hourglass_detour,4,void_regent,Void Regent,Dimming Acolyte,1076128,67258,16.0,37.0,50.0,50.0,1858.02,42184.22,2109211,1.96,over_band,nullify;warded,absorb;poison_resistance;suppress,"{""absorb"":12.0,""poison_resistance"":0.52,""suppress"":0.32}",400,134644,134244,0
30,29,381060,five_way_market,3,void_regent,Void Regent,Nullifying Keeper,1052368,65773,16.0,37.0,45.0,45.0,2103.3511,47754.1111,2148935,2.042,over_band,nullify;warded,absorb;poison_resistance;suppress,"{""absorb"":9.0,""poison_resistance"":0.6,""suppress"":0.4}",400,131675,131275,0
30,29,381061,woven_boss_approach,3,chrono_tyrant,Chrono Tyrant,Devious Enemy,572288,35768,16.0,37.0,30.0,30.0,1968.5914,39497.4,1184922,2.0705,over_band,devious;arcane,stun_duration_ms;interrupt_skip_count;cleanse_threshold;slow,"{""cleanse_threshold"":3.0,""interrupt_skip_count"":3.0,""slow"":0.52,""stun_duration_ms"":1025.0}",400,71811,71411,2
30,29,381062,woven_boss_approach,3,apex_bulwark,Apex Bulwark,Fortified Monster,520368,32523,16.0,37.0,38.0,38.0,1856.0903,42533.2368,1616263,3.106,over_band,aegis;fortified,block;armor;crit_negation,"{""armor"":120.0,""block"":12.0,""crit_negation"":0.71}",400,65228,64828,1
30,29,381063,hourglass_detour,4,void_regent,Void Regent,Warded Enemy,879712,54982,16.0,37.0,34.0,34.0,2338.481,53093.2059,1805169,2.052,over_band,nullify;warded,absorb;poison_resistance;suppress,"{""absorb"":15.0,""poison_resistance"":0.53,""suppress"":0.36}",400,110106,109706,0
30,29,381064,elite_orbit,4,apex_bulwark,Apex Bulwark,Shielded Threat,541216,33826,16.0,37.0,35.0,35.0,2110.7801,48369.2571,1692924,3.128,over_band,aegis;fortified,block;armor;crit_negation,"{""armor"":120.0,""block"":14.0,""crit_negation"":0.68}",400,67837,67437,1
30,29,381065,hourglass_detour,4,void_regent,Void Regent,Hollow Vessel,1293648,80853,16.0,37.0,51.0,51.0,2308.1983,52405.4314,2672677,2.066,over_band,nullify;warded,absorb;poison_resistance;suppress,"{""absorb"":14.0,""poison_resistance"":0.59,""suppress"":0.32}",400,161845,161445,0
30,29,381066,split_spill_rejoin,4,chrono_tyrant,Chrono Tyrant,Arcane Monster,839056,52441,16.0,37.0,38.0,38.0,2272.5478,45596.0789,1732651,2.065,over_band,devious;arcane,cleanse_threshold;slow;stun_duration_ms;interrupt_skip_count,"{""cleanse_threshold"":3.0,""interrupt_skip_count"":3.0,""slow"":0.53,""stun_duration_ms"":996.0}",400,105156,104756,2
30,29,381067,woven_boss_approach,3,void_regent,Void Regent,Hollow Monster,764384,47774,16.0,37.0,37.0,37.0,1929.9701,43817.7838,1621258,2.121,over_band,nullify;warded,absorb;poison_resistance;suppress,"{""absorb"":15.0,""poison_resistance"":0.55,""suppress"":0.43}",400,95697,95297,0
30,29,381068,split_spill_rejoin,4,chrono_tyrant,Chrono Tyrant,Arcane Monster,814160,50885,16.0,37.0,37.0,37.0,2156.106,43260.5135,1600639,1.966,over_band,devious;arcane,cleanse_threshold;interrupt_skip_count;stun_duration_ms;slow,"{""cleanse_threshold"":3.0,""interrupt_skip_count"":2.0,""slow"":0.41,""stun_duration_ms"":1050.0}",400,102018,101618,1
30,29,381069,braided_sideboard,4,void_regent,Void Regent,Hollow Enemy,780608,48788,16.0,37.0,35.0,35.0,1867.4331,42398.1714,1483936,1.901,over_band,nullify;warded,absorb;poison_resistance;suppress,"{""absorb"":8.0,""poison_resistance"":0.4,""suppress"":0.51}",400,97701,97301,0
30,29,381070,elite_orbit,4,void_regent,Void Regent,Hollow Vessel,1095648,68478,16.0,37.0,55.0,55.0,1869.763,42451.3818,2334826,2.131,over_band,nullify;warded,absorb;poison_resistance;suppress,"{""absorb"":14.0,""poison_resistance"":0.55,""suppress"":0.47}",400,137105,136705,0
30,29,381071,braided_sideboard,4,plague_court,Plague Court,Withering Threat,880208,55013,16.0,37.0,46.0,46.0,2062.0341,40719.1957,1873083,2.128,over_band,spiteful;hexed,cleanse_threshold;poison_resistance;slow;suppress,"{""cleanse_threshold"":3.0,""poison_resistance"":0.35,""slow"":0.28,""suppress"":0.7}",400,110231,109831,1
30,29,381072,woven_boss_approach,3,chrono_tyrant,Chrono Tyrant,Arcane Threat,1046256,65391,16.0,37.0,53.0,53.0,1923.4951,38593.0189,2045430,1.955,over_band,devious;arcane,cleanse_threshold;stun_duration_ms;interrupt_skip_count;slow,"{""cleanse_threshold"":3.0,""interrupt_skip_count"":2.0,""slow"":0.57,""stun_duration_ms"":740.0}",400,131025,130625,0
30,29,381073,woven_boss_approach,3,apex_bulwark,Apex Bulwark,Shielded Enemy,536256,33516,16.0,37.0,35.0,35.0,2029.9145,46516.3714,1628073,3.036,over_band,aegis;fortified,block;armor;crit_negation,"{""armor"":120.0,""block"":10.0,""crit_negation"":0.66}",400,67204,66804,0
30,29,381074,five_way_market,3,apex_bulwark,Apex Bulwark,Shielded Guard,819792,51237,16.0,37.0,53.0,53.0,2126.2511,48723.4906,2582345,3.15,over_band,aegis;fortified,block;armor;crit_negation,"{""armor"":120.0,""block"":13.0,""crit_negation"":0.75}",400,102662,102262,1
30,29,381075,elite_orbit,4,apex_bulwark,Apex Bulwark,Fortified Monster,565440,35340,16.0,37.0,32.0,32.0,2334.887,53504.75,1712152,3.028,over_band,aegis;fortified,block;armor;crit_negation,"{""armor"":120.0,""block"":12.0,""crit_negation"":0.58}",400,70851,70451,0
30,29,381076,woven_boss_approach,3,apex_bulwark,Apex Bulwark,Shielded Monster,826400,51650,16.0,37.0,50.0,50.0,2155.1648,49385.66,2469283,2.988,over_band,aegis;fortified,block;armor;crit_negation,"{""armor"":120.0,""block"":10.0,""crit_negation"":0.58}",400,103465,103065,0
30,29,381077,hourglass_detour,4,void_regent,Void Regent,Dimming Monster,887744,55484,16.0,37.0,39.0,39.0,1884.8527,42793.8205,1668959,1.88,over_band,nullify;warded,absorb;poison_resistance;suppress,"{""absorb"":9.0,""poison_resistance"":0.41,""suppress"":0.44}",400,111090,110690,0
30,29,381078,split_spill_rejoin,4,plague_court,Plague Court,Bitter Threat,721392,45087,16.0,37.0,35.0,35.0,2199.2063,43427.8,1519973,2.107,over_band,spiteful;hexed,cleanse_threshold;suppress;slow;poison_resistance,"{""cleanse_threshold"":3.0,""poison_resistance"":0.25,""slow"":0.29,""suppress"":0.8}",400,90382,89982,1
30,29,381079,split_spill_rejoin,4,void_regent,Void Regent,Nullifying Enemy,1269392,79337,16.0,37.0,60.0,60.0,1931.7151,43857.5,2631450,2.073,over_band,nullify;warded,absorb;poison_resistance;suppress,"{""absorb"":13.0,""poison_resistance"":0.51,""suppress"":0.47}",400,158818,158418,0
30,29,381080,split_spill_rejoin,4,apex_bulwark,Apex Bulwark,Bulwark Guard,465872,29117,16.0,37.0,35.0,35.0,1811.1259,41502.5429,1452589,3.118,over_band,aegis;fortified,block;armor;crit_negation,"{""armor"":120.0,""block"":12.0,""crit_negation"":0.73}",400,58417,58017,1